solid WRAP
facet normal -0.176894964033 -0.666587791944 -0.724133197230
outer loop
vertex 280.326599121094 135.855804443359 231.418594360352
vertex 277.854705810547 134.751602172852 233.038894653320
vertex 276.614196777344 136.514099121094 231.719497680664
endloop
endfacet
facet normal -0.411357674561 -0.629047291146 -0.659609254848
outer loop
vertex 269.911499023438 142.690307617188 228.617706298828
vertex 268.287811279297 141.445007324219 230.817901611328
vertex 267.524597167969 143.819396972656 229.029495239258
endloop
endfacet
facet normal -0.899909049795 -0.360282259589 0.245683527168
outer loop
vertex 226.854995727539 207.438507080078 240.613998413086
vertex 225.455200195313 210.642700195313 240.185501098633
vertex 226.258407592773 207.486602783203 238.499298095703
endloop
endfacet
facet normal -0.815552957546 -0.445485575626 0.369345333458
outer loop
vertex 225.544097900391 202.173004150391 230.184097290039
vertex 226.731994628906 202.765304565430 233.521499633789
vertex 224.849700927734 205.956695556641 233.214492797852
endloop
endfacet
facet normal -0.861807459009 -0.122982571920 0.492100793132
outer loop
vertex 221.554000854492 225.011795043945 242.114807128906
vertex 222.717803955078 230.263000488281 245.465301513672
vertex 219.968093872070 231.126998901367 240.865707397461
endloop
endfacet
facet normal -0.808063591524 -0.582883649213 -0.085322233527
outer loop
vertex 243.082504272461 171.873199462891 225.977005004883
vertex 239.690902709961 175.819305419922 231.139892578125
vertex 239.467605590820 176.880203247070 226.007095336914
endloop
endfacet
facet normal -0.810637476917 -0.585120110417 -0.022390565043
outer loop
vertex 243.082504272461 171.873199462891 225.977005004883
vertex 239.467605590820 176.880203247070 226.007095336914
vertex 241.102203369141 174.755599975586 222.348495483398
endloop
endfacet
facet normal -0.876223203341 -0.477474207990 0.065201829971
outer loop
vertex 235.439804077148 183.526199340820 227.389007568359
vertex 235.163604736328 184.524795532227 230.990005493164
vertex 233.433593750000 187.289306640625 227.985595703125
endloop
endfacet
facet normal -0.370155667821 -0.653466931668 -0.660277025798
outer loop
vertex 268.287811279297 141.445007324219 230.817901611328
vertex 271.519012451172 140.660995483398 229.782394409180
vertex 269.118896484375 138.943298339844 232.827896118164
endloop
endfacet
facet normal -0.804523594590 -0.262420478309 0.532801349766
outer loop
vertex 220.120498657227 221.589797973633 238.264801025391
vertex 221.554000854492 225.011795043945 242.114807128906
vertex 218.490295410156 226.043502807617 237.996795654297
endloop
endfacet
facet normal -0.664836859325 -0.508202653912 0.547468732477
outer loop
vertex 220.590103149414 206.160003662109 226.885498046875
vertex 219.996704101563 204.030807495117 224.188400268555
vertex 223.031005859375 202.725906372070 226.661895751953
endloop
endfacet
facet normal -0.833547195617 -0.393577702019 0.387679848783
outer loop
vertex 223.973297119141 215.540206909180 241.479598999023
vertex 221.517700195313 216.826293945313 237.505493164063
vertex 223.601196289063 213.013793945313 238.114700317383
endloop
endfacet
facet normal -0.350720727810 -0.628645921102 -0.694117624734
outer loop
vertex 268.686939577498 137.300927267158 234.533610069740
vertex 270.852996826172 136.971405029297 233.737594604492
vertex 270.204338598801 136.780258414100 234.238462776097
endloop
endfacet
facet normal -0.816326465686 -0.331668533001 -0.472871108906
outer loop
vertex 235.756500244141 166.921096801758 253.070404052734
vertex 232.453796386719 171.499298095703 255.560806274414
vertex 235.793701171875 168.900695800781 251.617706298828
endloop
endfacet
facet normal -0.950740784031 -0.249504756918 -0.183954716863
outer loop
vertex 232.052993774414 189.850799560547 246.427093505859
vertex 232.302795410156 191.249298095703 243.239196777344
vertex 234.223098754883 185.093093872070 241.664306640625
endloop
endfacet
facet normal -0.807514754960 -0.400149143691 -0.433359646628
outer loop
vertex 241.631106956000 159.578517079353 248.626634478569
vertex 240.383907468597 161.065990474318 249.577163182394
vertex 243.209701538086 158.732498168945 246.466293334961
endloop
endfacet
facet normal -0.378265858604 -0.588567341286 -0.714495223907
outer loop
vertex 270.204338598801 136.780258414100 234.238462776097
vertex 270.852996826172 136.971405029297 233.737594604492
vertex 270.968525513264 136.503040469791 234.062248314921
endloop
endfacet
facet normal -0.933167341650 -0.251705244053 -0.256599264600
outer loop
vertex 235.653503417969 180.518493652344 241.628005981445
vertex 234.404006958008 181.110397338867 245.591400146484
vertex 233.236602783203 185.154693603516 245.869705200195
endloop
endfacet
facet normal -0.956105806080 0.162847888440 -0.243602653538
outer loop
vertex 224.022705078125 221.011795043945 267.412414550781
vertex 222.967895507813 221.715194702148 272.022613525391
vertex 223.740997314453 227.765792846680 273.033111572266
endloop
endfacet
facet normal -0.913963141407 -0.390244853311 -0.111266934056
outer loop
vertex 236.695404052734 181.118499755859 233.895095825195
vertex 237.725006103516 177.881607055664 236.790496826172
vertex 235.453704833984 182.610992431641 238.860000610352
endloop
endfacet
facet normal -0.892427929431 -0.423376435221 -0.155964049930
outer loop
vertex 236.695404052734 181.118499755859 233.895095825195
vertex 239.690902709961 175.819305419922 231.139892578125
vertex 237.725006103516 177.881607055664 236.790496826172
endloop
endfacet
facet normal -0.733268733817 -0.421293427889 0.533693555913
outer loop
vertex 221.517700195313 216.826293945313 237.505493164063
vertex 219.064697265625 215.601699829102 233.168502807617
vertex 222.127593994141 212.554199218750 234.971099853516
endloop
endfacet
facet normal -0.612429349117 -0.507674110022 0.605968060507
outer loop
vertex 217.769104003906 212.876205444336 229.512603759766
vertex 215.402297973633 213.112701416016 227.318695068359
vertex 217.033203125000 210.728698730469 226.969696044922
endloop
endfacet
facet normal -0.637693451753 -0.487593905791 0.596321427275
outer loop
vertex 217.769104003906 212.876205444336 229.512603759766
vertex 217.033203125000 210.728698730469 226.969696044922
vertex 219.434295654297 209.280593872070 228.353302001953
endloop
endfacet
facet normal -0.187516689706 -0.684473823140 -0.704509103218
outer loop
vertex 277.261810302734 139.892105102539 228.181900024414
vertex 278.917205810547 138.091903686523 229.490295410156
vertex 276.311187744141 138.266799926758 230.014007568359
endloop
endfacet
facet normal -0.158279424333 -0.671609811675 -0.723800997992
outer loop
vertex 278.917205810547 138.091903686523 229.490295410156
vertex 277.261810302734 139.892105102539 228.181900024414
vertex 280.684600830078 140.094406127930 227.245697021484
endloop
endfacet
facet normal -0.127836139948 -0.687951610308 -0.714409198707
outer loop
vertex 278.917205810547 138.091903686523 229.490295410156
vertex 280.684600830078 140.094406127930 227.245697021484
vertex 282.553497314453 138.026702880859 228.902404785156
endloop
endfacet
facet normal -0.158633892738 -0.670407613611 -0.724837167705
outer loop
vertex 280.684600830078 140.094406127930 227.245697021484
vertex 277.261810302734 139.892105102539 228.181900024414
vertex 278.485198974609 142.108596801758 225.864105224609
endloop
endfacet
facet normal -0.116108836904 -0.644920974641 -0.755377835564
outer loop
vertex 280.684600830078 140.094406127930 227.245697021484
vertex 278.485198974609 142.108596801758 225.864105224609
vertex 282.272399902344 142.342697143555 225.082107543945
endloop
endfacet
facet normal -0.678148459279 -0.490515512301 0.547274336481
outer loop
vertex 217.769104003906 212.876205444336 229.512603759766
vertex 219.434295654297 209.280593872070 228.353302001953
vertex 220.671798706055 211.092803955078 231.511001586914
endloop
endfacet
facet normal -0.716759502370 -0.537148967243 0.444664820682
outer loop
vertex 223.031005859375 202.725906372070 226.661895751953
vertex 224.953094482422 198.938995361328 225.185592651367
vertex 225.152694702148 200.511093139648 227.406402587891
endloop
endfacet
facet normal -0.904221997520 -0.341398249337 0.256573214795
outer loop
vertex 223.973297119141 215.540206909180 241.479598999023
vertex 225.455200195313 210.642700195313 240.185501098633
vertex 225.637603759766 212.375793457031 243.134399414063
endloop
endfacet
facet normal -0.968069658676 -0.202362441192 0.147954649624
outer loop
vertex 225.013198852539 218.513595581055 248.560806274414
vertex 225.224594116211 215.252899169922 245.484207153320
vertex 226.188598632813 213.316192626953 249.142807006836
endloop
endfacet
facet normal -0.739382303592 -0.548771477701 0.390081625301
outer loop
vertex 224.953094482422 198.938995361328 225.185592651367
vertex 227.043304443359 195.544799804688 224.372497558594
vertex 227.025207519531 197.971206665039 227.751693725586
endloop
endfacet
facet normal -0.677302694399 -0.538987735161 0.500752714927
outer loop
vertex 224.953094482422 198.938995361328 225.185592651367
vertex 223.031005859375 202.725906372070 226.661895751953
vertex 222.470993041992 200.144104003906 223.125503540039
endloop
endfacet
facet normal -0.655926966188 -0.362275647348 0.662205534835
outer loop
vertex 214.841400146484 221.771606445313 232.413192749023
vertex 217.121002197266 219.233398437500 233.282592773438
vertex 217.534698486328 222.305801391602 235.373199462891
endloop
endfacet
facet normal -0.939440264224 -0.287369783586 0.186736706186
outer loop
vertex 225.224594116211 215.252899169922 245.484207153320
vertex 225.637603759766 212.375793457031 243.134399414063
vertex 226.469406127930 211.159896850586 245.447906494141
endloop
endfacet
facet normal -0.869137961163 -0.490467980605 -0.063563861324
outer loop
vertex 239.467605590820 176.880203247070 226.007095336914
vertex 239.690902709961 175.819305419922 231.139892578125
vertex 237.276794433594 180.365798950195 229.067703247070
endloop
endfacet
facet normal -0.872345669143 -0.487502024448 0.036807739479
outer loop
vertex 237.276794433594 180.365798950195 229.067703247070
vertex 235.439804077148 183.526199340820 227.389007568359
vertex 236.920394897461 180.691894531250 224.940002441406
endloop
endfacet
facet normal -0.741067845417 -0.341387209504 0.578163663401
outer loop
vertex 220.120498657227 221.589797973633 238.264801025391
vertex 217.534698486328 222.305801391602 235.373199462891
vertex 219.113296508789 219.161193847656 235.539794921875
endloop
endfacet
facet normal -0.098537354362 -0.619892617982 -0.778475132530
outer loop
vertex 282.672210693359 144.678298950195 223.069793701172
vertex 280.102111816406 143.715103149414 224.162094116211
vertex 279.050201416016 145.600906372070 222.793594360352
endloop
endfacet
facet normal -0.110620329764 -0.668155187649 -0.735752531671
outer loop
vertex 282.272399902344 142.342697143555 225.082107543945
vertex 278.485198974609 142.108596801758 225.864105224609
vertex 280.102111816406 143.715103149414 224.162094116211
endloop
endfacet
facet normal -0.107193073287 -0.682619882057 -0.722869104098
outer loop
vertex 283.000281586322 134.145713701581 232.636991570893
vertex 282.486323073858 134.186003312807 232.675159342448
vertex 284.444610595703 135.908905029297 230.757797241211
endloop
endfacet
facet normal -0.906244559832 -0.210640307975 0.366539845625
outer loop
vertex 221.554000854492 225.011795043945 242.114807128906
vertex 222.233901977539 219.927307128906 240.873901367188
vertex 223.716293334961 220.450897216797 244.839904785156
endloop
endfacet
facet normal 0.586751433309 -0.750772118438 0.303420470119
outer loop
vertex 335.715515136719 173.740295410156 204.761901855469
vertex 332.839904785156 172.076095581055 206.204895019531
vertex 331.825408935547 170.311996459961 203.801696777344
endloop
endfacet
facet normal -0.596684189249 -0.542371137334 -0.591440214804
outer loop
vertex 260.052703857422 149.134994506836 230.446792602539
vertex 257.283508300781 153.224197387695 229.490600585938
vertex 261.447387695313 151.101699829102 227.236206054688
endloop
endfacet
facet normal -0.630684407525 -0.541158426489 -0.556223638067
outer loop
vertex 260.052703857422 149.134994506836 230.446792602539
vertex 258.848510742188 146.514404296875 234.361801147461
vertex 257.021301269531 150.685897827148 232.375106811523
endloop
endfacet
facet normal -0.768264136475 -0.484484315085 -0.418383992336
outer loop
vertex 249.870895385742 158.683807373047 234.122497558594
vertex 247.359405517578 158.699401855469 238.716201782227
vertex 245.336898803711 163.333694458008 237.063598632813
endloop
endfacet
facet normal -0.798002673567 -0.531947488512 -0.283237713671
outer loop
vertex 244.789993286133 167.268203735352 232.143493652344
vertex 246.895294189453 163.369705200195 233.533706665039
vertex 243.187606811523 167.546997070313 236.134506225586
endloop
endfacet
facet normal -0.660795912874 -0.369740972701 0.653177138788
outer loop
vertex 217.121002197266 219.233398437500 233.282592773438
vertex 214.841400146484 221.771606445313 232.413192749023
vertex 214.884094238281 217.079406738281 229.800292968750
endloop
endfacet
facet normal -0.985506683993 -0.169176104796 -0.012490851524
outer loop
vertex 226.188598632813 213.316192626953 249.142807006836
vertex 225.713302612305 215.802795410156 252.964294433594
vertex 225.427505493164 217.601303100586 251.154205322266
endloop
endfacet
facet normal -0.854750362015 -0.278412224278 0.438050741363
outer loop
vertex 221.517700195313 216.826293945313 237.505493164063
vertex 223.973297119141 215.540206909180 241.479598999023
vertex 222.233901977539 219.927307128906 240.873901367188
endloop
endfacet
facet normal -0.637410446037 -0.508415781650 0.578983001696
outer loop
vertex 220.590103149414 206.160003662109 226.885498046875
vertex 219.434295654297 209.280593872070 228.353302001953
vertex 218.000595092773 207.776794433594 225.454406738281
endloop
endfacet
facet normal -0.855604230798 -0.433328088226 -0.283139838586
outer loop
vertex 241.936096191406 167.697097778320 239.266296386719
vertex 238.860397338867 171.258804321289 243.109603881836
vertex 239.828704833984 171.809906005859 239.340103149414
endloop
endfacet
facet normal -0.855337453769 -0.396088412644 0.333933840077
outer loop
vertex 226.258407592773 207.486602783203 238.499298095703
vertex 225.455200195313 210.642700195313 240.185501098633
vertex 224.611801147461 209.227493286133 236.346603393555
endloop
endfacet
facet normal -0.684583835740 -0.519861866274 0.510968308055
outer loop
vertex 220.590103149414 206.160003662109 226.885498046875
vertex 223.031005859375 202.725906372070 226.661895751953
vertex 222.467300415039 206.716003417969 229.966201782227
endloop
endfacet
facet normal -0.677417967626 -0.454167478668 0.578650843305
outer loop
vertex 219.064697265625 215.601699829102 233.168502807617
vertex 217.769104003906 212.876205444336 229.512603759766
vertex 220.671798706055 211.092803955078 231.511001586914
endloop
endfacet
facet normal -0.646343297322 -0.484014806891 0.589889827609
outer loop
vertex 217.769104003906 212.876205444336 229.512603759766
vertex 219.064697265625 215.601699829102 233.168502807617
vertex 214.884094238281 217.079406738281 229.800292968750
endloop
endfacet
facet normal -0.760136415108 -0.504785345214 0.409126368844
outer loop
vertex 225.544097900391 202.173004150391 230.184097290039
vertex 225.152694702148 200.511093139648 227.406402587891
vertex 227.025207519531 197.971206665039 227.751693725586
endloop
endfacet
facet normal -0.756177444217 -0.500117411795 0.421993183923
outer loop
vertex 225.152694702148 200.511093139648 227.406402587891
vertex 224.953094482422 198.938995361328 225.185592651367
vertex 227.025207519531 197.971206665039 227.751693725586
endloop
endfacet
facet normal -0.767374787679 -0.543562414195 0.340111506876
outer loop
vertex 228.820602416992 194.291305541992 226.379196166992
vertex 227.043304443359 195.544799804688 224.372497558594
vertex 229.197494506836 192.001800537109 223.570495605469
endloop
endfacet
facet normal -0.877282144012 -0.475607504678 0.064602951111
outer loop
vertex 235.163604736328 184.524795532227 230.990005493164
vertex 235.439804077148 183.526199340820 227.389007568359
vertex 237.276794433594 180.365798950195 229.067703247070
endloop
endfacet
facet normal -0.838462258073 -0.533607697147 0.110652010068
outer loop
vertex 236.920394897461 180.691894531250 224.940002441406
vertex 235.439804077148 183.526199340820 227.389007568359
vertex 234.201599121094 184.790603637695 224.104003906250
endloop
endfacet
facet normal -0.569372406639 -0.542178594696 -0.617946141675
outer loop
vertex 261.965698242188 146.295501708984 231.175506591797
vertex 260.052703857422 149.134994506836 230.446792602539
vertex 263.341491699219 147.852798461914 228.541503906250
endloop
endfacet
facet normal -0.566864958788 -0.569598445895 -0.595165295470
outer loop
vertex 260.052703857422 149.134994506836 230.446792602539
vertex 261.447387695313 151.101699829102 227.236206054688
vertex 263.341491699219 147.852798461914 228.541503906250
endloop
endfacet
facet normal -0.835292291095 -0.411610371391 -0.364504719586
outer loop
vertex 239.910293579102 167.501800537109 244.511505126953
vertex 242.722396850586 164.956298828125 240.941802978516
vertex 242.868606567383 162.079696655273 243.855102539063
endloop
endfacet
facet normal -0.824538515248 -0.531822656587 -0.193134406085
outer loop
vertex 242.756698608398 170.969604492188 230.631805419922
vertex 244.789993286133 167.268203735352 232.143493652344
vertex 240.795700073242 172.366806030273 235.156402587891
endloop
endfacet
facet normal -0.954169706376 -0.074107532953 0.289945244821
outer loop
vertex 222.717803955078 230.263000488281 245.465301513672
vertex 223.309600830078 225.470901489258 246.188003540039
vertex 224.082305908203 228.329498291016 249.461502075195
endloop
endfacet
facet normal -0.611345950750 -0.559509394377 -0.559647537389
outer loop
vertex 258.848510742188 146.514404296875 234.361801147461
vertex 261.965698242188 146.295501708984 231.175506591797
vertex 262.678314208984 143.586593627930 233.105300903320
endloop
endfacet
facet normal -0.612601619133 -0.556705755971 -0.561068585384
outer loop
vertex 258.848510742188 146.514404296875 234.361801147461
vertex 260.052703857422 149.134994506836 230.446792602539
vertex 261.965698242188 146.295501708984 231.175506591797
endloop
endfacet
facet normal -0.714019415349 -0.325602735478 0.619805722105
outer loop
vertex 217.534698486328 222.305801391602 235.373199462891
vertex 217.121002197266 219.233398437500 233.282592773438
vertex 219.113296508789 219.161193847656 235.539794921875
endloop
endfacet
facet normal -0.696078778171 -0.391450864030 0.601864233552
outer loop
vertex 217.121002197266 219.233398437500 233.282592773438
vertex 219.064697265625 215.601699829102 233.168502807617
vertex 219.113296508789 219.161193847656 235.539794921875
endloop
endfacet
facet normal -0.658484404566 -0.372958118350 0.653682285901
outer loop
vertex 219.064697265625 215.601699829102 233.168502807617
vertex 217.121002197266 219.233398437500 233.282592773438
vertex 214.884094238281 217.079406738281 229.800292968750
endloop
endfacet
facet normal -0.696492276506 -0.500037283704 0.514646697913
outer loop
vertex 219.434295654297 209.280593872070 228.353302001953
vertex 220.590103149414 206.160003662109 226.885498046875
vertex 222.467300415039 206.716003417969 229.966201782227
endloop
endfacet
facet normal -0.952822616229 -0.078270262561 0.293262387636
outer loop
vertex 224.082305908203 228.329498291016 249.461502075195
vertex 223.309600830078 225.470901489258 246.188003540039
vertex 224.313796997070 223.219894409180 248.849899291992
endloop
endfacet
facet normal -0.809796053402 -0.091639573822 0.579510604221
outer loop
vertex 221.554000854492 225.011795043945 242.114807128906
vertex 219.968093872070 231.126998901367 240.865707397461
vertex 218.490295410156 226.043502807617 237.996795654297
endloop
endfacet
facet normal -0.914889578476 -0.052619939597 0.400260166832
outer loop
vertex 222.717803955078 230.263000488281 245.465301513672
vertex 221.554000854492 225.011795043945 242.114807128906
vertex 223.309600830078 225.470901489258 246.188003540039
endloop
endfacet
facet normal -0.988182655532 -0.061571637027 0.140370840348
outer loop
vertex 224.082305908203 228.329498291016 249.461502075195
vertex 224.313796997070 223.219894409180 248.849899291992
vertex 224.660507202148 225.351104736328 252.225494384766
endloop
endfacet
facet normal -0.775130404908 -0.575825300924 -0.259996304209
outer loop
vertex 247.921295166016 163.751998901367 230.595596313477
vertex 244.789993286133 167.268203735352 232.143493652344
vertex 246.716598510742 165.716094970703 229.837203979492
endloop
endfacet
facet normal -0.823545430736 -0.360105985572 -0.438288264352
outer loop
vertex 238.321502685547 167.442199707031 247.993194580078
vertex 242.868606567383 162.079696655273 243.855102539063
vertex 240.393905639648 163.074905395508 247.687393188477
endloop
endfacet
facet normal -0.629795242265 -0.553846048014 -0.544621435420
outer loop
vertex 257.283508300781 153.224197387695 229.490600585938
vertex 260.052703857422 149.134994506836 230.446792602539
vertex 257.021301269531 150.685897827148 232.375106811523
endloop
endfacet
facet normal -0.709222438006 -0.569098807499 -0.416089029814
outer loop
vertex 249.870895385742 158.683807373047 234.122497558594
vertex 250.231292724609 160.548202514648 230.958206176758
vertex 253.360794067383 156.981994628906 230.501602172852
endloop
endfacet
facet normal -0.719982957356 -0.499140313680 -0.482165415990
outer loop
vertex 251.542205810547 150.573501586914 240.259292602539
vertex 251.283096313477 152.979202270508 238.155807495117
vertex 254.778396606445 148.293594360352 237.787094116211
endloop
endfacet
facet normal -0.959862620911 -0.142617362709 0.241503699417
outer loop
vertex 223.309600830078 225.470901489258 246.188003540039
vertex 223.716293334961 220.450897216797 244.839904785156
vertex 224.313796997070 223.219894409180 248.849899291992
endloop
endfacet
facet normal -0.895438166848 -0.181686630721 0.406423987442
outer loop
vertex 221.554000854492 225.011795043945 242.114807128906
vertex 223.716293334961 220.450897216797 244.839904785156
vertex 223.309600830078 225.470901489258 246.188003540039
endloop
endfacet
facet normal -0.880501300114 -0.298226996011 0.368480826295
outer loop
vertex 222.233901977539 219.927307128906 240.873901367188
vertex 223.973297119141 215.540206909180 241.479598999023
vertex 223.716293334961 220.450897216797 244.839904785156
endloop
endfacet
facet normal -0.764822884905 -0.314002239167 0.562537597431
outer loop
vertex 221.517700195313 216.826293945313 237.505493164063
vertex 220.120498657227 221.589797973633 238.264801025391
vertex 219.113296508789 219.161193847656 235.539794921875
endloop
endfacet
facet normal -0.876907809261 -0.479669520168 -0.030819563256
outer loop
vertex 239.690902709961 175.819305419922 231.139892578125
vertex 236.695404052734 181.118499755859 233.895095825195
vertex 237.276794433594 180.365798950195 229.067703247070
endloop
endfacet
facet normal -0.633384610336 -0.217688925927 0.742587009662
outer loop
vertex 212.545898437500 229.182403564453 233.191192626953
vertex 211.998199462891 224.885498046875 231.464401245117
vertex 215.304794311523 225.775695800781 234.545700073242
endloop
endfacet
facet normal 0.351826128695 0.157722084343 0.922682025011
outer loop
vertex 389.978698730469 236.948806762695 221.655303955078
vertex 389.082092285156 240.124099731445 221.454406738281
vertex 385.264801025391 238.586502075195 223.172805786133
endloop
endfacet
facet normal 0.360366540672 0.291723916453 0.886020943846
outer loop
vertex 389.082092285156 240.124099731445 221.454406738281
vertex 395.659790039063 238.009002685547 219.475494384766
vertex 390.080596923828 244.021697998047 219.764999389648
endloop
endfacet
facet normal -0.601685355156 -0.327393595510 0.728552103154
outer loop
vertex 214.841400146484 221.771606445313 232.413192749023
vertex 211.998199462891 224.885498046875 231.464401245117
vertex 212.049392700195 221.090499877930 229.801300048828
endloop
endfacet
facet normal -0.762969629677 -0.639868958590 -0.091897007702
outer loop
vertex 243.082504272461 171.873199462891 225.977005004883
vertex 241.102203369141 174.755599975586 222.348495483398
vertex 243.751998901367 171.723098754883 221.463699340820
endloop
endfacet
facet normal -0.790156023715 -0.547106354328 0.276275397459
outer loop
vertex 229.197494506836 192.001800537109 223.570495605469
vertex 231.571792602539 188.345901489258 223.121307373047
vertex 231.052505493164 190.833297729492 226.561904907227
endloop
endfacet
facet normal -0.903924403158 -0.054290399440 -0.424232513964
outer loop
vertex 227.825393676758 190.820404052734 258.506805419922
vertex 225.921096801758 193.791595458984 262.184112548828
vertex 226.773193359375 196.104705810547 260.072509765625
endloop
endfacet
facet normal -0.669313758731 -0.531343818179 -0.519319592599
outer loop
vertex 258.848510742188 146.514404296875 234.361801147461
vertex 254.778396606445 148.293594360352 237.787094116211
vertex 254.633895874023 151.101806640625 235.100097656250
endloop
endfacet
facet normal -0.638949583675 -0.529167440020 0.558323606830
outer loop
vertex 219.996704101563 204.030807495117 224.188400268555
vertex 220.590103149414 206.160003662109 226.885498046875
vertex 218.000595092773 207.776794433594 225.454406738281
endloop
endfacet
facet normal -0.858499631356 -0.470179540177 0.204718301479
outer loop
vertex 231.052505493164 190.833297729492 226.561904907227
vertex 231.891906738281 190.808395385742 230.024795532227
vertex 229.690994262695 194.776702880859 229.909194946289
endloop
endfacet
facet normal -0.775596765463 -0.514699784160 0.365422754613
outer loop
vertex 227.025207519531 197.971206665039 227.751693725586
vertex 227.043304443359 195.544799804688 224.372497558594
vertex 228.820602416992 194.291305541992 226.379196166992
endloop
endfacet
facet normal -0.815136949376 -0.511776364677 0.271360841538
outer loop
vertex 228.820602416992 194.291305541992 226.379196166992
vertex 231.052505493164 190.833297729492 226.561904907227
vertex 229.690994262695 194.776702880859 229.909194946289
endloop
endfacet
facet normal -0.865967823929 -0.475799143870 0.153996437013
outer loop
vertex 229.690994262695 194.776702880859 229.909194946289
vertex 231.891906738281 190.808395385742 230.024795532227
vertex 231.646804809570 192.534103393555 233.978393554688
endloop
endfacet
facet normal -0.887777203804 -0.439477071231 0.136790132199
outer loop
vertex 231.646804809570 192.534103393555 233.978393554688
vertex 231.891906738281 190.808395385742 230.024795532227
vertex 233.354095458984 188.390304565430 231.745697021484
endloop
endfacet
facet normal -0.753783091802 -0.489479728551 0.438429750189
outer loop
vertex 225.544097900391 202.173004150391 230.184097290039
vertex 224.849700927734 205.956695556641 233.214492797852
vertex 222.467300415039 206.716003417969 229.966201782227
endloop
endfacet
facet normal -0.673454616940 -0.536958853191 -0.508068960773
outer loop
vertex 257.021301269531 150.685897827148 232.375106811523
vertex 258.848510742188 146.514404296875 234.361801147461
vertex 254.633895874023 151.101806640625 235.100097656250
endloop
endfacet
facet normal -0.891776691803 -0.402435681244 0.206832914254
outer loop
vertex 229.690994262695 194.776702880859 229.909194946289
vertex 231.646804809570 192.534103393555 233.978393554688
vertex 229.311798095703 197.551300048828 233.672805786133
endloop
endfacet
facet normal -0.948384843241 0.123379024792 -0.292136621039
outer loop
vertex 220.960006713867 215.537704467773 276.037292480469
vertex 220.886093139648 219.644302368164 278.011596679688
vertex 221.912094116211 219.136398315430 274.466308593750
endloop
endfacet
facet normal -0.876766479761 -0.283308492507 -0.388608849669
outer loop
vertex 236.620697021484 172.365707397461 247.552398681641
vertex 233.815002441406 176.783096313477 250.662094116211
vertex 234.516204833984 178.397506713867 247.903106689453
endloop
endfacet
facet normal 0.313004219861 0.021112609378 0.949517043593
outer loop
vertex 389.978698730469 236.948806762695 221.655303955078
vertex 385.264801025391 238.586502075195 223.172805786133
vertex 386.724212646484 233.833801269531 222.797393798828
endloop
endfacet
facet normal 0.343136592467 0.275155606116 0.898079434868
outer loop
vertex 390.080596923828 244.021697998047 219.764999389648
vertex 395.659790039063 238.009002685547 219.475494384766
vertex 398.545898437500 242.312698364258 217.054199218750
endloop
endfacet
facet normal 0.351891810752 0.402849423962 0.844916856938
outer loop
vertex 398.545898437500 242.312698364258 217.054199218750
vertex 395.217925310135 244.385823607445 217.451787664458
vertex 391.384352504958 245.119958704757 218.698368279286
endloop
endfacet
facet normal 0.351891810752 0.402849423962 0.844916856938
outer loop
vertex 390.080596923828 244.021697998047 219.764999389648
vertex 398.545898437500 242.312698364258 217.054199218750
vertex 391.384352504958 245.119958704757 218.698368279286
endloop
endfacet
facet normal -0.758731422365 -0.476978674310 -0.443641716894
outer loop
vertex 251.283096313477 152.979202270508 238.155807495117
vertex 247.359405517578 158.699401855469 238.716201782227
vertex 251.491302490234 154.951705932617 235.679000854492
endloop
endfacet
facet normal -0.968506205422 0.010399140353 -0.248772160699
outer loop
vertex 223.187606811523 216.517105102539 269.514709472656
vertex 224.342895507813 214.002700805664 264.911895751953
vertex 223.853805541992 210.340393066406 266.662902832031
endloop
endfacet
facet normal 0.340051000280 0.186002001229 0.921828928136
outer loop
vertex 385.264801025391 238.586502075195 223.172805786133
vertex 389.082092285156 240.124099731445 221.454406738281
vertex 384.323394775391 242.543304443359 222.721694946289
endloop
endfacet
facet normal 0.379135643316 0.284527451163 0.880511381813
outer loop
vertex 389.082092285156 240.124099731445 221.454406738281
vertex 390.080596923828 244.021697998047 219.764999389648
vertex 384.323394775391 242.543304443359 222.721694946289
endloop
endfacet
facet normal -0.938393367397 0.272726158791 -0.212222360593
outer loop
vertex 223.740997314453 227.765792846680 273.033111572266
vertex 222.625396728516 228.742202758789 279.220794677734
vertex 224.497100830078 234.172607421875 277.923187255859
endloop
endfacet
facet normal -0.970121111763 0.208799798262 -0.123562424533
outer loop
vertex 223.740997314453 227.765792846680 273.033111572266
vertex 224.497100830078 234.172607421875 277.923187255859
vertex 224.878295898438 233.506195068359 273.804199218750
endloop
endfacet
facet normal -0.946869104190 0.166898755072 -0.274924908087
outer loop
vertex 223.740997314453 227.765792846680 273.033111572266
vertex 222.967895507813 221.715194702148 272.022613525391
vertex 222.388702392578 224.157394409180 275.500000000000
endloop
endfacet
facet normal 0.135907408119 -0.625873240830 0.767992098157
outer loop
vertex 346.501800537109 156.874694824219 183.869400024414
vertex 346.652313232422 162.150299072266 188.142105102539
vertex 340.425292968750 156.983505249023 185.033401489258
endloop
endfacet
facet normal 0.208685133579 -0.605948138455 0.767644037641
outer loop
vertex 341.767211914063 162.656692504883 189.396606445313
vertex 344.210601806641 168.194503784180 193.103698730469
vertex 338.257110595703 164.357894897461 191.693695068359
endloop
endfacet
facet normal 0.207250741535 -0.604332528481 0.769304442437
outer loop
vertex 338.257110595703 164.357894897461 191.693695068359
vertex 344.210601806641 168.194503784180 193.103698730469
vertex 342.031188964844 168.811096191406 194.175201416016
endloop
endfacet
facet normal 0.291154429082 -0.641991707858 0.709278327222
outer loop
vertex 338.257110595703 164.357894897461 191.693695068359
vertex 342.031188964844 168.811096191406 194.175201416016
vertex 339.500305175781 169.027297973633 195.409805297852
endloop
endfacet
facet normal 0.439653801284 -0.709615904571 0.550590413099
outer loop
vertex 337.903991699219 173.552902221680 201.659500122070
vertex 334.980987548828 170.192596435547 199.662704467773
vertex 337.682891845703 170.879196166992 198.390106201172
endloop
endfacet
facet normal 0.525134234315 -0.742803153983 0.415304117945
outer loop
vertex 337.903991699219 173.552902221680 201.659500122070
vertex 335.715515136719 173.740295410156 204.761901855469
vertex 333.869812011719 170.675506591797 201.614105224609
endloop
endfacet
facet normal 0.551434942082 -0.735808196790 0.393072260772
outer loop
vertex 335.715515136719 173.740295410156 204.761901855469
vertex 331.825408935547 170.311996459961 203.801696777344
vertex 333.869812011719 170.675506591797 201.614105224609
endloop
endfacet
facet normal -0.661376815843 -0.554519767985 -0.505062901408
outer loop
vertex 253.360794067383 156.981994628906 230.501602172852
vertex 257.283508300781 153.224197387695 229.490600585938
vertex 254.009201049805 154.109405517578 232.806396484375
endloop
endfacet
facet normal 0.194956452098 -0.702788550142 0.684163895258
outer loop
vertex 352.388000488281 154.036605834961 179.754806518555
vertex 358.729614257813 156.882797241211 180.871398925781
vertex 356.045593261719 157.991104125977 182.774703979492
endloop
endfacet
facet normal 0.126491195838 -0.566402043025 0.814363986822
outer loop
vertex 355.737792968750 174.479202270508 195.537094116211
vertex 349.469909667969 172.241500854492 194.954299926758
vertex 348.289093017578 167.731597900391 192.001007080078
endloop
endfacet
facet normal 0.291975668978 -0.640117268632 0.710633584292
outer loop
vertex 339.500305175781 169.027297973633 195.409805297852
vertex 342.031188964844 168.811096191406 194.175201416016
vertex 347.026611328125 174.155807495117 196.937103271484
endloop
endfacet
facet normal -0.863389872528 0.058040908104 -0.501187770205
outer loop
vertex 222.048826772763 195.344267144893 269.439608790793
vertex 223.686599731445 190.975494384766 266.112304687500
vertex 222.635898172322 192.244008183479 268.069237470627
endloop
endfacet
facet normal -0.893764462177 0.089089612529 -0.439599962567
outer loop
vertex 221.700448953510 198.109149932861 270.609825849533
vertex 221.400300012984 201.243714403594 271.855320929536
vertex 222.274505615234 199.275100708008 269.678985595703
endloop
endfacet
facet normal -0.985539817992 -0.136085301319 -0.100955722554
outer loop
vertex 226.350494384766 210.443206787109 255.171401977539
vertex 225.735702514648 214.575393676758 255.602996826172
vertex 226.503295898438 211.284500122070 252.545700073242
endloop
endfacet
facet normal 0.483790343810 -0.744687556081 0.459768797390
outer loop
vertex 334.980987548828 170.192596435547 199.662704467773
vertex 333.869812011719 170.675506591797 201.614105224609
vertex 332.456512451172 168.516494750977 199.604293823242
endloop
endfacet
facet normal -0.991182791849 0.048084544874 0.123468820707
outer loop
vertex 224.943695068359 227.193603515625 255.339202880859
vertex 225.269195556641 231.347106933594 256.334686279297
vertex 224.777603149414 229.424606323242 253.136993408203
endloop
endfacet
facet normal -0.991019784660 0.091982234408 0.097051815878
outer loop
vertex 224.777603149414 229.424606323242 253.136993408203
vertex 225.269195556641 231.347106933594 256.334686279297
vertex 225.115798950195 232.324996948242 253.841506958008
endloop
endfacet
facet normal -0.995360589283 -0.002070246061 -0.096192574474
outer loop
vertex 225.177398681641 218.112197875977 258.774108886719
vertex 224.855804443359 216.672698974609 262.132812500000
vertex 224.797103881836 223.099792480469 262.601898193359
endloop
endfacet
facet normal -0.935514150291 0.099524268160 -0.338981112530
outer loop
vertex 220.960006713867 215.537704467773 276.037292480469
vertex 221.912094116211 219.136398315430 274.466308593750
vertex 222.341598510742 212.933807373047 271.459899902344
endloop
endfacet
facet normal -0.938470553141 0.176464468354 -0.296872552279
outer loop
vertex 221.912094116211 219.136398315430 274.466308593750
vertex 220.886093139648 219.644302368164 278.011596679688
vertex 221.441299438477 223.376602172852 278.475006103516
endloop
endfacet
facet normal -0.940801715395 0.079890292550 -0.329408065271
outer loop
vertex 220.960006713867 215.537704467773 276.037292480469
vertex 222.341598510742 212.933807373047 271.459899902344
vertex 221.267807006836 209.621597290039 273.723388671875
endloop
endfacet
facet normal -0.973462500558 0.206197801904 -0.099263419736
outer loop
vertex 223.740997314453 227.765792846680 273.033111572266
vertex 224.878295898438 233.506195068359 273.804199218750
vertex 224.795806884766 231.508407592773 270.463195800781
endloop
endfacet
facet normal -0.941334480304 0.240625396620 -0.236619556868
outer loop
vertex 222.625396728516 228.742202758789 279.220794677734
vertex 222.388702392578 224.157394409180 275.500000000000
vertex 221.441299438477 223.376602172852 278.475006103516
endloop
endfacet
facet normal -0.929538713860 -0.107764845888 -0.352625179797
outer loop
vertex 229.502304077148 190.472106933594 254.599792480469
vertex 226.773193359375 196.104705810547 260.072509765625
vertex 227.524993896484 198.435592651367 257.378387451172
endloop
endfacet
facet normal -0.996782507299 0.074567267325 -0.029399928345
outer loop
vertex 225.303604125977 230.422500610352 260.474914550781
vertex 225.029403686523 226.617294311523 260.120300292969
vertex 225.130905151367 229.462707519531 263.895812988281
endloop
endfacet
facet normal -0.949710198915 -0.148857378319 -0.275485061297
outer loop
vertex 227.524993896484 198.435592651367 257.378387451172
vertex 228.073394775391 200.824096679688 254.197204589844
vertex 229.258499145508 194.874893188477 253.326293945313
endloop
endfacet
facet normal -0.967414111248 -0.221957704936 -0.121838887793
outer loop
vertex 227.476394653320 207.846206665039 249.355804443359
vertex 228.646697998047 203.146102905273 248.625793457031
vertex 227.562393188477 205.777603149414 252.441406250000
endloop
endfacet
facet normal 0.129854947950 -0.737527522757 0.662714754377
outer loop
vertex 349.869110107422 137.120193481445 162.370895385742
vertex 355.757504537495 139.147042188856 163.472756403824
vertex 356.167375738820 139.510553480668 163.796992098912
endloop
endfacet
facet normal 0.153239049772 -0.740506979813 0.654344868149
outer loop
vertex 349.869110107422 137.120193481445 162.370895385742
vertex 351.615814208984 140.675506591797 165.985305786133
vertex 347.896209716797 139.113403320313 165.088592529297
endloop
endfacet
facet normal 0.151555015487 -0.738208882040 0.657326953470
outer loop
vertex 347.896209716797 139.113403320313 165.088592529297
vertex 351.615814208984 140.675506591797 165.985305786133
vertex 348.102691650391 142.228607177734 168.539505004883
endloop
endfacet
facet normal -0.709379127298 -0.544160605232 0.447962598291
outer loop
vertex 227.043304443359 195.544799804688 224.372497558594
vertex 224.953094482422 198.938995361328 225.185592651367
vertex 224.973007202148 196.377700805664 222.105804443359
endloop
endfacet
facet normal -0.864373098323 -0.482998646374 0.139898014625
outer loop
vertex 235.439804077148 183.526199340820 227.389007568359
vertex 233.433593750000 187.289306640625 227.985595703125
vertex 234.201599121094 184.790603637695 224.104003906250
endloop
endfacet
facet normal 0.133113219933 -0.623808856738 0.770158023353
outer loop
vertex 340.425292968750 156.983505249023 185.033401489258
vertex 346.652313232422 162.150299072266 188.142105102539
vertex 341.767211914063 162.656692504883 189.396606445313
endloop
endfacet
facet normal 0.345456653590 -0.678198677448 0.648618728066
outer loop
vertex 339.500305175781 169.027297973633 195.409805297852
vertex 334.373809814453 166.497192382813 195.494705200195
vertex 334.983886718750 164.574493408203 193.159393310547
endloop
endfacet
facet normal 0.348966544690 -0.685638393920 0.638844537794
outer loop
vertex 339.500305175781 169.027297973633 195.409805297852
vertex 337.682891845703 170.879196166992 198.390106201172
vertex 334.373809814453 166.497192382813 195.494705200195
endloop
endfacet
facet normal 0.412252915261 -0.698112283260 0.585394545431
outer loop
vertex 334.373809814453 166.497192382813 195.494705200195
vertex 337.682891845703 170.879196166992 198.390106201172
vertex 333.220214843750 167.725402832031 197.771804809570
endloop
endfacet
facet normal 0.436243100859 -0.722457510485 0.536420639513
outer loop
vertex 337.682891845703 170.879196166992 198.390106201172
vertex 334.980987548828 170.192596435547 199.662704467773
vertex 333.220214843750 167.725402832031 197.771804809570
endloop
endfacet
facet normal -0.973559571988 0.168403353495 -0.154343999956
outer loop
vertex 223.740997314453 227.765792846680 273.033111572266
vertex 224.795806884766 231.508407592773 270.463195800781
vertex 224.543792724609 227.343002319336 267.507995605469
endloop
endfacet
facet normal 0.026793967242 -0.843523512612 0.536423495935
outer loop
vertex 298.925415039063 116.815002441406 138.494003295898
vertex 306.498992919922 119.969596862793 143.076293945313
vertex 297.401092529297 121.490097045898 145.921707153320
endloop
endfacet
facet normal 0.035916680576 -0.841608808783 0.538892016117
outer loop
vertex 289.377899169922 123.781997680664 150.035797119141
vertex 297.401092529297 121.490097045898 145.921707153320
vertex 296.126312255859 128.560501098633 157.048797607422
endloop
endfacet
facet normal 0.060725384256 -0.851097167953 0.521484456537
outer loop
vertex 289.377899169922 123.781997680664 150.035797119141
vertex 296.126312255859 128.560501098633 157.048797607422
vertex 289.854400634766 127.134002685547 155.451004028320
endloop
endfacet
facet normal 0.059671342078 -0.849502893588 0.524198592826
outer loop
vertex 289.854400634766 127.134002685547 155.451004028320
vertex 296.126312255859 128.560501098633 157.048797607422
vertex 290.996887207031 128.675094604492 157.818405151367
endloop
endfacet
facet normal 0.504028383789 -0.741774933875 0.442408562088
outer loop
vertex 332.456512451172 168.516494750977 199.604293823242
vertex 333.869812011719 170.675506591797 201.614105224609
vertex 330.548797607422 168.128692626953 201.127502441406
endloop
endfacet
facet normal 0.530830758983 -0.762763712684 0.369337547415
outer loop
vertex 333.869812011719 170.675506591797 201.614105224609
vertex 331.825408935547 170.311996459961 203.801696777344
vertex 330.548797607422 168.128692626953 201.127502441406
endloop
endfacet
facet normal -0.900075212857 -0.185275255846 -0.394382670475
outer loop
vertex 234.516204833984 178.397506713867 247.903106689453
vertex 232.206604003906 180.710403442383 252.087600708008
vertex 231.591003417969 183.873001098633 252.006805419922
endloop
endfacet
facet normal -0.821234543459 -0.377030505312 -0.428277740133
outer loop
vertex 239.326003075963 162.330180406570 250.390738248825
vertex 238.973049279734 162.769377642183 250.680893637229
vertex 240.393905639648 163.074905395508 247.687393188477
endloop
endfacet
facet normal -0.953141475998 0.145123093784 -0.265444183179
outer loop
vertex 222.388702392578 224.157394409180 275.500000000000
vertex 221.912094116211 219.136398315430 274.466308593750
vertex 221.441299438477 223.376602172852 278.475006103516
endloop
endfacet
facet normal -0.956119487526 0.071504786179 -0.284117213712
outer loop
vertex 221.912094116211 219.136398315430 274.466308593750
vertex 223.187606811523 216.517105102539 269.514709472656
vertex 222.341598510742 212.933807373047 271.459899902344
endloop
endfacet
facet normal 0.155264349858 -0.737890963054 0.656818017647
outer loop
vertex 347.896209716797 139.113403320313 165.088592529297
vertex 348.102691650391 142.228607177734 168.539505004883
vertex 344.784698486328 139.754196166992 166.544006347656
endloop
endfacet
facet normal 0.277388612124 -0.642404965471 0.714402840282
outer loop
vertex 338.257110595703 164.357894897461 191.693695068359
vertex 339.500305175781 169.027297973633 195.409805297852
vertex 334.983886718750 164.574493408203 193.159393310547
endloop
endfacet
facet normal -0.998368154541 0.028060534531 0.049735645171
outer loop
vertex 224.943695068359 227.193603515625 255.339202880859
vertex 224.996994018555 225.560302734375 257.330596923828
vertex 225.120407104492 228.680206298828 258.047698974609
endloop
endfacet
facet normal 0.468440522510 -0.723229820095 0.507446651577
outer loop
vertex 334.980987548828 170.192596435547 199.662704467773
vertex 332.456512451172 168.516494750977 199.604293823242
vertex 333.220214843750 167.725402832031 197.771804809570
endloop
endfacet
facet normal -0.882379987640 -0.286143560547 -0.373533693486
outer loop
vertex 238.860397338867 171.258804321289 243.109603881836
vertex 236.620697021484 172.365707397461 247.552398681641
vertex 234.516204833984 178.397506713867 247.903106689453
endloop
endfacet
facet normal 0.257379667995 -0.291996291887 0.921137271001
outer loop
vertex 394.432495117188 227.308395385742 219.570297241211
vertex 391.168212890625 226.242492675781 220.144500732422
vertex 393.169891357422 224.047805786133 218.889495849609
endloop
endfacet
facet normal 0.251224525013 -0.268384859066 0.929976239189
outer loop
vertex 391.168212890625 226.242492675781 220.144500732422
vertex 394.432495117188 227.308395385742 219.570297241211
vertex 391.120788574219 228.452499389648 220.795104980469
endloop
endfacet
facet normal 0.250848795048 -0.268419809229 0.930067571758
outer loop
vertex 391.168212890625 226.242492675781 220.144500732422
vertex 391.120788574219 228.452499389648 220.795104980469
vertex 388.313903808594 227.388900756836 221.245193481445
endloop
endfacet
facet normal 0.235923839790 -0.222287212173 0.946006520656
outer loop
vertex 388.313903808594 227.388900756836 221.245193481445
vertex 391.120788574219 228.452499389648 220.795104980469
vertex 389.020294189453 230.395095825195 221.775405883789
endloop
endfacet
facet normal 0.126376950296 -0.753927691907 0.644687445054
outer loop
vertex 349.869110107422 137.120193481445 162.370895385742
vertex 347.896209716797 139.113403320313 165.088592529297
vertex 343.060699462891 136.264801025391 162.705200195313
endloop
endfacet
facet normal 0.138234295694 -0.762987783152 0.631459359147
outer loop
vertex 347.896209716797 139.113403320313 165.088592529297
vertex 344.784698486328 139.754196166992 166.544006347656
vertex 343.060699462891 136.264801025391 162.705200195313
endloop
endfacet
facet normal 0.267881932206 -0.665576738656 0.696596637487
outer loop
vertex 338.257110595703 164.357894897461 191.693695068359
vertex 334.983886718750 164.574493408203 193.159393310547
vertex 332.358795166016 160.801696777344 190.564102172852
endloop
endfacet
facet normal 0.323062691246 -0.687467160233 0.650399416609
outer loop
vertex 334.983886718750 164.574493408203 193.159393310547
vertex 334.373809814453 166.497192382813 195.494705200195
vertex 331.170684814453 162.899307250977 193.282806396484
endloop
endfacet
facet normal 0.383180672009 -0.706750494669 0.594706911750
outer loop
vertex 331.170684814453 162.899307250977 193.282806396484
vertex 334.373809814453 166.497192382813 195.494705200195
vertex 330.343109130859 164.631195068359 195.874206542969
endloop
endfacet
facet normal 0.386172571653 -0.715848655857 0.581748611353
outer loop
vertex 334.373809814453 166.497192382813 195.494705200195
vertex 333.220214843750 167.725402832031 197.771804809570
vertex 330.343109130859 164.631195068359 195.874206542969
endloop
endfacet
facet normal 0.447833366132 -0.737758913130 0.505130737806
outer loop
vertex 333.220214843750 167.725402832031 197.771804809570
vertex 332.456512451172 168.516494750977 199.604293823242
vertex 329.891601562500 166.211196899414 198.511306762695
endloop
endfacet
facet normal -0.722771439372 -0.524344829932 -0.450182125092
outer loop
vertex 249.870895385742 158.683807373047 234.122497558594
vertex 253.360794067383 156.981994628906 230.501602172852
vertex 254.009201049805 154.109405517578 232.806396484375
endloop
endfacet
facet normal -0.772449229978 -0.582345871714 -0.253368255322
outer loop
vertex 246.716598510742 165.716094970703 229.837203979492
vertex 244.789993286133 167.268203735352 232.143493652344
vertex 245.673400878906 167.755203247070 228.330902099609
endloop
endfacet
facet normal -0.771711498270 -0.537798844133 -0.339460994353
outer loop
vertex 246.895294189453 163.369705200195 233.533706665039
vertex 244.789993286133 167.268203735352 232.143493652344
vertex 247.921295166016 163.751998901367 230.595596313477
endloop
endfacet
facet normal -0.018388296795 -0.823653898968 0.566794605881
outer loop
vertex 309.554412841797 116.936698913574 138.526000976563
vertex 310.166465649160 115.645911855996 136.670113194425
vertex 313.642373699004 116.439243580993 137.935733561800
endloop
endfacet
facet normal 0.219306972977 -0.643907866085 0.732998711866
outer loop
vertex 374.667602539063 174.986602783203 192.689498901367
vertex 376.577301025391 178.520492553711 195.222503662109
vertex 373.148101806641 177.321701049805 195.195404052734
endloop
endfacet
facet normal 0.202045359610 -0.595536314142 0.777505094002
outer loop
vertex 373.148101806641 177.321701049805 195.195404052734
vertex 376.577301025391 178.520492553711 195.222503662109
vertex 373.020507812500 178.804992675781 196.364700317383
endloop
endfacet
facet normal 0.098075815113 -0.512804037069 0.852885193948
outer loop
vertex 375.685791015625 185.210693359375 199.996704101563
vertex 367.250701904297 180.361892700195 198.051300048828
vertex 373.462097167969 181.240005493164 197.865005493164
endloop
endfacet
facet normal 0.003255688104 -0.846241642968 0.532789341300
outer loop
vertex 303.434459947906 114.501350586979 134.791623316591
vertex 298.925415039063 116.815002441406 138.494003295898
vertex 299.095451831818 113.992214965368 134.009465575218
endloop
endfacet
facet normal 0.030259283013 -0.846938927459 0.530828436452
outer loop
vertex 297.401092529297 121.490097045898 145.921707153320
vertex 289.377899169922 123.781997680664 150.035797119141
vertex 289.809295654297 119.631202697754 143.388595581055
endloop
endfacet
facet normal 0.101444007888 -0.530397028951 0.841657950087
outer loop
vertex 367.956512451172 191.962493896484 204.799102783203
vertex 366.233184814453 187.496307373047 202.192306518555
vertex 370.728485107422 191.466598510742 204.152496337891
endloop
endfacet
facet normal 0.064943981738 -0.521599522608 0.850715121090
outer loop
vertex 366.233184814453 187.496307373047 202.192306518555
vertex 367.956512451172 191.962493896484 204.799102783203
vertex 365.019714355469 189.633300781250 203.595199584961
endloop
endfacet
facet normal 0.122584393313 -0.573296711985 0.810125883146
outer loop
vertex 365.019714355469 189.633300781250 203.595199584961
vertex 367.956512451172 191.962493896484 204.799102783203
vertex 364.495300292969 191.121795654297 204.727905273438
endloop
endfacet
facet normal 0.156530338338 -0.562595083321 0.811778926434
outer loop
vertex 365.019714355469 189.633300781250 203.595199584961
vertex 364.495300292969 191.121795654297 204.727905273438
vertex 360.927093505859 187.196701049805 202.695693969727
endloop
endfacet
facet normal 0.184211839128 -0.578768719157 0.794413474238
outer loop
vertex 360.927093505859 187.196701049805 202.695693969727
vertex 364.495300292969 191.121795654297 204.727905273438
vertex 361.357696533203 190.521194458008 205.017898559570
endloop
endfacet
facet normal 0.187974296841 -0.610513342502 0.769375800474
outer loop
vertex 361.357696533203 190.521194458008 205.017898559570
vertex 364.495300292969 191.121795654297 204.727905273438
vertex 366.541809082031 195.452392578125 207.664306640625
endloop
endfacet
facet normal 0.247576370958 -0.647206467083 0.720992184083
outer loop
vertex 361.357696533203 190.521194458008 205.017898559570
vertex 366.541809082031 195.452392578125 207.664306640625
vertex 359.305114746094 192.622192382813 207.608703613281
endloop
endfacet
facet normal 0.323159861658 -0.640648675623 0.696517751558
outer loop
vertex 358.774597167969 196.705902099609 211.610992431641
vertex 359.305114746094 192.622192382813 207.608703613281
vertex 363.136505126953 197.742095947266 210.540298461914
endloop
endfacet
facet normal 0.322780467653 -0.618291130441 0.716609271305
outer loop
vertex 358.774597167969 196.705902099609 211.610992431641
vertex 363.136505126953 197.742095947266 210.540298461914
vertex 362.732696533203 201.662597656250 214.104797363281
endloop
endfacet
facet normal 0.055730769242 -0.520182346989 0.852234948381
outer loop
vertex 382.783353328705 194.430589675903 204.920767866068
vertex 382.738351119429 195.391525928852 205.510241559983
vertex 382.962493896484 190.223403930664 202.341094970703
endloop
endfacet
facet normal -0.990297533304 0.075654978547 -0.116563801215
outer loop
vertex 225.130905151367 229.462707519531 263.895812988281
vertex 224.797103881836 223.099792480469 262.601898193359
vertex 224.543792724609 227.343002319336 267.507995605469
endloop
endfacet
facet normal -0.646072335287 -0.537256380943 -0.542167980162
outer loop
vertex 257.692743138239 143.622915472558 238.604361350915
vertex 258.848510742188 146.514404296875 234.361801147461
vertex 261.102203369141 141.248703002930 236.894195556641
endloop
endfacet
facet normal -0.863533434335 -0.369410154559 -0.343287263811
outer loop
vertex 238.860397338867 171.258804321289 243.109603881836
vertex 239.910293579102 167.501800537109 244.511505126953
vertex 236.620697021484 172.365707397461 247.552398681641
endloop
endfacet
facet normal -0.996341871340 0.009640599981 0.084911331680
outer loop
vertex 224.660507202148 225.351104736328 252.225494384766
vertex 224.943695068359 227.193603515625 255.339202880859
vertex 224.777603149414 229.424606323242 253.136993408203
endloop
endfacet
facet normal -0.994508467920 -0.020561655718 0.102616400001
outer loop
vertex 224.943695068359 227.193603515625 255.339202880859
vertex 224.660507202148 225.351104736328 252.225494384766
vertex 224.981094360352 222.823501586914 254.826004028320
endloop
endfacet
facet normal -0.999780920205 -0.010670734756 0.018006860162
outer loop
vertex 224.996994018555 225.560302734375 257.330596923828
vertex 224.943695068359 227.193603515625 255.339202880859
vertex 224.981094360352 222.823501586914 254.826004028320
endloop
endfacet
facet normal -0.860370072521 -0.005622194334 -0.509638822344
outer loop
vertex 226.342605590820 187.199295043945 261.670104980469
vertex 223.686599731445 190.975494384766 266.112304687500
vertex 225.378494262695 191.361206054688 263.251800537109
endloop
endfacet
facet normal -0.961566266264 -0.133099238621 -0.240156008173
outer loop
vertex 228.073394775391 200.824096679688 254.197204589844
vertex 226.261505126953 204.964797973633 259.157012939453
vertex 226.503295898438 207.623504638672 256.715393066406
endloop
endfacet
facet normal -0.859833734884 -0.057378532091 -0.507339780040
outer loop
vertex 228.456802368164 183.742004394531 258.477996826172
vertex 226.342605590820 187.199295043945 261.670104980469
vertex 227.258102416992 188.672607421875 259.951904296875
endloop
endfacet
facet normal -0.887245398416 -0.079889766242 -0.454327225949
outer loop
vertex 228.456802368164 183.742004394531 258.477996826172
vertex 227.258102416992 188.672607421875 259.951904296875
vertex 229.731903076172 185.324600219727 255.709594726563
endloop
endfacet
facet normal -0.992590730725 -0.109536933574 -0.052586133745
outer loop
vertex 225.735702514648 214.575393676758 255.602996826172
vertex 225.177398681641 218.112197875977 258.774108886719
vertex 225.263107299805 218.832702636719 255.655502319336
endloop
endfacet
facet normal -0.998412326348 -0.042288174559 -0.037209365604
outer loop
vertex 225.263107299805 218.832702636719 255.655502319336
vertex 225.177398681641 218.112197875977 258.774108886719
vertex 225.011306762695 222.503097534180 258.240509033203
endloop
endfacet
facet normal -0.930136146851 0.042518946038 -0.364744962334
outer loop
vertex 222.470993041992 202.820297241211 269.862304687500
vertex 221.267807006836 209.621597290039 273.723388671875
vertex 223.273300170898 206.469192504883 268.241699218750
endloop
endfacet
facet normal -0.975756759629 -0.185458667464 -0.116205975323
outer loop
vertex 226.350494384766 210.443206787109 255.171401977539
vertex 226.503295898438 211.284500122070 252.545700073242
vertex 227.562393188477 205.777603149414 252.441406250000
endloop
endfacet
facet normal -0.987775312272 0.131832095118 -0.083187926788
outer loop
vertex 225.130905151367 229.462707519531 263.895812988281
vertex 224.543792724609 227.343002319336 267.507995605469
vertex 225.067306518555 231.236694335938 267.462310791016
endloop
endfacet
facet normal -0.942398395287 0.240311336863 -0.232670853217
outer loop
vertex 221.441299438477 223.376602172852 278.475006103516
vertex 221.539957634752 226.571828126907 281.375557184219
vertex 221.594825191948 226.935598438662 281.529040233687
endloop
endfacet
facet normal -0.942398395287 0.240311336863 -0.232670853217
outer loop
vertex 221.323401216303 225.120012523200 280.753195915638
vertex 221.539957634752 226.571828126907 281.375557184219
vertex 221.441299438477 223.376602172852 278.475006103516
endloop
endfacet
facet normal -0.971971781905 -0.160994613678 -0.171323056087
outer loop
vertex 227.562393188477 205.777603149414 252.441406250000
vertex 228.073394775391 200.824096679688 254.197204589844
vertex 226.503295898438 207.623504638672 256.715393066406
endloop
endfacet
facet normal -0.962790284617 -0.237688553666 -0.128604118529
outer loop
vertex 230.211807250977 198.172698974609 245.285705566406
vertex 230.870803833008 194.533706665039 247.077804565430
vertex 229.295806884766 199.477798461914 249.731201171875
endloop
endfacet
facet normal -0.797801605501 -0.485736607492 -0.357172992263
outer loop
vertex 246.895294189453 163.369705200195 233.533706665039
vertex 245.336898803711 163.333694458008 237.063598632813
vertex 243.187606811523 167.546997070313 236.134506225586
endloop
endfacet
facet normal 0.288848819627 -0.056099297630 0.955729683648
outer loop
vertex 396.683197021484 230.148895263672 219.502197265625
vertex 393.031311035156 233.636093139648 220.810592651367
vertex 392.481994628906 230.463806152344 220.790405273438
endloop
endfacet
facet normal 0.288435627229 -0.056568447195 0.955826814714
outer loop
vertex 393.031311035156 233.636093139648 220.810592651367
vertex 396.683197021484 230.148895263672 219.502197265625
vertex 399.048187255859 232.995605468750 218.957000732422
endloop
endfacet
facet normal -0.774251975444 0.256721805768 0.578470217872
outer loop
vertex 222.945297241211 239.848907470703 243.205703735352
vertex 222.054992675781 241.834899902344 241.132705688477
vertex 220.782104492188 238.088806152344 241.091506958008
endloop
endfacet
facet normal 0.090263447177 -0.805668163187 0.585449674123
outer loop
vertex 333.126708984375 135.146606445313 163.142395019531
vertex 327.933990478516 133.246307373047 161.327896118164
vertex 331.365295410156 132.313003540039 159.514495849609
endloop
endfacet
facet normal 0.077300067815 -0.822379082762 0.563664211877
outer loop
vertex 337.357604980469 131.816894531250 157.968902587891
vertex 331.365295410156 132.313003540039 159.514495849609
vertex 329.012084960938 129.826202392578 156.208999633789
endloop
endfacet
facet normal 0.065341271467 -0.800554652307 0.595686802702
outer loop
vertex 337.357604980469 131.816894531250 157.968902587891
vertex 329.012084960938 129.826202392578 156.208999633789
vertex 332.150695800781 128.262405395508 153.763107299805
endloop
endfacet
facet normal -0.989131177331 0.146774902514 -0.008754543079
outer loop
vertex 225.303604125977 230.422500610352 260.474914550781
vertex 225.130905151367 229.462707519531 263.895812988281
vertex 225.731094360352 233.434097290039 262.666107177734
endloop
endfacet
facet normal 0.218688680047 -0.663105623864 0.715867440815
outer loop
vertex 377.150090344611 167.099142145016 184.655601862417
vertex 378.842652092911 170.650169083935 187.427849524356
vertex 375.524688720703 169.834503173828 187.685897827148
endloop
endfacet
facet normal 0.202790741907 -0.595400944455 0.777414709366
outer loop
vertex 373.148101806641 177.321701049805 195.195404052734
vertex 373.020507812500 178.804992675781 196.364700317383
vertex 369.242492675781 175.233901977539 194.615203857422
endloop
endfacet
facet normal 0.135576451852 -0.547855931364 0.825513721372
outer loop
vertex 369.242492675781 175.233901977539 194.615203857422
vertex 373.020507812500 178.804992675781 196.364700317383
vertex 367.532714843750 176.898605346680 196.000793457031
endloop
endfacet
facet normal 0.131357907083 -0.537175527856 0.833179183921
outer loop
vertex 373.020507812500 178.804992675781 196.364700317383
vertex 373.462097167969 181.240005493164 197.865005493164
vertex 367.532714843750 176.898605346680 196.000793457031
endloop
endfacet
facet normal -0.995967488550 -0.073720548752 0.051127707196
outer loop
vertex 224.981094360352 222.823501586914 254.826004028320
vertex 224.660507202148 225.351104736328 252.225494384766
vertex 224.937500000000 221.125396728516 251.528305053711
endloop
endfacet
facet normal -0.961914252607 -0.173966663553 -0.210847268429
outer loop
vertex 228.073394775391 200.824096679688 254.197204589844
vertex 227.562393188477 205.777603149414 252.441406250000
vertex 229.295806884766 199.477798461914 249.731201171875
endloop
endfacet
facet normal -0.911655356938 -0.233681682730 -0.338049377047
outer loop
vertex 234.516204833984 178.397506713867 247.903106689453
vertex 231.591003417969 183.873001098633 252.006805419922
vertex 232.303894042969 184.795196533203 249.446792602539
endloop
endfacet
facet normal -0.958081307584 -0.245901425184 -0.147012574806
outer loop
vertex 230.211807250977 198.172698974609 245.285705566406
vertex 232.302795410156 191.249298095703 243.239196777344
vertex 230.870803833008 194.533706665039 247.077804565430
endloop
endfacet
facet normal -0.945712913567 0.232627097671 -0.226961931923
outer loop
vertex 221.323401216303 225.120012523200 280.753195915638
vertex 221.441299438477 223.376602172852 278.475006103516
vertex 221.188201761657 224.164381623268 280.337065458298
endloop
endfacet
facet normal -0.989681671169 0.139676514467 -0.031947786448
outer loop
vertex 225.731094360352 233.434097290039 262.666107177734
vertex 225.130905151367 229.462707519531 263.895812988281
vertex 225.710998535156 234.113800048828 266.260314941406
endloop
endfacet
facet normal -0.323077676070 -0.663347026074 -0.674975213045
outer loop
vertex 271.519012451172 140.660995483398 229.782394409180
vertex 274.421905517578 139.331100463867 229.699905395508
vertex 272.265502929688 138.236404418945 231.807907104492
endloop
endfacet
facet normal -0.989132402223 0.143855785170 0.030374396221
outer loop
vertex 225.323699951172 230.960800170898 258.579895019531
vertex 225.303604125977 230.422500610352 260.474914550781
vertex 225.704193115234 233.406204223633 259.388885498047
endloop
endfacet
facet normal -0.997259212270 0.069496216919 0.025383840863
outer loop
vertex 225.029403686523 226.617294311523 260.120300292969
vertex 225.303604125977 230.422500610352 260.474914550781
vertex 225.120407104492 228.680206298828 258.047698974609
endloop
endfacet
facet normal -0.900070269934 -0.235555009495 -0.366588797814
outer loop
vertex 234.516204833984 178.397506713867 247.903106689453
vertex 233.815002441406 176.783096313477 250.662094116211
vertex 232.206604003906 180.710403442383 252.087600708008
endloop
endfacet
facet normal -0.887155163251 -0.365770349870 -0.281367673115
outer loop
vertex 239.828704833984 171.809906005859 239.340103149414
vertex 238.860397338867 171.258804321289 243.109603881836
vertex 236.791503906250 176.493103027344 242.828399658203
endloop
endfacet
facet normal -0.943395188208 -0.293762808435 -0.153977047791
outer loop
vertex 235.653503417969 180.518493652344 241.628005981445
vertex 234.223098754883 185.093093872070 241.664306640625
vertex 235.453704833984 182.610992431641 238.860000610352
endloop
endfacet
facet normal -0.932689452641 -0.289934696729 -0.214541969239
outer loop
vertex 234.223098754883 185.093093872070 241.664306640625
vertex 235.653503417969 180.518493652344 241.628005981445
vertex 233.236602783203 185.154693603516 245.869705200195
endloop
endfacet
facet normal -0.976182263746 0.189581997426 -0.105483904930
outer loop
vertex 225.067306518555 231.236694335938 267.462310791016
vertex 224.795806884766 231.508407592773 270.463195800781
vertex 225.389297485352 233.772994995117 269.040893554688
endloop
endfacet
facet normal -0.828926479942 -0.472212924432 -0.299826357831
outer loop
vertex 244.789993286133 167.268203735352 232.143493652344
vertex 243.187606811523 167.546997070313 236.134506225586
vertex 240.795700073242 172.366806030273 235.156402587891
endloop
endfacet
facet normal -0.814536623068 -0.260011028899 -0.518579169011
outer loop
vertex 235.793701171875 168.900695800781 251.617706298828
vertex 232.453796386719 171.499298095703 255.560806274414
vertex 234.211807250977 173.319793701172 251.886703491211
endloop
endfacet
facet normal -0.945542652216 -0.208663903399 -0.249816869443
outer loop
vertex 232.052993774414 189.850799560547 246.427093505859
vertex 233.236602783203 185.154693603516 245.869705200195
vertex 231.071792602539 189.940093994141 250.066299438477
endloop
endfacet
facet normal -0.361645253007 -0.660789754102 -0.657700244679
outer loop
vertex 269.118896484375 138.943298339844 232.827896118164
vertex 271.519012451172 140.660995483398 229.782394409180
vertex 272.265502929688 138.236404418945 231.807907104492
endloop
endfacet
facet normal -0.904031035024 0.078605920954 -0.420177339828
outer loop
vertex 221.009266376439 206.197181353016 273.639018007159
vertex 222.470993041992 202.820297241211 269.862304687500
vertex 221.009266109762 206.197177820840 273.639017920133
endloop
endfacet
facet normal -0.829102686195 -0.346442516866 -0.438823789524
outer loop
vertex 235.793701171875 168.900695800781 251.617706298828
vertex 238.321502685547 167.442199707031 247.993194580078
vertex 237.958297729492 165.610900878906 250.125198364258
endloop
endfacet
facet normal -0.787814709227 -0.426489068776 -0.444359154447
outer loop
vertex 246.401667144291 154.143097720472 245.212018888653
vertex 245.324847670436 155.345815975991 245.966786802249
vertex 247.556900024414 155.195602416992 242.153701782227
endloop
endfacet
facet normal 0.263734441791 -0.227309389769 0.937429776323
outer loop
vertex 388.313903808594 227.388900756836 221.245193481445
vertex 389.020294189453 230.395095825195 221.775405883789
vertex 384.924194335938 229.400405883789 222.686599731445
endloop
endfacet
facet normal -0.960522786001 -0.267296080254 -0.077128354411
outer loop
vertex 232.302795410156 191.249298095703 243.239196777344
vertex 230.211807250977 198.172698974609 245.285705566406
vertex 231.437606811523 194.602996826172 242.391296386719
endloop
endfacet
facet normal -0.910920178474 0.034779319489 -0.411114129390
outer loop
vertex 223.738800048828 196.246002197266 266.497009277344
vertex 222.470993041992 202.820297241211 269.862304687500
vertex 224.580001831055 199.789398193359 264.932891845703
endloop
endfacet
facet normal -0.714827118681 -0.511851576619 -0.476476813613
outer loop
vertex 254.633895874023 151.101806640625 235.100097656250
vertex 251.491302490234 154.951705932617 235.679000854492
vertex 254.009201049805 154.109405517578 232.806396484375
endloop
endfacet
facet normal -0.998189040406 0.028576488699 -0.052934146899
outer loop
vertex 224.797103881836 223.099792480469 262.601898193359
vertex 225.029403686523 226.617294311523 260.120300292969
vertex 225.011306762695 222.503097534180 258.240509033203
endloop
endfacet
facet normal -0.987456046319 0.002503828583 -0.157874277291
outer loop
vertex 224.855804443359 216.672698974609 262.132812500000
vertex 224.022705078125 221.011795043945 267.412414550781
vertex 224.797103881836 223.099792480469 262.601898193359
endloop
endfacet
facet normal -0.751745564950 -0.527152848338 -0.396217718012
outer loop
vertex 249.870895385742 158.683807373047 234.122497558594
vertex 246.895294189453 163.369705200195 233.533706665039
vertex 250.231292724609 160.548202514648 230.958206176758
endloop
endfacet
facet normal -0.937655886838 -0.001141028517 -0.347563139489
outer loop
vertex 223.273300170898 206.469192504883 268.241699218750
vertex 223.853805541992 210.340393066406 266.662902832031
vertex 225.298400878906 203.513397216797 262.788085937500
endloop
endfacet
facet normal -0.913479532810 -0.329451781580 -0.238781629844
outer loop
vertex 234.404006958008 181.110397338867 245.591400146484
vertex 235.653503417969 180.518493652344 241.628005981445
vertex 236.791503906250 176.493103027344 242.828399658203
endloop
endfacet
facet normal -0.985237731836 0.083347082525 -0.149532189183
outer loop
vertex 224.022705078125 221.011795043945 267.412414550781
vertex 223.740997314453 227.765792846680 273.033111572266
vertex 224.543792724609 227.343002319336 267.507995605469
endloop
endfacet
facet normal -0.882116138019 -0.448765633549 -0.143110185493
outer loop
vertex 237.725006103516 177.881607055664 236.790496826172
vertex 239.690902709961 175.819305419922 231.139892578125
vertex 240.795700073242 172.366806030273 235.156402587891
endloop
endfacet
facet normal -0.959757188779 -0.192194288566 -0.204762042452
outer loop
vertex 228.073394775391 200.824096679688 254.197204589844
vertex 229.295806884766 199.477798461914 249.731201171875
vertex 230.122192382813 194.851104736328 250.200500488281
endloop
endfacet
facet normal -0.745765729829 -0.575663942122 -0.335327454816
outer loop
vertex 246.895294189453 163.369705200195 233.533706665039
vertex 247.921295166016 163.751998901367 230.595596313477
vertex 250.231292724609 160.548202514648 230.958206176758
endloop
endfacet
facet normal -0.819708823801 -0.485255044575 -0.304310673321
outer loop
vertex 243.187606811523 167.546997070313 236.134506225586
vertex 245.336898803711 163.333694458008 237.063598632813
vertex 241.936096191406 167.697097778320 239.266296386719
endloop
endfacet
facet normal -0.787130853086 -0.425784099126 -0.446243118773
outer loop
vertex 242.974735336392 157.973311259972 247.605131872772
vertex 243.209701538086 158.732498168945 246.466293334961
vertex 244.170287407929 156.635656952858 246.772617101669
endloop
endfacet
facet normal -0.988901377482 0.083248966387 -0.123059640861
outer loop
vertex 224.797103881836 223.099792480469 262.601898193359
vertex 224.022705078125 221.011795043945 267.412414550781
vertex 224.543792724609 227.343002319336 267.507995605469
endloop
endfacet
facet normal -0.998143326618 -0.042998651754 -0.043139488581
outer loop
vertex 225.177398681641 218.112197875977 258.774108886719
vertex 224.797103881836 223.099792480469 262.601898193359
vertex 225.011306762695 222.503097534180 258.240509033203
endloop
endfacet
facet normal -0.985725789390 0.014799982705 -0.167706972552
outer loop
vertex 224.342895507813 214.002700805664 264.911895751953
vertex 224.022705078125 221.011795043945 267.412414550781
vertex 224.855804443359 216.672698974609 262.132812500000
endloop
endfacet
facet normal -0.944086993401 0.286353395585 -0.163405880336
outer loop
vertex 224.497100830078 234.172607421875 277.923187255859
vertex 222.625396728516 228.742202758789 279.220794677734
vertex 223.724899291992 234.339797973633 282.677612304688
endloop
endfacet
facet normal -0.946554607999 -0.317584433349 -0.056342717092
outer loop
vertex 232.302795410156 191.249298095703 243.239196777344
vertex 232.206207275391 192.246994018555 239.238204956055
vertex 233.906494140625 187.069396972656 239.857803344727
endloop
endfacet
facet normal -0.975679481068 -0.037385976780 -0.215990367757
outer loop
vertex 224.342895507813 214.002700805664 264.911895751953
vertex 224.855804443359 216.672698974609 262.132812500000
vertex 225.397094726563 210.823593139648 260.700103759766
endloop
endfacet
facet normal -0.960313186716 -0.116839214777 -0.253272938370
outer loop
vertex 228.073394775391 200.824096679688 254.197204589844
vertex 227.524993896484 198.435592651367 257.378387451172
vertex 226.261505126953 204.964797973633 259.157012939453
endloop
endfacet
facet normal -0.947405888262 -0.316664638939 -0.046320506599
outer loop
vertex 233.906494140625 187.069396972656 239.857803344727
vertex 232.206207275391 192.246994018555 239.238204956055
vertex 234.208694458008 186.783004760742 235.634704589844
endloop
endfacet
facet normal -0.950268271165 -0.103913976431 -0.293584908195
outer loop
vertex 226.261505126953 204.964797973633 259.157012939453
vertex 227.524993896484 198.435592651367 257.378387451172
vertex 225.298400878906 203.513397216797 262.788085937500
endloop
endfacet
facet normal -0.914511775754 -0.351731111735 -0.199883558714
outer loop
vertex 237.725006103516 177.881607055664 236.790496826172
vertex 235.653503417969 180.518493652344 241.628005981445
vertex 235.453704833984 182.610992431641 238.860000610352
endloop
endfacet
facet normal -0.885720317193 -0.403673845629 -0.229231206572
outer loop
vertex 239.828704833984 171.809906005859 239.340103149414
vertex 236.791503906250 176.493103027344 242.828399658203
vertex 238.045593261719 175.758605957031 239.276199340820
endloop
endfacet
facet normal -0.765153314041 -0.462303742061 -0.448124598843
outer loop
vertex 246.401667144291 154.143097720472 245.212018888653
vertex 247.556900024414 155.195602416992 242.153701782227
vertex 247.760758699229 152.736887335777 244.342133402824
endloop
endfacet
facet normal -0.954225395560 0.216623265975 -0.206223798592
outer loop
vertex 222.625396728516 228.742202758789 279.220794677734
vertex 223.740997314453 227.765792846680 273.033111572266
vertex 222.388702392578 224.157394409180 275.500000000000
endloop
endfacet
facet normal -0.798106652996 -0.448280723115 -0.402579388105
outer loop
vertex 242.722396850586 164.956298828125 240.941802978516
vertex 247.359405517578 158.699401855469 238.716201782227
vertex 242.868606567383 162.079696655273 243.855102539063
endloop
endfacet
facet normal -0.759987952817 -0.472275665435 -0.446513165999
outer loop
vertex 251.283096313477 152.979202270508 238.155807495117
vertex 251.542205810547 150.573501586914 240.259292602539
vertex 247.556900024414 155.195602416992 242.153701782227
endloop
endfacet
facet normal -0.943736633537 -0.069343553335 -0.323346003734
outer loop
vertex 227.524993896484 198.435592651367 257.378387451172
vertex 226.773193359375 196.104705810547 260.072509765625
vertex 225.298400878906 203.513397216797 262.788085937500
endloop
endfacet
facet normal -0.889931602397 0.009990023933 -0.455984585788
outer loop
vertex 225.921096801758 193.791595458984 262.184112548828
vertex 223.738800048828 196.246002197266 266.497009277344
vertex 224.580001831055 199.789398193359 264.932891845703
endloop
endfacet
facet normal -0.951761978340 -0.213754789186 -0.220131839327
outer loop
vertex 232.052993774414 189.850799560547 246.427093505859
vertex 234.223098754883 185.093093872070 241.664306640625
vertex 233.236602783203 185.154693603516 245.869705200195
endloop
endfacet
facet normal -0.866993660278 -0.138709711494 -0.478624705771
outer loop
vertex 228.456802368164 183.742004394531 258.477996826172
vertex 229.731903076172 185.324600219727 255.709594726563
vertex 231.521499633789 179.468597412109 254.164993286133
endloop
endfacet
facet normal -0.902624273203 -0.049292337165 -0.427597575906
outer loop
vertex 225.921096801758 193.791595458984 262.184112548828
vertex 227.825393676758 190.820404052734 258.506805419922
vertex 227.258102416992 188.672607421875 259.951904296875
endloop
endfacet
facet normal -0.905535681402 -0.127626316802 -0.404619145577
outer loop
vertex 229.502304077148 190.472106933594 254.599792480469
vertex 231.591003417969 183.873001098633 252.006805419922
vertex 229.731903076172 185.324600219727 255.709594726563
endloop
endfacet
facet normal -0.885845350757 -0.074187263202 -0.458011205671
outer loop
vertex 227.258102416992 188.672607421875 259.951904296875
vertex 227.825393676758 190.820404052734 258.506805419922
vertex 229.731903076172 185.324600219727 255.709594726563
endloop
endfacet
facet normal -0.958510702632 -0.192525003810 -0.210217401392
outer loop
vertex 229.295806884766 199.477798461914 249.731201171875
vertex 230.870803833008 194.533706665039 247.077804565430
vertex 230.122192382813 194.851104736328 250.200500488281
endloop
endfacet
facet normal -0.951349011238 -0.177063631383 -0.252157746774
outer loop
vertex 232.052993774414 189.850799560547 246.427093505859
vertex 231.071792602539 189.940093994141 250.066299438477
vertex 230.122192382813 194.851104736328 250.200500488281
endloop
endfacet
facet normal -0.964352475586 -0.075480682550 -0.253627619539
outer loop
vertex 225.397094726563 210.823593139648 260.700103759766
vertex 226.261505126953 204.964797973633 259.157012939453
vertex 224.989395141602 208.711593627930 262.878814697266
endloop
endfacet
facet normal -0.908907771401 -0.291597834394 -0.298089526927
outer loop
vertex 234.516204833984 178.397506713867 247.903106689453
vertex 234.404006958008 181.110397338867 245.591400146484
vertex 236.791503906250 176.493103027344 242.828399658203
endloop
endfacet
facet normal -0.879295520672 -0.401216202305 -0.256641669130
outer loop
vertex 240.795700073242 172.366806030273 235.156402587891
vertex 239.828704833984 171.809906005859 239.340103149414
vertex 238.045593261719 175.758605957031 239.276199340820
endloop
endfacet
facet normal -0.892478768929 -0.366859809974 -0.262479574132
outer loop
vertex 238.860397338867 171.258804321289 243.109603881836
vertex 234.516204833984 178.397506713867 247.903106689453
vertex 236.791503906250 176.493103027344 242.828399658203
endloop
endfacet
facet normal -0.846181547679 -0.427880816817 -0.317639410286
outer loop
vertex 243.187606811523 167.546997070313 236.134506225586
vertex 241.936096191406 167.697097778320 239.266296386719
vertex 239.828704833984 171.809906005859 239.340103149414
endloop
endfacet
facet normal -0.944296012346 -0.194142959757 -0.265732106159
outer loop
vertex 233.236602783203 185.154693603516 245.869705200195
vertex 232.303894042969 184.795196533203 249.446792602539
vertex 231.071792602539 189.940093994141 250.066299438477
endloop
endfacet
facet normal -0.915864129670 -0.123233564759 -0.382107817900
outer loop
vertex 227.825393676758 190.820404052734 258.506805419922
vertex 229.502304077148 190.472106933594 254.599792480469
vertex 229.731903076172 185.324600219727 255.709594726563
endloop
endfacet
facet normal -0.934800823301 -0.187548011610 -0.301617579223
outer loop
vertex 232.303894042969 184.795196533203 249.446792602539
vertex 229.502304077148 190.472106933594 254.599792480469
vertex 231.071792602539 189.940093994141 250.066299438477
endloop
endfacet
facet normal -0.930447906768 -0.250152919041 -0.267750275230
outer loop
vertex 233.236602783203 185.154693603516 245.869705200195
vertex 234.404006958008 181.110397338867 245.591400146484
vertex 232.303894042969 184.795196533203 249.446792602539
endloop
endfacet
facet normal -0.930423044272 -0.259230515977 -0.259060800344
outer loop
vertex 234.404006958008 181.110397338867 245.591400146484
vertex 234.516204833984 178.397506713867 247.903106689453
vertex 232.303894042969 184.795196533203 249.446792602539
endloop
endfacet
facet normal -0.787316026378 -0.592608010667 -0.170144704009
outer loop
vertex 242.756698608398 170.969604492188 230.631805419922
vertex 243.082504272461 171.873199462891 225.977005004883
vertex 245.673400878906 167.755203247070 228.330902099609
endloop
endfacet
facet normal -0.843667134368 -0.470977881178 -0.257692843961
outer loop
vertex 243.187606811523 167.546997070313 236.134506225586
vertex 239.828704833984 171.809906005859 239.340103149414
vertex 240.795700073242 172.366806030273 235.156402587891
endloop
endfacet
facet normal -0.876388204132 -0.416155086536 -0.242401855621
outer loop
vertex 237.725006103516 177.881607055664 236.790496826172
vertex 240.795700073242 172.366806030273 235.156402587891
vertex 238.045593261719 175.758605957031 239.276199340820
endloop
endfacet
facet normal -0.948395181359 -0.135446940542 -0.286706655440
outer loop
vertex 229.502304077148 190.472106933594 254.599792480469
vertex 227.524993896484 198.435592651367 257.378387451172
vertex 229.258499145508 194.874893188477 253.326293945313
endloop
endfacet
facet normal -0.924769019596 0.380320146109 -0.012603446291
outer loop
vertex 228.137589082391 242.038669146214 261.773108719563
vertex 227.961395263672 241.678497314453 263.832702636719
vertex 228.117528090750 242.054686198179 263.728398609868
endloop
endfacet
facet normal -0.886291850928 -0.241318154668 -0.395287620860
outer loop
vertex 233.815002441406 176.783096313477 250.662094116211
vertex 234.211807250977 173.319793701172 251.886703491211
vertex 231.521499633789 179.468597412109 254.164993286133
endloop
endfacet
facet normal -0.945435119611 0.325498100621 -0.014262576842
outer loop
vertex 227.961395263672 241.678497314453 263.832702636719
vertex 228.013397216797 241.728607177734 261.529205322266
vertex 227.158706665039 239.305603027344 262.887390136719
endloop
endfacet
facet normal -0.837295255280 -0.270812386750 -0.474970848230
outer loop
vertex 238.321502685547 167.442199707031 247.993194580078
vertex 235.793701171875 168.900695800781 251.617706298828
vertex 234.211807250977 173.319793701172 251.886703491211
endloop
endfacet
facet normal -0.787801455825 -0.426752007717 -0.444130149966
outer loop
vertex 243.209701538086 158.732498168945 246.466293334961
vertex 242.868606567383 162.079696655273 243.855102539063
vertex 247.556900024414 155.195602416992 242.153701782227
endloop
endfacet
facet normal -0.798834592474 -0.443620317824 -0.406281069557
outer loop
vertex 242.868606567383 162.079696655273 243.855102539063
vertex 247.359405517578 158.699401855469 238.716201782227
vertex 247.556900024414 155.195602416992 242.153701782227
endloop
endfacet
facet normal -0.955845279287 -0.266443087786 -0.123967265983
outer loop
vertex 234.223098754883 185.093093872070 241.664306640625
vertex 232.302795410156 191.249298095703 243.239196777344
vertex 233.906494140625 187.069396972656 239.857803344727
endloop
endfacet
facet normal 0.019343222895 -0.823313138655 0.567257715193
outer loop
vertex 313.295989990234 123.514198303223 147.985504150391
vertex 313.179412841797 120.385902404785 143.449096679688
vertex 318.514801025391 123.588996887207 147.916107177734
endloop
endfacet
facet normal -0.943548935780 -0.292769736646 -0.154923487868
outer loop
vertex 235.453704833984 182.610992431641 238.860000610352
vertex 234.223098754883 185.093093872070 241.664306640625
vertex 233.906494140625 187.069396972656 239.857803344727
endloop
endfacet
facet normal 0.042433894351 -0.841053158714 0.539285591155
outer loop
vertex 296.126312255859 128.560501098633 157.048797607422
vertex 297.401092529297 121.490097045898 145.921707153320
vertex 310.003204345703 127.316001892090 154.016006469727
endloop
endfacet
facet normal 0.045954862426 -0.822955096215 0.566244699960
outer loop
vertex 293.092712402344 133.443893432617 164.392303466797
vertex 296.126312255859 128.560501098633 157.048797607422
vertex 299.181884765625 134.433105468750 165.335800170898
endloop
endfacet
facet normal -0.914340597673 0.021443481658 -0.404377853672
outer loop
vertex 222.470993041992 202.820297241211 269.862304687500
vertex 223.273300170898 206.469192504883 268.241699218750
vertex 224.580001831055 199.789398193359 264.932891845703
endloop
endfacet
facet normal 0.038637634153 -0.803907339896 0.593498207317
outer loop
vertex 293.092712402344 133.443893432617 164.392303466797
vertex 299.181884765625 134.433105468750 165.335800170898
vertex 294.302398681641 136.899902343750 168.994796752930
endloop
endfacet
facet normal -0.993126421694 -0.081104083808 -0.084392168614
outer loop
vertex 225.177398681641 218.112197875977 258.774108886719
vertex 225.735702514648 214.575393676758 255.602996826172
vertex 225.639801025391 213.033599853516 258.213287353516
endloop
endfacet
facet normal -0.946877244880 -0.318263129307 -0.046174274785
outer loop
vertex 235.453704833984 182.610992431641 238.860000610352
vertex 233.906494140625 187.069396972656 239.857803344727
vertex 234.208694458008 186.783004760742 235.634704589844
endloop
endfacet
facet normal -0.003714283383 -0.785398951769 0.618978748148
outer loop
vertex 294.302398681641 136.899902343750 168.994796752930
vertex 294.981811523438 139.381195068359 172.147293090820
vertex 291.546600341797 140.291000366211 173.281097412109
endloop
endfacet
facet normal 0.004907081464 -0.772622098644 0.634847236143
outer loop
vertex 291.546600341797 140.291000366211 173.281097412109
vertex 294.981811523438 139.381195068359 172.147293090820
vertex 294.493804931641 142.336395263672 175.747604370117
endloop
endfacet
facet normal 0.029872707705 -0.786662895252 0.616659639160
outer loop
vertex 291.546600341797 140.291000366211 173.281097412109
vertex 294.493804931641 142.336395263672 175.747604370117
vertex 289.842895507813 144.672698974609 178.953292846680
endloop
endfacet
facet normal -0.939976977565 -0.015011260084 -0.340907529572
outer loop
vertex 224.580001831055 199.789398193359 264.932891845703
vertex 223.273300170898 206.469192504883 268.241699218750
vertex 225.298400878906 203.513397216797 262.788085937500
endloop
endfacet
facet normal -0.989262612455 0.138118053593 0.047779565416
outer loop
vertex 225.269195556641 231.347106933594 256.334686279297
vertex 225.323699951172 230.960800170898 258.579895019531
vertex 225.704193115234 233.406204223633 259.388885498047
endloop
endfacet
facet normal 0.225846399476 -0.358886232454 0.905645668018
outer loop
vertex 391.842803955078 221.055099487305 218.034500122070
vertex 393.169891357422 224.047805786133 218.889495849609
vertex 388.617797851563 223.600204467773 219.847305297852
endloop
endfacet
facet normal 0.225121948395 -0.320774271504 0.920013029849
outer loop
vertex 393.169891357422 224.047805786133 218.889495849609
vertex 391.168212890625 226.242492675781 220.144500732422
vertex 388.617797851563 223.600204467773 219.847305297852
endloop
endfacet
facet normal 0.225642675253 -0.321244100632 0.919721485513
outer loop
vertex 391.168212890625 226.242492675781 220.144500732422
vertex 388.313903808594 227.388900756836 221.245193481445
vertex 388.617797851563 223.600204467773 219.847305297852
endloop
endfacet
facet normal 0.265040476486 -0.314990314002 0.911336736837
outer loop
vertex 388.617797851563 223.600204467773 219.847305297852
vertex 388.313903808594 227.388900756836 221.245193481445
vertex 384.839202880859 225.712799072266 221.676406860352
endloop
endfacet
facet normal 0.242109002437 -0.261534478179 0.934335564807
outer loop
vertex 388.313903808594 227.388900756836 221.245193481445
vertex 384.924194335938 229.400405883789 222.686599731445
vertex 384.839202880859 225.712799072266 221.676406860352
endloop
endfacet
facet normal -0.929005241266 0.332442411792 -0.162577072624
outer loop
vertex 224.497100830078 234.172607421875 277.923187255859
vertex 223.724899291992 234.339797973633 282.677612304688
vertex 225.230102539063 238.122604370117 281.811706542969
endloop
endfacet
facet normal -0.966540927170 0.229963802622 -0.113645438049
outer loop
vertex 224.795806884766 231.508407592773 270.463195800781
vertex 224.878295898438 233.506195068359 273.804199218750
vertex 225.591506958008 235.451599121094 271.674987792969
endloop
endfacet
facet normal -0.965829890954 0.245715311648 -0.082441539056
outer loop
vertex 225.389297485352 233.772994995117 269.040893554688
vertex 225.591506958008 235.451599121094 271.674987792969
vertex 226.090896606445 236.570693969727 269.159912109375
endloop
endfacet
facet normal -0.974389205788 0.215921472343 -0.062798036795
outer loop
vertex 225.389297485352 233.772994995117 269.040893554688
vertex 224.795806884766 231.508407592773 270.463195800781
vertex 225.591506958008 235.451599121094 271.674987792969
endloop
endfacet
facet normal -0.979249630511 0.181023660310 -0.091107604249
outer loop
vertex 225.710998535156 234.113800048828 266.260314941406
vertex 225.067306518555 231.236694335938 267.462310791016
vertex 225.389297485352 233.772994995117 269.040893554688
endloop
endfacet
facet normal -0.922475396984 -0.043006372430 -0.383652960225
outer loop
vertex 226.773193359375 196.104705810547 260.072509765625
vertex 224.580001831055 199.789398193359 264.932891845703
vertex 225.298400878906 203.513397216797 262.788085937500
endloop
endfacet
facet normal -0.987734703546 -0.055675236727 -0.145878111538
outer loop
vertex 225.397094726563 210.823593139648 260.700103759766
vertex 224.855804443359 216.672698974609 262.132812500000
vertex 225.639801025391 213.033599853516 258.213287353516
endloop
endfacet
facet normal -0.990745022639 0.135556615462 0.006978833677
outer loop
vertex 225.303604125977 230.422500610352 260.474914550781
vertex 225.731094360352 233.434097290039 262.666107177734
vertex 225.704193115234 233.406204223633 259.388885498047
endloop
endfacet
facet normal 0.128854456599 -0.597527451738 0.791427490952
outer loop
vertex 364.495300292969 191.121795654297 204.727905273438
vertex 367.956512451172 191.962493896484 204.799102783203
vertex 366.541809082031 195.452392578125 207.664306640625
endloop
endfacet
facet normal -0.983789819267 -0.165644432079 -0.068698716344
outer loop
vertex 225.735702514648 214.575393676758 255.602996826172
vertex 225.713302612305 215.802795410156 252.964294433594
vertex 226.503295898438 211.284500122070 252.545700073242
endloop
endfacet
facet normal -0.778918872239 0.381531594842 0.497713805924
outer loop
vertex 224.490857700522 242.394702434263 244.090667577746
vertex 225.018005371094 240.716903686523 246.201797485352
vertex 225.421025711226 242.245757735726 245.660550745475
endloop
endfacet
facet normal -0.837610095233 0.364761949500 0.406642408709
outer loop
vertex 225.018005371094 240.716903686523 246.201797485352
vertex 225.799098369827 242.189137285226 246.490101363554
vertex 225.421025711226 242.245757735726 245.660550745475
endloop
endfacet
facet normal -0.817771404596 0.333386047824 0.469152078693
outer loop
vertex 224.065912830260 242.447764224554 243.312246591095
vertex 225.018005371094 240.716903686523 246.201797485352
vertex 224.490857700522 242.394702434263 244.090667577746
endloop
endfacet
facet normal 0.086624863054 -0.800646981345 0.592841078506
outer loop
vertex 331.365295410156 132.313003540039 159.514495849609
vertex 337.357604980469 131.816894531250 157.968902587891
vertex 336.924499511719 134.304901123047 161.392303466797
endloop
endfacet
facet normal 0.063863092658 -0.818626713603 0.570764232562
outer loop
vertex 296.126312255859 128.560501098633 157.048797607422
vertex 293.092712402344 133.443893432617 164.392303466797
vertex 290.414306640625 130.756805419922 160.837997436523
endloop
endfacet
facet normal 0.201137764006 -0.547256360082 0.812437121407
outer loop
vertex 382.575103759766 210.037094116211 214.351501464844
vertex 373.584991455078 207.341400146484 214.761398315430
vertex 378.066406250000 204.607696533203 211.810501098633
endloop
endfacet
facet normal -0.972886055055 -0.149399357811 -0.176557514041
outer loop
vertex 226.350494384766 210.443206787109 255.171401977539
vertex 227.562393188477 205.777603149414 252.441406250000
vertex 226.503295898438 207.623504638672 256.715393066406
endloop
endfacet
facet normal -0.976715798607 -0.103927601409 -0.187684049447
outer loop
vertex 226.503295898438 207.623504638672 256.715393066406
vertex 225.397094726563 210.823593139648 260.700103759766
vertex 225.639801025391 213.033599853516 258.213287353516
endloop
endfacet
facet normal -0.808497238185 -0.476168563390 -0.345826134187
outer loop
vertex 245.336898803711 163.333694458008 237.063598632813
vertex 247.359405517578 158.699401855469 238.716201782227
vertex 242.722396850586 164.956298828125 240.941802978516
endloop
endfacet
facet normal -0.771704791293 -0.533534753072 -0.346139252844
outer loop
vertex 249.870895385742 158.683807373047 234.122497558594
vertex 245.336898803711 163.333694458008 237.063598632813
vertex 246.895294189453 163.369705200195 233.533706665039
endloop
endfacet
facet normal -0.954698745068 0.144210852225 -0.260295094586
outer loop
vertex 222.967895507813 221.715194702148 272.022613525391
vertex 221.912094116211 219.136398315430 274.466308593750
vertex 222.388702392578 224.157394409180 275.500000000000
endloop
endfacet
facet normal -0.948353313377 0.104430172941 -0.299533523976
outer loop
vertex 221.912094116211 219.136398315430 274.466308593750
vertex 222.967895507813 221.715194702148 272.022613525391
vertex 223.187606811523 216.517105102539 269.514709472656
endloop
endfacet
facet normal -0.700932111812 -0.518528700304 -0.489716409355
outer loop
vertex 254.778396606445 148.293594360352 237.787094116211
vertex 255.989380001955 145.026832818985 239.512771368027
vertex 253.746191623307 146.927162837192 240.711316284506
endloop
endfacet
facet normal -0.719755115085 -0.498926168340 -0.482726892616
outer loop
vertex 254.778396606445 148.293594360352 237.787094116211
vertex 251.283096313477 152.979202270508 238.155807495117
vertex 254.633895874023 151.101806640625 235.100097656250
endloop
endfacet
facet normal -0.917837017791 -0.023624022525 -0.396253850874
outer loop
vertex 226.773193359375 196.104705810547 260.072509765625
vertex 225.921096801758 193.791595458984 262.184112548828
vertex 224.580001831055 199.789398193359 264.932891845703
endloop
endfacet
facet normal -0.918992453826 -0.067912949438 -0.388382158589
outer loop
vertex 227.825393676758 190.820404052734 258.506805419922
vertex 226.773193359375 196.104705810547 260.072509765625
vertex 229.502304077148 190.472106933594 254.599792480469
endloop
endfacet
facet normal -0.964886591117 -0.259385683824 -0.041387598500
outer loop
vertex 232.302795410156 191.249298095703 243.239196777344
vertex 231.437606811523 194.602996826172 242.391296386719
vertex 232.206207275391 192.246994018555 239.238204956055
endloop
endfacet
facet normal -0.951036503278 -0.309077323744 -0.000881691865
outer loop
vertex 232.206207275391 192.246994018555 239.238204956055
vertex 231.437606811523 194.602996826172 242.391296386719
vertex 230.541198730469 197.364303588867 241.324600219727
endloop
endfacet
facet normal -0.949329914905 -0.313929036313 -0.014875242043
outer loop
vertex 231.437606811523 194.602996826172 242.391296386719
vertex 230.211807250977 198.172698974609 245.285705566406
vertex 230.541198730469 197.364303588867 241.324600219727
endloop
endfacet
facet normal -0.892118769396 0.000692903745 -0.451800421841
outer loop
vertex 223.738800048828 196.246002197266 266.497009277344
vertex 225.921096801758 193.791595458984 262.184112548828
vertex 225.378494262695 191.361206054688 263.251800537109
endloop
endfacet
facet normal -0.862497686021 0.045332247971 -0.504026516071
outer loop
vertex 223.686599731445 190.975494384766 266.112304687500
vertex 223.738800048828 196.246002197266 266.497009277344
vertex 225.378494262695 191.361206054688 263.251800537109
endloop
endfacet
facet normal -0.960647091838 -0.218720650825 -0.171226288423
outer loop
vertex 232.302795410156 191.249298095703 243.239196777344
vertex 232.052993774414 189.850799560547 246.427093505859
vertex 230.870803833008 194.533706665039 247.077804565430
endloop
endfacet
facet normal -0.954958694609 -0.212263743436 -0.207359578542
outer loop
vertex 230.870803833008 194.533706665039 247.077804565430
vertex 232.052993774414 189.850799560547 246.427093505859
vertex 230.122192382813 194.851104736328 250.200500488281
endloop
endfacet
facet normal -0.853877836170 -0.330933754662 -0.401715684188
outer loop
vertex 236.620697021484 172.365707397461 247.552398681641
vertex 238.321502685547 167.442199707031 247.993194580078
vertex 234.211807250977 173.319793701172 251.886703491211
endloop
endfacet
facet normal -0.856231644406 -0.331270326666 -0.396392913393
outer loop
vertex 239.910293579102 167.501800537109 244.511505126953
vertex 238.321502685547 167.442199707031 247.993194580078
vertex 236.620697021484 172.365707397461 247.552398681641
endloop
endfacet
facet normal -0.949111590420 -0.176391880357 -0.260908208907
outer loop
vertex 231.071792602539 189.940093994141 250.066299438477
vertex 229.258499145508 194.874893188477 253.326293945313
vertex 230.122192382813 194.851104736328 250.200500488281
endloop
endfacet
facet normal -0.953055301503 -0.151470371369 -0.262187564300
outer loop
vertex 229.258499145508 194.874893188477 253.326293945313
vertex 228.073394775391 200.824096679688 254.197204589844
vertex 230.122192382813 194.851104736328 250.200500488281
endloop
endfacet
facet normal -0.856916057286 -0.424545158988 -0.292329059018
outer loop
vertex 238.860397338867 171.258804321289 243.109603881836
vertex 241.936096191406 167.697097778320 239.266296386719
vertex 242.722396850586 164.956298828125 240.941802978516
endloop
endfacet
facet normal -0.815259040138 -0.453804830702 -0.359741397539
outer loop
vertex 241.936096191406 167.697097778320 239.266296386719
vertex 245.336898803711 163.333694458008 237.063598632813
vertex 242.722396850586 164.956298828125 240.941802978516
endloop
endfacet
facet normal -0.939516400933 -0.329267459872 0.094296724485
outer loop
vertex 230.266098022461 197.036407470703 237.438705444336
vertex 230.541198730469 197.364303588867 241.324600219727
vertex 229.077804565430 201.146194458008 239.949905395508
endloop
endfacet
facet normal -0.908545127056 -0.375103024678 0.183965956038
outer loop
vertex 230.266098022461 197.036407470703 237.438705444336
vertex 229.077804565430 201.146194458008 239.949905395508
vertex 228.252304077148 201.296295166016 236.179092407227
endloop
endfacet
facet normal -0.908879104402 -0.376788859683 0.178798570462
outer loop
vertex 229.311798095703 197.551300048828 233.672805786133
vertex 230.266098022461 197.036407470703 237.438705444336
vertex 228.252304077148 201.296295166016 236.179092407227
endloop
endfacet
facet normal -0.878191630627 -0.411556549636 0.243722519164
outer loop
vertex 229.311798095703 197.551300048828 233.672805786133
vertex 228.252304077148 201.296295166016 236.179092407227
vertex 227.878692626953 200.401199340820 233.321395874023
endloop
endfacet
facet normal 0.018534200937 -0.837587528024 0.545988659492
outer loop
vertex 303.749908613063 114.548280309691 134.852908768057
vertex 306.498992919922 119.969596862793 143.076293945313
vertex 298.925415039063 116.815002441406 138.494003295898
endloop
endfacet
facet normal 0.019651061951 -0.823311891624 0.567248944358
outer loop
vertex 313.295989990234 123.514198303223 147.985504150391
vertex 306.498992919922 119.969596862793 143.076293945313
vertex 313.179412841797 120.385902404785 143.449096679688
endloop
endfacet
facet normal 0.016385211923 -0.801610445064 0.597622137470
outer loop
vertex 293.092712402344 133.443893432617 164.392303466797
vertex 294.302398681641 136.899902343750 168.994796752930
vertex 289.785003662109 136.829406738281 169.024093627930
endloop
endfacet
facet normal 0.016221984625 -0.779039408172 0.626765065818
outer loop
vertex 294.302398681641 136.899902343750 168.994796752930
vertex 291.546600341797 140.291000366211 173.281097412109
vertex 289.785003662109 136.829406738281 169.024093627930
endloop
endfacet
facet normal 0.243695468386 -0.347934675912 0.905292206962
outer loop
vertex 388.617797851563 223.600204467773 219.847305297852
vertex 384.839202880859 225.712799072266 221.676406860352
vertex 384.768890380859 222.977600097656 220.644104003906
endloop
endfacet
facet normal 0.122834553058 -0.788381773601 0.602798350719
outer loop
vertex 336.924499511719 134.304901123047 161.392303466797
vertex 343.060699462891 136.264801025391 162.705200195313
vertex 338.112609863281 136.688095092773 164.267105102539
endloop
endfacet
facet normal 0.126819934956 -0.794701072955 0.593605010712
outer loop
vertex 337.357604980469 131.816894531250 157.968902587891
vertex 343.060699462891 136.264801025391 162.705200195313
vertex 336.924499511719 134.304901123047 161.392303466797
endloop
endfacet
facet normal 0.086207109636 -0.775939605565 0.624888840326
outer loop
vertex 343.060699462891 136.264801025391 162.705200195313
vertex 337.357604980469 131.816894531250 157.968902587891
vertex 345.562805175781 133.244705200195 158.609893798828
endloop
endfacet
facet normal 0.126526218952 -0.547224570882 0.827367140356
outer loop
vertex 378.066406250000 204.607696533203 211.810501098633
vertex 377.774414062500 200.842895507813 209.365097045898
vertex 383.026702880859 203.468093872070 210.298202514648
endloop
endfacet
facet normal 0.081879320618 -0.759988925082 0.644757792204
outer loop
vertex 345.562805175781 133.244705200195 158.609893798828
vertex 337.357604980469 131.816894531250 157.968902587891
vertex 342.268798828125 129.244003295898 154.312500000000
endloop
endfacet
facet normal 0.115428640296 -0.529631530533 0.840337236391
outer loop
vertex 383.026702880859 203.468093872070 210.298202514648
vertex 377.774414062500 200.842895507813 209.365097045898
vertex 380.296112060547 199.026794433594 207.874099731445
endloop
endfacet
facet normal 0.151912271677 -0.557143941214 0.816402652178
outer loop
vertex 377.774414062500 200.842895507813 209.365097045898
vertex 373.046600341797 201.016494750977 210.363296508789
vertex 374.085693359375 195.751907348633 206.577194213867
endloop
endfacet
facet normal 0.078928363331 -0.514549644709 0.853820224984
outer loop
vertex 380.296112060547 199.026794433594 207.874099731445
vertex 382.799208164215 201.244294643402 208.979073165862
vertex 383.086771815298 203.344478762492 210.218153750990
endloop
endfacet
facet normal 0.055730769240 -0.520182346989 0.852234948381
outer loop
vertex 382.962493896484 190.223403930664 202.341094970703
vertex 382.738351119429 195.391525928852 205.510241559983
vertex 381.235809326172 195.233093261719 205.511795043945
endloop
endfacet
facet normal 0.153726295288 -0.546602188876 0.823161146589
outer loop
vertex 377.774414062500 200.842895507813 209.365097045898
vertex 378.066406250000 204.607696533203 211.810501098633
vertex 373.046600341797 201.016494750977 210.363296508789
endloop
endfacet
facet normal 0.180930262535 -0.665676506184 0.723974467239
outer loop
vertex 380.522796630859 178.627105712891 194.334503173828
vertex 376.577301025391 178.520492553711 195.222503662109
vertex 378.996093750000 176.328903198242 192.602905273438
endloop
endfacet
facet normal 0.186695570137 -0.629925042276 0.753882752956
outer loop
vertex 376.577301025391 178.520492553711 195.222503662109
vertex 380.522796630859 178.627105712891 194.334503173828
vertex 379.379211425781 181.206405639648 196.772903442383
endloop
endfacet
facet normal 0.145388550358 -0.574613205925 0.805407867482
outer loop
vertex 373.462097167969 181.240005493164 197.865005493164
vertex 379.379211425781 181.206405639648 196.772903442383
vertex 378.221313476563 183.330993652344 198.497695922852
endloop
endfacet
facet normal -0.911668580431 -0.363050584357 -0.192495902952
outer loop
vertex 235.653503417969 180.518493652344 241.628005981445
vertex 237.725006103516 177.881607055664 236.790496826172
vertex 238.045593261719 175.758605957031 239.276199340820
endloop
endfacet
facet normal -0.908884214923 -0.332153371231 -0.252197584928
outer loop
vertex 236.791503906250 176.493103027344 242.828399658203
vertex 235.653503417969 180.518493652344 241.628005981445
vertex 238.045593261719 175.758605957031 239.276199340820
endloop
endfacet
facet normal -0.811419260656 -0.408656968712 -0.417849572645
outer loop
vertex 242.868606567383 162.079696655273 243.855102539063
vertex 243.209701538086 158.732498168945 246.466293334961
vertex 240.393905639648 163.074905395508 247.687393188477
endloop
endfacet
facet normal -0.819888645850 -0.357762324388 -0.446977323425
outer loop
vertex 238.321502685547 167.442199707031 247.993194580078
vertex 240.393905639648 163.074905395508 247.687393188477
vertex 237.958297729492 165.610900878906 250.125198364258
endloop
endfacet
facet normal 0.312419267910 0.195098893833 0.929693832755
outer loop
vertex 401.797828432644 237.768318313768 217.463343566159
vertex 395.659790039063 238.009002685547 219.475494384766
vertex 401.257501031579 235.317022154263 218.159329532131
endloop
endfacet
facet normal -0.844957839509 -0.191710501529 -0.499292832971
outer loop
vertex 234.211807250977 173.319793701172 251.886703491211
vertex 232.453796386719 171.499298095703 255.560806274414
vertex 230.704498291016 177.244003295898 256.315399169922
endloop
endfacet
facet normal -0.820796466090 -0.327843525188 -0.467773218821
outer loop
vertex 235.756500244141 166.921096801758 253.070404052734
vertex 235.793701171875 168.900695800781 251.617706298828
vertex 237.958297729492 165.610900878906 250.125198364258
endloop
endfacet
facet normal 0.021694891934 -0.855389132402 0.517531413378
outer loop
vertex 293.395111083984 149.492996215820 186.182907104492
vertex 289.802795410156 148.137802124023 184.093597412109
vertex 293.044891357422 147.266998291016 182.518402099609
endloop
endfacet
facet normal 0.043554020423 -0.855702168492 0.515632471964
outer loop
vertex 293.395111083984 149.492996215820 186.182907104492
vertex 293.044891357422 147.266998291016 182.518402099609
vertex 297.119598388672 148.038894653320 183.455200195313
endloop
endfacet
facet normal 0.013921968752 -0.844942912905 0.534675277826
outer loop
vertex 298.925415039063 116.815002441406 138.494003295898
vertex 297.401092529297 121.490097045898 145.921707153320
vertex 291.231811523438 115.906097412109 137.257995605469
endloop
endfacet
facet normal -0.971855982601 -0.230666515739 -0.047842529186
outer loop
vertex 226.503295898438 211.284500122070 252.545700073242
vertex 226.188598632813 213.316192626953 249.142807006836
vertex 227.476394653320 207.846206665039 249.355804443359
endloop
endfacet
facet normal -0.973151198589 -0.229686924061 -0.014854682787
outer loop
vertex 227.476394653320 207.846206665039 249.355804443359
vertex 226.188598632813 213.316192626953 249.142807006836
vertex 227.249694824219 208.960205078125 246.982299804688
endloop
endfacet
facet normal -0.985170043287 -0.171220196217 -0.011118912585
outer loop
vertex 225.713302612305 215.802795410156 252.964294433594
vertex 226.188598632813 213.316192626953 249.142807006836
vertex 226.503295898438 211.284500122070 252.545700073242
endloop
endfacet
facet normal -0.956668346282 -0.277220197982 0.089076579714
outer loop
vertex 226.188598632813 213.316192626953 249.142807006836
vertex 226.469406127930 211.159896850586 245.447906494141
vertex 227.249694824219 208.960205078125 246.982299804688
endloop
endfacet
facet normal 0.038809165200 -0.835594731823 0.547973806715
outer loop
vertex 310.003204345703 127.316001892090 154.016006469727
vertex 313.295989990234 123.514198303223 147.985504150391
vertex 321.437103271484 126.808799743652 152.432800292969
endloop
endfacet
facet normal 0.019359254177 -0.820004791070 0.572029161757
outer loop
vertex 313.295989990234 123.514198303223 147.985504150391
vertex 318.514801025391 123.588996887207 147.916107177734
vertex 321.437103271484 126.808799743652 152.432800292969
endloop
endfacet
facet normal 0.260328211678 -0.762550822821 0.592237675954
outer loop
vertex 319.427001953125 157.075302124023 191.920806884766
vertex 323.571197509766 156.539596557617 189.409393310547
vertex 324.127593994141 159.708099365234 193.244506835938
endloop
endfacet
facet normal 0.255365748148 -0.668262639412 0.698722677060
outer loop
vertex 372.945892333984 167.065399169922 185.979995727539
vertex 375.524688720703 169.834503173828 187.685897827148
vertex 368.263885498047 171.356094360352 191.794799804688
endloop
endfacet
facet normal 0.231713700571 -0.637627765865 0.734669717061
outer loop
vertex 374.667602539063 174.986602783203 192.689498901367
vertex 373.148101806641 177.321701049805 195.195404052734
vertex 369.242492675781 175.233901977539 194.615203857422
endloop
endfacet
facet normal 0.091063463121 -0.805790749868 0.585156998687
outer loop
vertex 333.126708984375 135.146606445313 163.142395019531
vertex 331.365295410156 132.313003540039 159.514495849609
vertex 336.924499511719 134.304901123047 161.392303466797
endloop
endfacet
facet normal 0.256143500024 -0.603180737493 0.755356541848
outer loop
vertex 373.584991455078 207.341400146484 214.761398315430
vertex 366.959014892578 205.934600830078 215.884902954102
vertex 367.751190185547 201.619995117188 212.170898437500
endloop
endfacet
facet normal 0.108259050989 -0.536688258294 0.836806842281
outer loop
vertex 380.296112060547 199.026794433594 207.874099731445
vertex 377.774414062500 200.842895507813 209.365097045898
vertex 374.085693359375 195.751907348633 206.577194213867
endloop
endfacet
facet normal 0.039338787736 -0.765168969281 0.642626569812
outer loop
vertex 332.150695800781 128.262405395508 153.763107299805
vertex 336.867706298828 126.931198120117 151.889297485352
vertex 342.268798828125 129.244003295898 154.312500000000
endloop
endfacet
facet normal 0.195200606932 -0.603290638781 0.773263944726
outer loop
vertex 366.541809082031 195.452392578125 207.664306640625
vertex 373.046600341797 201.016494750977 210.363296508789
vertex 367.751190185547 201.619995117188 212.170898437500
endloop
endfacet
facet normal 0.268957102012 -0.632713867750 0.726178517194
outer loop
vertex 361.357696533203 190.521194458008 205.017898559570
vertex 359.305114746094 192.622192382813 207.608703613281
vertex 356.831512451172 187.719299316406 204.253005981445
endloop
endfacet
facet normal 0.370388455370 -0.625180239302 0.686994949410
outer loop
vertex 359.305114746094 192.622192382813 207.608703613281
vertex 358.774597167969 196.705902099609 211.610992431641
vertex 353.867889404297 191.499206542969 209.518203735352
endloop
endfacet
facet normal -0.013202649806 -0.760200544457 0.649554325861
outer loop
vertex 331.346245104002 122.692132443799 146.815914363271
vertex 335.864602707077 124.968920558137 149.572373347499
vertex 329.988311767578 123.774200439453 148.054702758789
endloop
endfacet
facet normal 0.090423640592 -0.510187771268 0.855296441750
outer loop
vertex 381.235809326172 195.233093261719 205.511795043945
vertex 380.296112060547 199.026794433594 207.874099731445
vertex 374.085693359375 195.751907348633 206.577194213867
endloop
endfacet
facet normal 0.264026046832 0.079030551200 0.961272291586
outer loop
vertex 401.257501031579 235.317022154263 218.159329532131
vertex 399.048187255859 232.995605468750 218.957000732422
vertex 401.257511446525 235.317017145638 218.159327083311
endloop
endfacet
facet normal 0.303101558398 0.106922637071 0.946940861394
outer loop
vertex 395.659790039063 238.009002685547 219.475494384766
vertex 393.031311035156 233.636093139648 220.810592651367
vertex 399.048187255859 232.995605468750 218.957000732422
endloop
endfacet
facet normal 0.329231237621 0.151928137231 0.931946690156
outer loop
vertex 389.082092285156 240.124099731445 221.454406738281
vertex 389.978698730469 236.948806762695 221.655303955078
vertex 395.659790039063 238.009002685547 219.475494384766
endloop
endfacet
facet normal 0.205694119280 -0.403485985984 0.891565470624
outer loop
vertex 390.593902587891 217.789596557617 216.844802856445
vertex 391.842803955078 221.055099487305 218.034500122070
vertex 388.776794433594 220.203796386719 218.356597900391
endloop
endfacet
facet normal 0.201676953019 -0.385710259332 0.900307726540
outer loop
vertex 391.842803955078 221.055099487305 218.034500122070
vertex 388.617797851563 223.600204467773 219.847305297852
vertex 388.776794433594 220.203796386719 218.356597900391
endloop
endfacet
facet normal 0.344285074344 0.078693666744 0.935561379279
outer loop
vertex 395.659790039063 238.009002685547 219.475494384766
vertex 389.978698730469 236.948806762695 221.655303955078
vertex 393.031311035156 233.636093139648 220.810592651367
endloop
endfacet
facet normal 0.228029650047 -0.382341306018 0.895442686280
outer loop
vertex 388.776794433594 220.203796386719 218.356597900391
vertex 388.617797851563 223.600204467773 219.847305297852
vertex 385.800201416016 220.598403930664 219.283096313477
endloop
endfacet
facet normal 0.074921959706 -0.509629083621 0.857125951702
outer loop
vertex 375.685791015625 185.210693359375 199.996704101563
vertex 382.962493896484 190.223403930664 202.341094970703
vertex 374.347900390625 190.185394287109 203.071502685547
endloop
endfacet
facet normal 0.074684092838 -0.514799404951 0.854051438111
outer loop
vertex 382.962493896484 190.223403930664 202.341094970703
vertex 381.235809326172 195.233093261719 205.511795043945
vertex 374.347900390625 190.185394287109 203.071502685547
endloop
endfacet
facet normal 0.139922699813 -0.559763010483 0.816753947142
outer loop
vertex 373.046600341797 201.016494750977 210.363296508789
vertex 366.541809082031 195.452392578125 207.664306640625
vertex 374.085693359375 195.751907348633 206.577194213867
endloop
endfacet
facet normal -0.950981503680 0.016666717092 -0.308798316383
outer loop
vertex 222.341598510742 212.933807373047 271.459899902344
vertex 223.853805541992 210.340393066406 266.662902832031
vertex 223.273300170898 206.469192504883 268.241699218750
endloop
endfacet
facet normal -0.959884184862 -0.052251832731 -0.275485204011
outer loop
vertex 226.261505126953 204.964797973633 259.157012939453
vertex 225.298400878906 203.513397216797 262.788085937500
vertex 224.989395141602 208.711593627930 262.878814697266
endloop
endfacet
facet normal -0.984175885654 -0.134361162285 -0.115520146153
outer loop
vertex 225.735702514648 214.575393676758 255.602996826172
vertex 226.350494384766 210.443206787109 255.171401977539
vertex 225.639801025391 213.033599853516 258.213287353516
endloop
endfacet
facet normal -0.984480592912 -0.122278437942 -0.125880680786
outer loop
vertex 226.350494384766 210.443206787109 255.171401977539
vertex 226.503295898438 207.623504638672 256.715393066406
vertex 225.639801025391 213.033599853516 258.213287353516
endloop
endfacet
facet normal 0.048824714230 -0.822207879766 0.567089366618
outer loop
vertex 297.119598388672 148.038894653320 183.455200195313
vertex 298.354614257813 145.888107299805 180.230499267578
vertex 300.894500732422 147.203994750977 181.919692993164
endloop
endfacet
facet normal -0.958701946507 -0.007898045285 -0.284303004988
outer loop
vertex 223.853805541992 210.340393066406 266.662902832031
vertex 224.342895507813 214.002700805664 264.911895751953
vertex 224.989395141602 208.711593627930 262.878814697266
endloop
endfacet
facet normal -0.976069260895 -0.092129339719 -0.196979650469
outer loop
vertex 226.503295898438 207.623504638672 256.715393066406
vertex 226.261505126953 204.964797973633 259.157012939453
vertex 225.397094726563 210.823593139648 260.700103759766
endloop
endfacet
facet normal -0.720120845797 -0.495481436386 -0.485720200986
outer loop
vertex 253.486629108586 147.157944190599 240.860720202674
vertex 254.778396606445 148.293594360352 237.787094116211
vertex 253.746191623307 146.927162837192 240.711316284506
endloop
endfacet
facet normal 0.010018758805 -0.781874841477 0.623354920361
outer loop
vertex 302.225494384766 142.980102539063 176.410903930664
vertex 300.608795166016 145.068206787109 179.055999755859
vertex 298.308990478516 143.289398193359 176.861801147461
endloop
endfacet
facet normal -0.736507460188 -0.499583889907 -0.456040237296
outer loop
vertex 251.542205810547 150.573501586914 240.259292602539
vertex 252.845069675990 147.758901119232 241.238504648209
vertex 250.006113375874 150.428739322634 242.898674688457
endloop
endfacet
facet normal -0.717047541693 -0.514620626624 -0.470115340747
outer loop
vertex 254.633895874023 151.101806640625 235.100097656250
vertex 251.283096313477 152.979202270508 238.155807495117
vertex 251.491302490234 154.951705932617 235.679000854492
endloop
endfacet
facet normal -0.759020064432 -0.477254125228 -0.442851037871
outer loop
vertex 247.359405517578 158.699401855469 238.716201782227
vertex 251.283096313477 152.979202270508 238.155807495117
vertex 247.556900024414 155.195602416992 242.153701782227
endloop
endfacet
facet normal 0.010964629769 -0.777613131644 0.628647432500
outer loop
vertex 302.225494384766 142.980102539063 176.410903930664
vertex 298.308990478516 143.289398193359 176.861801147461
vertex 300.537200927734 140.744506835938 173.675003051758
endloop
endfacet
facet normal -0.958063161176 -0.285760651030 -0.021350164408
outer loop
vertex 230.541198730469 197.364303588867 241.324600219727
vertex 230.211807250977 198.172698974609 245.285705566406
vertex 229.334594726563 201.281494140625 243.039993286133
endloop
endfacet
facet normal 0.301262617656 0.034624826901 0.952912355133
outer loop
vertex 389.978698730469 236.948806762695 221.655303955078
vertex 386.724212646484 233.833801269531 222.797393798828
vertex 393.031311035156 233.636093139648 220.810592651367
endloop
endfacet
facet normal -0.939472349125 -0.329897727178 0.092515916639
outer loop
vertex 229.077804565430 201.146194458008 239.949905395508
vertex 230.541198730469 197.364303588867 241.324600219727
vertex 229.334594726563 201.281494140625 243.039993286133
endloop
endfacet
facet normal -0.945303183976 -0.312875183994 0.092255133225
outer loop
vertex 229.077804565430 201.146194458008 239.949905395508
vertex 229.334594726563 201.281494140625 243.039993286133
vertex 227.980895996094 205.167999267578 242.349899291992
endloop
endfacet
facet normal 0.300542974024 0.003117360358 0.953763179636
outer loop
vertex 393.031311035156 233.636093139648 220.810592651367
vertex 386.724212646484 233.833801269531 222.797393798828
vertex 390.350402832031 232.193801879883 221.660095214844
endloop
endfacet
facet normal -0.919585513485 -0.353333560153 0.171807679274
outer loop
vertex 229.077804565430 201.146194458008 239.949905395508
vertex 227.980895996094 205.167999267578 242.349899291992
vertex 227.549606323242 204.661102294922 238.998992919922
endloop
endfacet
facet normal -0.918373597918 -0.348650421109 0.187170559941
outer loop
vertex 228.252304077148 201.296295166016 236.179092407227
vertex 229.077804565430 201.146194458008 239.949905395508
vertex 227.549606323242 204.661102294922 238.998992919922
endloop
endfacet
facet normal -0.846662254626 -0.436438201623 0.304441657392
outer loop
vertex 227.878692626953 200.401199340820 233.321395874023
vertex 226.731994628906 202.765304565430 233.521499633789
vertex 227.033706665039 201.146499633789 232.039901733398
endloop
endfacet
facet normal -0.862573526108 -0.439586774548 0.250460335582
outer loop
vertex 228.252304077148 201.296295166016 236.179092407227
vertex 226.731994628906 202.765304565430 233.521499633789
vertex 227.878692626953 200.401199340820 233.321395874023
endloop
endfacet
facet normal -0.874434284078 -0.394742775534 0.282033373898
outer loop
vertex 226.731994628906 202.765304565430 233.521499633789
vertex 228.252304077148 201.296295166016 236.179092407227
vertex 226.445404052734 205.277801513672 236.149505615234
endloop
endfacet
facet normal 0.218322803430 -0.660953221262 0.717966568028
outer loop
vertex 379.340350386933 171.805907295236 188.340468629563
vertex 374.667602539063 174.986602783203 192.689498901367
vertex 375.524688720703 169.834503173828 187.685897827148
endloop
endfacet
facet normal 0.214066307061 -0.642849283739 0.735472918997
outer loop
vertex 376.577301025391 178.520492553711 195.222503662109
vertex 374.667602539063 174.986602783203 192.689498901367
vertex 378.996093750000 176.328903198242 192.602905273438
endloop
endfacet
facet normal 0.190575813990 -0.632274026597 0.750939687600
outer loop
vertex 373.020507812500 178.804992675781 196.364700317383
vertex 376.577301025391 178.520492553711 195.222503662109
vertex 379.379211425781 181.206405639648 196.772903442383
endloop
endfacet
facet normal 0.150015408679 -0.538203730627 0.829356450206
outer loop
vertex 373.462097167969 181.240005493164 197.865005493164
vertex 373.020507812500 178.804992675781 196.364700317383
vertex 379.379211425781 181.206405639648 196.772903442383
endloop
endfacet
facet normal 0.115598628051 -0.519312692471 0.846729758915
outer loop
vertex 375.685791015625 185.210693359375 199.996704101563
vertex 373.462097167969 181.240005493164 197.865005493164
vertex 378.221313476563 183.330993652344 198.497695922852
endloop
endfacet
facet normal 0.081812440297 -0.507988482212 0.857469781714
outer loop
vertex 375.685791015625 185.210693359375 199.996704101563
vertex 374.347900390625 190.185394287109 203.071502685547
vertex 369.128204345703 184.973403930664 200.481796264648
endloop
endfacet
facet normal 0.075831449851 -0.509138751689 0.857337344773
outer loop
vertex 370.728485107422 191.466598510742 204.152496337891
vertex 366.233184814453 187.496307373047 202.192306518555
vertex 374.347900390625 190.185394287109 203.071502685547
endloop
endfacet
facet normal -0.940145602720 0.311186651207 -0.138885254062
outer loop
vertex 224.497100830078 234.172607421875 277.923187255859
vertex 225.230102539063 238.122604370117 281.811706542969
vertex 225.631393432617 238.072494506836 278.983001708984
endloop
endfacet
facet normal -0.941943206100 0.309408811714 -0.130419261294
outer loop
vertex 226.281097412109 238.645599365234 275.650207519531
vertex 224.497100830078 234.172607421875 277.923187255859
vertex 225.631393432617 238.072494506836 278.983001708984
endloop
endfacet
facet normal -0.942078723856 0.306253815839 -0.136734334903
outer loop
vertex 224.878295898438 233.506195068359 273.804199218750
vertex 224.497100830078 234.172607421875 277.923187255859
vertex 226.281097412109 238.645599365234 275.650207519531
endloop
endfacet
facet normal 0.232058977245 -0.608276771700 0.759044135799
outer loop
vertex 359.305114746094 192.622192382813 207.608703613281
vertex 366.541809082031 195.452392578125 207.664306640625
vertex 363.136505126953 197.742095947266 210.540298461914
endloop
endfacet
facet normal -0.957026395482 0.283369224923 -0.061663285000
outer loop
vertex 224.878295898438 233.506195068359 273.804199218750
vertex 226.281097412109 238.645599365234 275.650207519531
vertex 225.591506958008 235.451599121094 271.674987792969
endloop
endfacet
facet normal 0.237666140020 -0.603020948870 0.761498877945
outer loop
vertex 363.136505126953 197.742095947266 210.540298461914
vertex 366.541809082031 195.452392578125 207.664306640625
vertex 367.751190185547 201.619995117188 212.170898437500
endloop
endfacet
facet normal -0.967567189271 0.240569509207 -0.077071690560
outer loop
vertex 225.710998535156 234.113800048828 266.260314941406
vertex 226.090896606445 236.570693969727 269.159912109375
vertex 226.498397827148 237.515502929688 266.993194580078
endloop
endfacet
facet normal -0.965902372922 0.245699234114 -0.081636342024
outer loop
vertex 225.710998535156 234.113800048828 266.260314941406
vertex 225.389297485352 233.772994995117 269.040893554688
vertex 226.090896606445 236.570693969727 269.159912109375
endloop
endfacet
facet normal -0.973500272108 0.223647894704 -0.047737190949
outer loop
vertex 225.731094360352 233.434097290039 262.666107177734
vertex 225.710998535156 234.113800048828 266.260314941406
vertex 226.426300048828 236.827102661133 264.385009765625
endloop
endfacet
facet normal -0.977697041146 0.209927544206 0.006238743308
outer loop
vertex 225.704193115234 233.406204223633 259.388885498047
vertex 225.731094360352 233.434097290039 262.666107177734
vertex 226.358398437500 236.392303466797 261.432586669922
endloop
endfacet
facet normal -0.978856575514 0.204406924130 -0.007590384733
outer loop
vertex 225.731094360352 233.434097290039 262.666107177734
vertex 226.426300048828 236.827102661133 264.385009765625
vertex 226.358398437500 236.392303466797 261.432586669922
endloop
endfacet
facet normal -0.979257348335 0.201758007143 0.018674910619
outer loop
vertex 225.704193115234 233.406204223633 259.388885498047
vertex 226.358398437500 236.392303466797 261.432586669922
vertex 226.314804077148 236.404403686523 259.015899658203
endloop
endfacet
facet normal 0.096360855095 -0.546275533835 0.832044245662
outer loop
vertex 367.956512451172 191.962493896484 204.799102783203
vertex 370.728485107422 191.466598510742 204.152496337891
vertex 374.085693359375 195.751907348633 206.577194213867
endloop
endfacet
facet normal 0.137762087392 -0.594534796896 0.792180523970
outer loop
vertex 366.541809082031 195.452392578125 207.664306640625
vertex 367.956512451172 191.962493896484 204.799102783203
vertex 374.085693359375 195.751907348633 206.577194213867
endloop
endfacet
facet normal 0.019993355636 -0.825689562513 0.563770354034
outer loop
vertex 306.498992919922 119.969596862793 143.076293945313
vertex 309.554412841797 116.936698913574 138.526000976563
vertex 313.179412841797 120.385902404785 143.449096679688
endloop
endfacet
facet normal 0.068081202914 -0.815213845159 0.575144622222
outer loop
vertex 290.996887207031 128.675094604492 157.818405151367
vertex 296.126312255859 128.560501098633 157.048797607422
vertex 290.414306640625 130.756805419922 160.837997436523
endloop
endfacet
facet normal 0.248343432344 -0.673082159790 0.696624680717
outer loop
vertex 372.945892333984 167.065399169922 185.979995727539
vertex 368.263885498047 171.356094360352 191.794799804688
vertex 366.537109375000 166.130401611328 187.361297607422
endloop
endfacet
facet normal 0.240260279832 -0.609893273065 0.755185535749
outer loop
vertex 374.667602539063 174.986602783203 192.689498901367
vertex 369.242492675781 175.233901977539 194.615203857422
vertex 368.263885498047 171.356094360352 191.794799804688
endloop
endfacet
facet normal 0.096651778891 -0.501244757223 0.859890764570
outer loop
vertex 373.462097167969 181.240005493164 197.865005493164
vertex 367.250701904297 180.361892700195 198.051300048828
vertex 367.532714843750 176.898605346680 196.000793457031
endloop
endfacet
facet normal 0.021843120516 -0.820711150240 0.570925639605
outer loop
vertex 321.437103271484 126.808799743652 152.432800292969
vertex 318.514801025391 123.588996887207 147.916107177734
vertex 326.351104736328 125.236503601074 149.984603881836
endloop
endfacet
facet normal 0.109712012717 -0.525797836217 0.843504540412
outer loop
vertex 366.233184814453 187.496307373047 202.192306518555
vertex 360.927093505859 187.196701049805 202.695693969727
vertex 359.177886962891 182.377395629883 199.919097900391
endloop
endfacet
facet normal 0.109731081864 -0.501183411203 0.858355566189
outer loop
vertex 366.233184814453 187.496307373047 202.192306518555
vertex 365.019714355469 189.633300781250 203.595199584961
vertex 360.927093505859 187.196701049805 202.695693969727
endloop
endfacet
facet normal 0.172559205391 -0.578977976976 0.796873780979
outer loop
vertex 360.927093505859 187.196701049805 202.695693969727
vertex 361.357696533203 190.521194458008 205.017898559570
vertex 358.988311767578 187.816299438477 203.565704345703
endloop
endfacet
facet normal 0.262450066402 -0.624724600689 0.735417660884
outer loop
vertex 361.357696533203 190.521194458008 205.017898559570
vertex 356.831512451172 187.719299316406 204.253005981445
vertex 358.988311767578 187.816299438477 203.565704345703
endloop
endfacet
facet normal 0.427637233961 -0.653874298801 0.624159272540
outer loop
vertex 353.867889404297 191.499206542969 209.518203735352
vertex 358.774597167969 196.705902099609 211.610992431641
vertex 354.838592529297 195.886306762695 213.449096679688
endloop
endfacet
facet normal 0.284642260424 -0.594847724177 0.751754593350
outer loop
vertex 366.959014892578 205.934600830078 215.884902954102
vertex 362.732696533203 201.662597656250 214.104797363281
vertex 367.751190185547 201.619995117188 212.170898437500
endloop
endfacet
facet normal 0.121296259108 -0.515185434697 0.848452229299
outer loop
vertex 383.026702880859 203.468093872070 210.298202514648
vertex 383.878856897354 206.425338983536 211.972034540578
vertex 382.575103759766 210.037094116211 214.351501464844
endloop
endfacet
facet normal 0.105976937596 -0.786605702925 0.608292986005
outer loop
vertex 333.126708984375 135.146606445313 163.142395019531
vertex 336.924499511719 134.304901123047 161.392303466797
vertex 338.112609863281 136.688095092773 164.267105102539
endloop
endfacet
facet normal 0.043233450526 -0.788802309453 0.613124608345
outer loop
vertex 337.357604980469 131.816894531250 157.968902587891
vertex 332.150695800781 128.262405395508 153.763107299805
vertex 342.268798828125 129.244003295898 154.312500000000
endloop
endfacet
facet normal -0.013153978885 -0.760211479581 0.649542515277
outer loop
vertex 336.867706298828 126.931198120117 151.889297485352
vertex 335.864602707077 124.968920558137 149.572373347499
vertex 337.810487057413 126.011566460611 150.832071499061
endloop
endfacet
facet normal -0.828910249520 -0.405623150293 -0.385198206366
outer loop
vertex 239.910293579102 167.501800537109 244.511505126953
vertex 242.868606567383 162.079696655273 243.855102539063
vertex 238.321502685547 167.442199707031 247.993194580078
endloop
endfacet
facet normal -0.838836293700 -0.379903979329 -0.389905935914
outer loop
vertex 239.910293579102 167.501800537109 244.511505126953
vertex 238.860397338867 171.258804321289 243.109603881836
vertex 242.722396850586 164.956298828125 240.941802978516
endloop
endfacet
facet normal -0.975476369572 -0.035737996919 -0.217183443160
outer loop
vertex 224.342895507813 214.002700805664 264.911895751953
vertex 225.397094726563 210.823593139648 260.700103759766
vertex 224.989395141602 208.711593627930 262.878814697266
endloop
endfacet
facet normal 0.355343225828 -0.775967825706 0.521157486108
outer loop
vertex 326.033203125000 163.014495849609 196.868194580078
vertex 324.127593994141 159.708099365234 193.244506835938
vertex 327.817199707031 161.917999267578 194.019195556641
endloop
endfacet
facet normal 0.299129075291 -0.756483861331 0.581596048699
outer loop
vertex 324.127593994141 159.708099365234 193.244506835938
vertex 323.571197509766 156.539596557617 189.409393310547
vertex 327.795806884766 159.651702880859 191.284500122070
endloop
endfacet
facet normal 0.311896437709 -0.732753835541 0.604807761726
outer loop
vertex 327.817199707031 161.917999267578 194.019195556641
vertex 324.127593994141 159.708099365234 193.244506835938
vertex 327.795806884766 159.651702880859 191.284500122070
endloop
endfacet
facet normal 0.043586014224 -0.831051345154 0.554485275803
outer loop
vertex 304.744903564453 131.575302124023 160.813095092773
vertex 310.003204345703 127.316001892090 154.016006469727
vertex 310.762390136719 132.215301513672 161.299301147461
endloop
endfacet
facet normal 0.040473098384 -0.828946940387 0.557861002697
outer loop
vertex 310.003204345703 127.316001892090 154.016006469727
vertex 321.437103271484 126.808799743652 152.432800292969
vertex 322.824401855469 130.521102905273 157.848403930664
endloop
endfacet
facet normal 0.274190074029 -0.631319738580 0.725434484281
outer loop
vertex 362.732696533203 201.662597656250 214.104797363281
vertex 363.136505126953 197.742095947266 210.540298461914
vertex 367.751190185547 201.619995117188 212.170898437500
endloop
endfacet
facet normal 0.087571123901 -0.527901718714 0.844778712822
outer loop
vertex 381.235809326172 195.233093261719 205.511795043945
vertex 374.085693359375 195.751907348633 206.577194213867
vertex 374.347900390625 190.185394287109 203.071502685547
endloop
endfacet
facet normal 0.065139037480 -0.529575244068 0.845758219982
outer loop
vertex 374.085693359375 195.751907348633 206.577194213867
vertex 370.728485107422 191.466598510742 204.152496337891
vertex 374.347900390625 190.185394287109 203.071502685547
endloop
endfacet
facet normal 0.131815657216 -0.768675303903 0.625909665753
outer loop
vertex 338.112609863281 136.688095092773 164.267105102539
vertex 343.060699462891 136.264801025391 162.705200195313
vertex 340.898101806641 138.871002197266 166.361297607422
endloop
endfacet
facet normal -0.826887610526 0.004209896023 -0.562351452683
outer loop
vertex 224.070652537253 186.675548605278 265.273924304547
vertex 227.156204223633 182.975692749023 260.709197998047
vertex 225.094218059379 183.883458375931 263.747960329056
endloop
endfacet
facet normal 0.140361666130 -0.512910383731 0.846889332169
outer loop
vertex 382.575103759766 210.037094116211 214.351501464844
vertex 378.066406250000 204.607696533203 211.810501098633
vertex 383.026702880859 203.468093872070 210.298202514648
endloop
endfacet
facet normal -0.826887610526 0.004209896023 -0.562351452683
outer loop
vertex 224.070652537253 186.675548605278 265.273924304547
vertex 224.507904052734 187.278396606445 264.635498046875
vertex 227.156204223633 182.975692749023 260.709197998047
endloop
endfacet
facet normal -0.848873474893 0.022382588593 -0.528121996654
outer loop
vertex 223.046534946301 190.269547856894 267.111189625000
vertex 223.686599731445 190.975494384766 266.112304687500
vertex 224.507904052734 187.278396606445 264.635498046875
endloop
endfacet
facet normal 0.075846376543 -0.503421397312 0.860705654620
outer loop
vertex 367.532714843750 176.898605346680 196.000793457031
vertex 367.250701904297 180.361892700195 198.051300048828
vertex 361.354614257813 174.338806152344 195.048004150391
endloop
endfacet
facet normal 0.089697189535 -0.504878661586 0.858517298174
outer loop
vertex 366.233184814453 187.496307373047 202.192306518555
vertex 359.177886962891 182.377395629883 199.919097900391
vertex 362.214691162109 180.990997314453 198.786499023438
endloop
endfacet
facet normal 0.328246939919 -0.640677072743 0.694108662167
outer loop
vertex 356.831512451172 187.719299316406 204.253005981445
vertex 359.305114746094 192.622192382813 207.608703613281
vertex 353.467407226563 187.479095458984 205.622192382813
endloop
endfacet
facet normal 0.365822911670 -0.666233543318 0.649851108374
outer loop
vertex 359.305114746094 192.622192382813 207.608703613281
vertex 353.867889404297 191.499206542969 209.518203735352
vertex 353.467407226563 187.479095458984 205.622192382813
endloop
endfacet
facet normal -0.033954192820 -0.797923439345 0.601801709647
outer loop
vertex 313.902313232422 116.699798583984 138.322799682617
vertex 319.527740799311 118.085253158013 140.477153035696
vertex 320.091888427734 122.136199951172 145.880096435547
endloop
endfacet
facet normal 0.000253817822 -0.811879930445 0.583824386367
outer loop
vertex 313.179412841797 120.385902404785 143.449096679688
vertex 313.902313232422 116.699798583984 138.322799682617
vertex 320.091888427734 122.136199951172 145.880096435547
endloop
endfacet
facet normal 0.001447992694 -0.813484845557 0.581584309767
outer loop
vertex 318.514801025391 123.588996887207 147.916107177734
vertex 313.179412841797 120.385902404785 143.449096679688
vertex 320.091888427734 122.136199951172 145.880096435547
endloop
endfacet
facet normal 0.031460024302 -0.808808172974 0.587230454082
outer loop
vertex 294.302398681641 136.899902343750 168.994796752930
vertex 299.181884765625 134.433105468750 165.335800170898
vertex 297.378997802734 137.594604492188 169.786804199219
endloop
endfacet
facet normal 0.019236428345 -0.791776803429 0.610507537526
outer loop
vertex 301.075286865234 137.974899291992 170.066101074219
vertex 300.537200927734 140.744506835938 173.675003051758
vertex 297.641815185547 140.145294189453 172.989105224609
endloop
endfacet
facet normal 0.033646533815 -0.783096739272 0.620989056025
outer loop
vertex 297.378997802734 137.594604492188 169.786804199219
vertex 301.075286865234 137.974899291992 170.066101074219
vertex 297.641815185547 140.145294189453 172.989105224609
endloop
endfacet
facet normal 0.019332451736 -0.787667412602 0.615797290863
outer loop
vertex 294.981811523438 139.381195068359 172.147293090820
vertex 294.302398681641 136.899902343750 168.994796752930
vertex 297.378997802734 137.594604492188 169.786804199219
endloop
endfacet
facet normal 0.028281494745 -0.783012697963 0.621362431987
outer loop
vertex 294.981811523438 139.381195068359 172.147293090820
vertex 297.378997802734 137.594604492188 169.786804199219
vertex 297.641815185547 140.145294189453 172.989105224609
endloop
endfacet
facet normal 0.020335028320 -0.771444382959 0.635971737284
outer loop
vertex 294.493804931641 142.336395263672 175.747604370117
vertex 294.981811523438 139.381195068359 172.147293090820
vertex 297.641815185547 140.145294189453 172.989105224609
endloop
endfacet
facet normal 0.011854928357 -0.777299285897 0.629019300831
outer loop
vertex 300.537200927734 140.744506835938 173.675003051758
vertex 298.308990478516 143.289398193359 176.861801147461
vertex 297.641815185547 140.145294189453 172.989105224609
endloop
endfacet
facet normal 0.010387483384 -0.777188476630 0.629182145315
outer loop
vertex 298.308990478516 143.289398193359 176.861801147461
vertex 294.493804931641 142.336395263672 175.747604370117
vertex 297.641815185547 140.145294189453 172.989105224609
endloop
endfacet
facet normal 0.020467490086 -0.793318325740 0.608462912505
outer loop
vertex 294.493804931641 142.336395263672 175.747604370117
vertex 298.308990478516 143.289398193359 176.861801147461
vertex 295.152404785156 145.370697021484 179.681594848633
endloop
endfacet
facet normal 0.030039198748 -0.791621753702 0.610272599422
outer loop
vertex 300.608795166016 145.068206787109 179.055999755859
vertex 298.354614257813 145.888107299805 180.230499267578
vertex 298.308990478516 143.289398193359 176.861801147461
endloop
endfacet
facet normal 0.023287345058 -0.791720139289 0.610439940211
outer loop
vertex 298.308990478516 143.289398193359 176.861801147461
vertex 298.354614257813 145.888107299805 180.230499267578
vertex 295.152404785156 145.370697021484 179.681594848633
endloop
endfacet
facet normal 0.018968332703 -0.802368831229 0.596526999411
outer loop
vertex 300.894500732422 147.203994750977 181.919692993164
vertex 298.354614257813 145.888107299805 180.230499267578
vertex 300.608795166016 145.068206787109 179.055999755859
endloop
endfacet
facet normal 0.036573718420 -0.824853645050 0.564162057718
outer loop
vertex 298.354614257813 145.888107299805 180.230499267578
vertex 297.119598388672 148.038894653320 183.455200195313
vertex 295.152404785156 145.370697021484 179.681594848633
endloop
endfacet
facet normal 0.029619759177 -0.820689696175 0.570605899425
outer loop
vertex 293.044891357422 147.266998291016 182.518402099609
vertex 289.842895507813 144.672698974609 178.953292846680
vertex 295.152404785156 145.370697021484 179.681594848633
endloop
endfacet
facet normal 0.025112853625 -0.822378368483 0.568386456238
outer loop
vertex 297.119598388672 148.038894653320 183.455200195313
vertex 293.044891357422 147.266998291016 182.518402099609
vertex 295.152404785156 145.370697021484 179.681594848633
endloop
endfacet
facet normal 0.178335728943 -0.571939963068 0.800675368941
outer loop
vertex 378.066406250000 204.607696533203 211.810501098633
vertex 373.584991455078 207.341400146484 214.761398315430
vertex 373.046600341797 201.016494750977 210.363296508789
endloop
endfacet
facet normal 0.402032951222 -0.741521401369 0.537136404877
outer loop
vertex 330.343109130859 164.631195068359 195.874206542969
vertex 326.033203125000 163.014495849609 196.868194580078
vertex 327.817199707031 161.917999267578 194.019195556641
endloop
endfacet
facet normal 0.343305569408 -0.726548817340 0.595204252366
outer loop
vertex 331.170684814453 162.899307250977 193.282806396484
vertex 330.343109130859 164.631195068359 195.874206542969
vertex 327.817199707031 161.917999267578 194.019195556641
endloop
endfacet
facet normal 0.343259158909 -0.724500389271 0.597722624443
outer loop
vertex 331.170684814453 162.899307250977 193.282806396484
vertex 327.817199707031 161.917999267578 194.019195556641
vertex 327.795806884766 159.651702880859 191.284500122070
endloop
endfacet
facet normal 0.279896765934 -0.697055232811 0.660130140829
outer loop
vertex 332.358795166016 160.801696777344 190.564102172852
vertex 331.170684814453 162.899307250977 193.282806396484
vertex 327.795806884766 159.651702880859 191.284500122070
endloop
endfacet
facet normal 0.206376428089 -0.570394990139 0.795020958940
outer loop
vertex 373.046600341797 201.016494750977 210.363296508789
vertex 373.584991455078 207.341400146484 214.761398315430
vertex 367.751190185547 201.619995117188 212.170898437500
endloop
endfacet
facet normal 0.214183770830 -0.486985752194 0.846740922286
outer loop
vertex 382.575103759766 210.037094116211 214.351501464844
vertex 384.433288574219 214.960906982422 216.713302612305
vertex 381.322296142578 214.738998413086 217.372604370117
endloop
endfacet
facet normal 0.223855228597 -0.483927739364 0.845992186550
outer loop
vertex 382.575103759766 210.037094116211 214.351501464844
vertex 381.322296142578 214.738998413086 217.372604370117
vertex 377.313201904297 212.914001464844 217.389495849609
endloop
endfacet
facet normal 0.143929125190 -0.763593140390 0.629452081473
outer loop
vertex 343.060699462891 136.264801025391 162.705200195313
vertex 344.784698486328 139.754196166992 166.544006347656
vertex 340.898101806641 138.871002197266 166.361297607422
endloop
endfacet
facet normal 0.126767480714 -0.759753756098 0.637733671628
outer loop
vertex 349.869110107422 137.120193481445 162.370895385742
vertex 343.060699462891 136.264801025391 162.705200195313
vertex 345.562805175781 133.244705200195 158.609893798828
endloop
endfacet
facet normal 0.194323278760 -0.521758233386 0.830666484954
outer loop
vertex 373.584991455078 207.341400146484 214.761398315430
vertex 382.575103759766 210.037094116211 214.351501464844
vertex 377.313201904297 212.914001464844 217.389495849609
endloop
endfacet
facet normal 0.053477426095 -0.750987075260 0.658147838779
outer loop
vertex 345.562805175781 133.244705200195 158.609893798828
vertex 342.268798828125 129.244003295898 154.312500000000
vertex 346.501951399125 131.605331988169 156.662958564811
endloop
endfacet
facet normal 0.034332781862 -0.861707314212 0.506242792268
outer loop
vertex 293.395111083984 149.492996215820 186.182907104492
vertex 297.119598388672 148.038894653320 183.455200195313
vertex 297.497802734375 150.430297851563 187.500106811523
endloop
endfacet
facet normal 0.037163000404 -0.802826638986 0.595053190174
outer loop
vertex 300.894500732422 147.203994750977 181.919692993164
vertex 300.608795166016 145.068206787109 179.055999755859
vertex 303.736389160156 145.750503540039 179.781204223633
endloop
endfacet
facet normal 0.248623109397 -0.668137981330 0.701268983614
outer loop
vertex 372.945892333984 167.065399169922 185.979995727539
vertex 366.537109375000 166.130401611328 187.361297607422
vertex 368.247100830078 163.212600708008 183.975097656250
endloop
endfacet
facet normal 0.190722393907 -0.547391252157 0.814854456651
outer loop
vertex 360.927093505859 187.196701049805 202.695693969727
vertex 358.988311767578 187.816299438477 203.565704345703
vertex 356.480712890625 185.307205200195 202.467102050781
endloop
endfacet
facet normal 0.267610126402 -0.598181996861 0.755356286052
outer loop
vertex 358.988311767578 187.816299438477 203.565704345703
vertex 356.831512451172 187.719299316406 204.253005981445
vertex 356.480712890625 185.307205200195 202.467102050781
endloop
endfacet
facet normal -0.943623892781 0.129478781237 -0.304646014553
outer loop
vertex 220.886093139648 219.644302368164 278.011596679688
vertex 220.960006713867 215.537704467773 276.037292480469
vertex 220.745462935555 219.342908547572 278.319094272277
endloop
endfacet
facet normal -0.962480700309 -0.052568079183 -0.266209501302
outer loop
vertex 225.298400878906 203.513397216797 262.788085937500
vertex 223.853805541992 210.340393066406 266.662902832031
vertex 224.989395141602 208.711593627930 262.878814697266
endloop
endfacet
facet normal -0.715481935333 -0.509851123206 -0.477637343994
outer loop
vertex 251.491302490234 154.951705932617 235.679000854492
vertex 249.870895385742 158.683807373047 234.122497558594
vertex 254.009201049805 154.109405517578 232.806396484375
endloop
endfacet
facet normal -0.759469076817 -0.502206901744 -0.413515355459
outer loop
vertex 247.359405517578 158.699401855469 238.716201782227
vertex 249.870895385742 158.683807373047 234.122497558594
vertex 251.491302490234 154.951705932617 235.679000854492
endloop
endfacet
facet normal -0.945013446798 0.047466633957 -0.323568391582
outer loop
vertex 223.187606811523 216.517105102539 269.514709472656
vertex 223.853805541992 210.340393066406 266.662902832031
vertex 222.341598510742 212.933807373047 271.459899902344
endloop
endfacet
facet normal -0.961453040344 0.052378762681 -0.269934281694
outer loop
vertex 223.187606811523 216.517105102539 269.514709472656
vertex 224.022705078125 221.011795043945 267.412414550781
vertex 224.342895507813 214.002700805664 264.911895751953
endloop
endfacet
facet normal -0.867811443586 -0.141674185348 -0.476268541464
outer loop
vertex 228.456802368164 183.742004394531 258.477996826172
vertex 231.521499633789 179.468597412109 254.164993286133
vertex 230.704498291016 177.244003295898 256.315399169922
endloop
endfacet
facet normal -0.842672825210 -0.180777909071 -0.507170442006
outer loop
vertex 231.521499633789 179.468597412109 254.164993286133
vertex 234.211807250977 173.319793701172 251.886703491211
vertex 230.704498291016 177.244003295898 256.315399169922
endloop
endfacet
facet normal -0.932049001506 -0.169086995331 -0.320459430821
outer loop
vertex 231.591003417969 183.873001098633 252.006805419922
vertex 229.502304077148 190.472106933594 254.599792480469
vertex 232.303894042969 184.795196533203 249.446792602539
endloop
endfacet
facet normal -0.905393745509 -0.185985720485 -0.381669329878
outer loop
vertex 231.591003417969 183.873001098633 252.006805419922
vertex 232.206604003906 180.710403442383 252.087600708008
vertex 229.731903076172 185.324600219727 255.709594726563
endloop
endfacet
facet normal -0.872106478450 0.044207614754 -0.487315069584
outer loop
vertex 223.686599731445 190.975494384766 266.112304687500
vertex 222.048826772763 195.344267144893 269.439608790793
vertex 221.959076510958 195.848981253941 269.646013225901
endloop
endfacet
facet normal -0.671518690534 -0.524937546058 -0.522975354106
outer loop
vertex 257.283508300781 153.224197387695 229.490600585938
vertex 257.021301269531 150.685897827148 232.375106811523
vertex 254.009201049805 154.109405517578 232.806396484375
endloop
endfacet
facet normal -0.877732019301 0.073133271670 -0.473537777657
outer loop
vertex 222.470993041992 202.820297241211 269.862304687500
vertex 223.738800048828 196.246002197266 266.497009277344
vertex 222.274505615234 199.275100708008 269.678985595703
endloop
endfacet
facet normal -0.884003172584 -0.210536009638 -0.417388283863
outer loop
vertex 232.206604003906 180.710403442383 252.087600708008
vertex 233.815002441406 176.783096313477 250.662094116211
vertex 231.521499633789 179.468597412109 254.164993286133
endloop
endfacet
facet normal -0.962613526313 -0.264890368309 -0.056641784372
outer loop
vertex 230.211807250977 198.172698974609 245.285705566406
vertex 228.646697998047 203.146102905273 248.625793457031
vertex 228.403305053711 204.623504638672 245.852996826172
endloop
endfacet
facet normal -0.868546136045 -0.250686539745 -0.427532300946
outer loop
vertex 233.815002441406 176.783096313477 250.662094116211
vertex 236.620697021484 172.365707397461 247.552398681641
vertex 234.211807250977 173.319793701172 251.886703491211
endloop
endfacet
facet normal -0.962824088154 -0.270120542371 0.002160522795
outer loop
vertex 229.334594726563 201.281494140625 243.039993286133
vertex 230.211807250977 198.172698974609 245.285705566406
vertex 228.403305053711 204.623504638672 245.852996826172
endloop
endfacet
facet normal -0.945890353098 -0.317984527592 0.064631881671
outer loop
vertex 227.980895996094 205.167999267578 242.349899291992
vertex 229.334594726563 201.281494140625 243.039993286133
vertex 228.403305053711 204.623504638672 245.852996826172
endloop
endfacet
facet normal -0.937929683968 -0.319667614403 0.134538188757
outer loop
vertex 227.980895996094 205.167999267578 242.349899291992
vertex 227.422302246094 207.817001342773 244.749801635742
vertex 226.698699951172 209.119201660156 242.799301147461
endloop
endfacet
facet normal -0.960181214703 -0.269426120264 0.073902643060
outer loop
vertex 227.980895996094 205.167999267578 242.349899291992
vertex 228.403305053711 204.623504638672 245.852996826172
vertex 227.422302246094 207.817001342773 244.749801635742
endloop
endfacet
facet normal -0.929168125418 -0.322143219262 0.181301795331
outer loop
vertex 226.854995727539 207.438507080078 240.613998413086
vertex 227.980895996094 205.167999267578 242.349899291992
vertex 226.698699951172 209.119201660156 242.799301147461
endloop
endfacet
facet normal -0.928367019367 -0.330752124681 0.169522002615
outer loop
vertex 227.980895996094 205.167999267578 242.349899291992
vertex 226.854995727539 207.438507080078 240.613998413086
vertex 227.549606323242 204.661102294922 238.998992919922
endloop
endfacet
facet normal -0.897486748230 -0.366831601799 0.244851205171
outer loop
vertex 226.854995727539 207.438507080078 240.613998413086
vertex 226.258407592773 207.486602783203 238.499298095703
vertex 227.549606323242 204.661102294922 238.998992919922
endloop
endfacet
facet normal -0.990154585663 -0.138754273282 0.018470195914
outer loop
vertex 225.427505493164 217.601303100586 251.154205322266
vertex 225.713302612305 215.802795410156 252.964294433594
vertex 225.238403320313 219.231704711914 253.264892578125
endloop
endfacet
facet normal 0.182432070242 -0.667697831215 0.721732738580
outer loop
vertex 367.865593695530 152.523157633054 173.750770513295
vertex 362.961090087891 148.485595703125 171.255203247070
vertex 365.217030048370 149.149745702744 171.299396499380
endloop
endfacet
facet normal -0.881146299683 -0.397987367866 0.255317946048
outer loop
vertex 228.252304077148 201.296295166016 236.179092407227
vertex 227.549606323242 204.661102294922 238.998992919922
vertex 226.445404052734 205.277801513672 236.149505615234
endloop
endfacet
facet normal -0.893285197629 -0.360805473949 0.268068956921
outer loop
vertex 227.549606323242 204.661102294922 238.998992919922
vertex 226.258407592773 207.486602783203 238.499298095703
vertex 226.445404052734 205.277801513672 236.149505615234
endloop
endfacet
facet normal 0.092835790214 -0.826852422568 0.554704053842
outer loop
vertex 301.684906005859 149.867401123047 185.933700561523
vertex 304.151397705078 148.130401611328 182.931701660156
vertex 306.686492919922 150.147598266602 185.514297485352
endloop
endfacet
facet normal -0.952104019036 0.296847168502 -0.073346407465
outer loop
vertex 226.281097412109 238.645599365234 275.650207519531
vertex 226.613800048828 238.723205566406 271.645507812500
vertex 225.591506958008 235.451599121094 271.674987792969
endloop
endfacet
facet normal -0.953083436995 0.297300890737 -0.056957374344
outer loop
vertex 225.591506958008 235.451599121094 271.674987792969
vertex 226.613800048828 238.723205566406 271.645507812500
vertex 226.090896606445 236.570693969727 269.159912109375
endloop
endfacet
facet normal -0.949903167260 0.305726901785 -0.064923295939
outer loop
vertex 226.613800048828 238.723205566406 271.645507812500
vertex 227.153396606445 239.860107421875 269.104309082031
vertex 226.090896606445 236.570693969727 269.159912109375
endloop
endfacet
facet normal -0.972004444897 0.232419458702 -0.034475416119
outer loop
vertex 225.710998535156 234.113800048828 266.260314941406
vertex 226.498397827148 237.515502929688 266.993194580078
vertex 226.426300048828 236.827102661133 264.385009765625
endloop
endfacet
facet normal -0.953198203743 0.297796955542 -0.052250910528
outer loop
vertex 226.498397827148 237.515502929688 266.993194580078
vertex 227.401596069336 240.212295532227 265.886413574219
vertex 226.426300048828 236.827102661133 264.385009765625
endloop
endfacet
facet normal -0.961770499261 0.273256425615 -0.018122709836
outer loop
vertex 226.426300048828 236.827102661133 264.385009765625
vertex 227.158706665039 239.305603027344 262.887390136719
vertex 226.358398437500 236.392303466797 261.432586669922
endloop
endfacet
facet normal -0.962967434795 0.268967232283 0.018717571514
outer loop
vertex 226.314804077148 236.404403686523 259.015899658203
vertex 226.358398437500 236.392303466797 261.432586669922
vertex 227.057495117188 238.988098144531 260.098205566406
endloop
endfacet
facet normal -0.964895418624 0.258916826622 0.044033033172
outer loop
vertex 226.314804077148 236.404403686523 259.015899658203
vertex 227.057495117188 238.988098144531 260.098205566406
vertex 226.741500854492 238.337005615234 257.002288818359
endloop
endfacet
facet normal 0.037720542022 -0.836068301620 0.547327101226
outer loop
vertex 297.119598388672 148.038894653320 183.455200195313
vertex 300.894500732422 147.203994750977 181.919692993164
vertex 301.684906005859 149.867401123047 185.933700561523
endloop
endfacet
facet normal 0.023908459359 -0.777518513780 0.628405399643
outer loop
vertex 300.608795166016 145.068206787109 179.055999755859
vertex 302.225494384766 142.980102539063 176.410903930664
vertex 303.736389160156 145.750503540039 179.781204223633
endloop
endfacet
facet normal -0.778121111184 -0.301143855825 -0.551216758117
outer loop
vertex 235.756500244141 166.921096801758 253.070404052734
vertex 236.950775301185 165.238735168624 252.303631709315
vertex 235.755446740723 166.653720961183 253.217965504083
endloop
endfacet
facet normal 0.090834894940 -0.853575573309 0.512989047165
outer loop
vertex 301.684906005859 149.867401123047 185.933700561523
vertex 306.686492919922 150.147598266602 185.514297485352
vertex 304.837585449219 151.885604858398 188.733596801758
endloop
endfacet
facet normal 0.590733988634 -0.738078213398 0.325996787683
outer loop
vertex 332.839904785156 172.076095581055 206.204895019531
vertex 335.715515136719 173.740295410156 204.761901855469
vertex 334.727508544922 174.152496337891 207.485504150391
endloop
endfacet
facet normal 0.589251941508 -0.749588173006 0.301495804811
outer loop
vertex 331.825408935547 170.311996459961 203.801696777344
vertex 332.839904785156 172.076095581055 206.204895019531
vertex 329.718811035156 169.742904663086 206.503997802734
endloop
endfacet
facet normal 0.447123707864 -0.731471648926 0.514810272513
outer loop
vertex 330.343109130859 164.631195068359 195.874206542969
vertex 333.220214843750 167.725402832031 197.771804809570
vertex 329.891601562500 166.211196899414 198.511306762695
endloop
endfacet
facet normal 0.319182192101 -0.677749698310 0.662403256850
outer loop
vertex 332.358795166016 160.801696777344 190.564102172852
vertex 334.983886718750 164.574493408203 193.159393310547
vertex 331.170684814453 162.899307250977 193.282806396484
endloop
endfacet
facet normal 0.053477426095 -0.750987075260 0.658147838779
outer loop
vertex 346.501951399125 131.605331988169 156.662958564811
vertex 342.268798828125 129.244003295898 154.312500000000
vertex 343.741482179127 129.718376710090 154.734127135256
endloop
endfacet
facet normal 0.041465906353 -0.799858733832 0.598754193742
outer loop
vertex 300.894500732422 147.203994750977 181.919692993164
vertex 303.736389160156 145.750503540039 179.781204223633
vertex 304.151397705078 148.130401611328 182.931701660156
endloop
endfacet
facet normal -0.928671040569 0.092198102513 -0.359262589621
outer loop
vertex 220.960006713867 215.537704467773 276.037292480469
vertex 221.267807006836 209.621597290039 273.723388671875
vertex 220.652707925296 215.040481215587 276.704037230105
endloop
endfacet
facet normal -0.928671040569 0.092198102513 -0.359262589621
outer loop
vertex 221.267807006836 209.621597290039 273.723388671875
vertex 220.763883893917 211.833834648132 275.593727827072
vertex 220.652707925296 215.040481215587 276.704037230105
endloop
endfacet
facet normal -0.850087562271 -0.044363894004 -0.524769455457
outer loop
vertex 224.507904052734 187.278396606445 264.635498046875
vertex 226.342605590820 187.199295043945 261.670104980469
vertex 227.156204223633 182.975692749023 260.709197998047
endloop
endfacet
facet normal -0.971032963794 -0.235529649646 -0.040258755116
outer loop
vertex 228.646697998047 203.146102905273 248.625793457031
vertex 227.476394653320 207.846206665039 249.355804443359
vertex 228.403305053711 204.623504638672 245.852996826172
endloop
endfacet
facet normal -0.967700268663 -0.250830901416 -0.025299188223
outer loop
vertex 227.476394653320 207.846206665039 249.355804443359
vertex 227.249694824219 208.960205078125 246.982299804688
vertex 228.403305053711 204.623504638672 245.852996826172
endloop
endfacet
facet normal -0.959981994068 -0.272355880011 0.065244506964
outer loop
vertex 228.403305053711 204.623504638672 245.852996826172
vertex 227.249694824219 208.960205078125 246.982299804688
vertex 227.422302246094 207.817001342773 244.749801635742
endloop
endfacet
facet normal -0.904851760912 -0.366279332121 0.216985579326
outer loop
vertex 225.455200195313 210.642700195313 240.185501098633
vertex 226.854995727539 207.438507080078 240.613998413086
vertex 226.698699951172 209.119201660156 242.799301147461
endloop
endfacet
facet normal 0.222103853842 -0.690834901909 0.688053062208
outer loop
vertex 358.729614257813 156.882797241211 180.871398925781
vertex 360.307586669922 152.769393920898 176.231994628906
vertex 365.394714355469 158.417098999023 180.260406494141
endloop
endfacet
facet normal 0.627050553054 -0.654018781162 0.423163133794
outer loop
vertex 344.736785888672 185.236099243164 210.832199096680
vertex 341.457305908203 181.470901489258 209.872497558594
vertex 344.470611572266 183.297805786133 208.230895996094
endloop
endfacet
facet normal 0.465421521228 -0.650478662812 0.600216891469
outer loop
vertex 350.324005126953 186.845199584961 206.960494995117
vertex 346.413391113281 183.248794555664 206.095306396484
vertex 349.175598144531 183.735504150391 204.480895996094
endloop
endfacet
facet normal 0.262367990694 -0.608301562006 0.749087609776
outer loop
vertex 347.026611328125 174.155807495117 196.937103271484
vertex 354.664489746094 181.466094970703 200.198303222656
vertex 350.729400634766 181.786300659180 201.836593627930
endloop
endfacet
facet normal 0.062284240701 -0.505708574219 0.860453084905
outer loop
vertex 355.737792968750 174.479202270508 195.537094116211
vertex 361.354614257813 174.338806152344 195.048004150391
vertex 361.448699951172 177.503906250000 196.901397705078
endloop
endfacet
facet normal 0.059219454535 -0.544794208241 0.836476136463
outer loop
vertex 361.354614257813 174.338806152344 195.048004150391
vertex 355.737792968750 174.479202270508 195.537094116211
vertex 354.245697021484 167.835800170898 191.315902709961
endloop
endfacet
facet normal 0.224946060475 -0.676785343619 0.700971374979
outer loop
vertex 365.394714355469 158.417098999023 180.260406494141
vertex 368.247100830078 163.212600708008 183.975097656250
vertex 360.855895996094 161.719497680664 184.905395507813
endloop
endfacet
facet normal 0.207300882367 -0.684066856724 0.699341747433
outer loop
vertex 362.961090087891 148.485595703125 171.255203247070
vertex 368.683726310211 153.594526360554 174.556225395638
vertex 360.307586669922 152.769393920898 176.231994628906
endloop
endfacet
facet normal 0.226705825506 -0.490230557303 0.841592816847
outer loop
vertex 377.313201904297 212.914001464844 217.389495849609
vertex 381.322296142578 214.738998413086 217.372604370117
vertex 378.825714111328 217.702896118164 219.771606445313
endloop
endfacet
facet normal 0.121296259108 -0.515185434697 0.848452229299
outer loop
vertex 382.575103759766 210.037094116211 214.351501464844
vertex 383.878856897354 206.425338983536 211.972034540578
vertex 384.763569231975 208.595918094831 213.163543515994
endloop
endfacet
facet normal 0.304127647383 -0.951546264410 0.045454161352
outer loop
vertex 306.176605224609 157.247802734375 203.785995483398
vertex 304.418212890625 156.797698974609 206.128601074219
vertex 303.457611083984 156.281005859375 201.739303588867
endloop
endfacet
facet normal 0.642823110773 -0.718255501382 0.266247033769
outer loop
vertex 334.727508544922 174.152496337891 207.485504150391
vertex 335.095092773438 175.295501708984 209.681503295898
vertex 332.277191162109 172.558395385742 209.101104736328
endloop
endfacet
facet normal -0.997542807475 -0.070023272151 0.002255795338
outer loop
vertex 224.981094360352 222.823501586914 254.826004028320
vertex 225.263107299805 218.832702636719 255.655502319336
vertex 225.011306762695 222.503097534180 258.240509033203
endloop
endfacet
facet normal -0.997489241837 -0.070802078623 -0.001509331474
outer loop
vertex 225.263107299805 218.832702636719 255.655502319336
vertex 224.981094360352 222.823501586914 254.826004028320
vertex 225.238403320313 219.231704711914 253.264892578125
endloop
endfacet
facet normal 0.595612152881 -0.765567889945 0.243211778549
outer loop
vertex 329.718811035156 169.742904663086 206.503997802734
vertex 332.839904785156 172.076095581055 206.204895019531
vertex 332.277191162109 172.558395385742 209.101104736328
endloop
endfacet
facet normal -0.990008335055 -0.139694290723 0.019209415926
outer loop
vertex 224.937500000000 221.125396728516 251.528305053711
vertex 225.427505493164 217.601303100586 251.154205322266
vertex 225.238403320313 219.231704711914 253.264892578125
endloop
endfacet
facet normal 0.494657268137 -0.676502230909 0.545581266773
outer loop
vertex 350.324005126953 186.845199584961 206.960494995117
vertex 353.867889404297 191.499206542969 209.518203735352
vertex 348.341888427734 187.791107177734 209.930496215820
endloop
endfacet
facet normal 0.403613541252 -0.656880135696 0.636870941907
outer loop
vertex 353.467407226563 187.479095458984 205.622192382813
vertex 350.324005126953 186.845199584961 206.960494995117
vertex 349.175598144531 183.735504150391 204.480895996094
endloop
endfacet
facet normal 0.369143888826 -0.631172463068 0.682168682371
outer loop
vertex 353.467407226563 187.479095458984 205.622192382813
vertex 349.175598144531 183.735504150391 204.480895996094
vertex 350.729400634766 181.786300659180 201.836593627930
endloop
endfacet
facet normal 0.161715255291 -0.549862686325 0.819450549084
outer loop
vertex 359.177886962891 182.377395629883 199.919097900391
vertex 354.664489746094 181.466094970703 200.198303222656
vertex 353.747406005859 177.256805419922 197.554794311523
endloop
endfacet
facet normal 0.122677272736 -0.520313424024 0.845117877893
outer loop
vertex 359.177886962891 182.377395629883 199.919097900391
vertex 353.747406005859 177.256805419922 197.554794311523
vertex 357.558593750000 178.816802978516 197.962005615234
endloop
endfacet
facet normal 0.309626326268 -0.949544586877 0.049966144685
outer loop
vertex 304.418212890625 156.797698974609 206.128601074219
vertex 306.176605224609 157.247802734375 203.785995483398
vertex 308.534484863281 158.103103637695 205.428802490234
endloop
endfacet
facet normal 0.089089904686 -0.514259419624 0.852994864118
outer loop
vertex 355.737792968750 174.479202270508 195.537094116211
vertex 362.214691162109 180.990997314453 198.786499023438
vertex 357.558593750000 178.816802978516 197.962005615234
endloop
endfacet
facet normal 0.046925500834 -0.482986881343 0.874369298307
outer loop
vertex 362.214691162109 180.990997314453 198.786499023438
vertex 355.737792968750 174.479202270508 195.537094116211
vertex 361.448699951172 177.503906250000 196.901397705078
endloop
endfacet
facet normal 0.368895017580 -0.914734260385 0.164856600969
outer loop
vertex 311.446197509766 159.008605957031 204.087799072266
vertex 312.094085693359 158.794006347656 201.447296142578
vertex 315.463012695313 160.526992797852 203.524505615234
endloop
endfacet
facet normal 0.339917386367 -0.934330035488 0.107161351387
outer loop
vertex 311.446197509766 159.008605957031 204.087799072266
vertex 308.534484863281 158.103103637695 205.428802490234
vertex 308.333892822266 157.616897583008 201.825897216797
endloop
endfacet
facet normal 0.108035917849 -0.602426903285 0.790828721439
outer loop
vertex 354.245697021484 167.835800170898 191.315902709961
vertex 357.127807617188 164.803405761719 188.612197875977
vertex 362.597503662109 171.003494262695 192.587997436523
endloop
endfacet
facet normal 0.156176532468 -0.627119111623 0.763105831811
outer loop
vertex 362.597503662109 171.003494262695 192.587997436523
vertex 357.127807617188 164.803405761719 188.612197875977
vertex 362.917602539063 167.061904907227 189.283294677734
endloop
endfacet
facet normal 0.174500217103 -0.663520005284 0.727523798111
outer loop
vertex 357.127807617188 164.803405761719 188.612197875977
vertex 360.855895996094 161.719497680664 184.905395507813
vertex 362.917602539063 167.061904907227 189.283294677734
endloop
endfacet
facet normal 0.240758352934 -0.257393338188 0.935833363879
outer loop
vertex 397.261618233251 227.201047519308 218.812934152101
vertex 394.432495117188 227.308395385742 219.570297241211
vertex 396.170799509199 225.476786321786 218.619321022692
endloop
endfacet
facet normal 0.332362510130 -0.063540493950 0.941008909357
outer loop
vertex 392.481994628906 230.463806152344 220.790405273438
vertex 393.031311035156 233.636093139648 220.810592651367
vertex 390.350402832031 232.193801879883 221.660095214844
endloop
endfacet
facet normal 0.660612274308 -0.728027605449 -0.183213615043
outer loop
vertex 324.996002197266 166.691192626953 219.876098632813
vertex 322.658691406250 164.193206787109 221.374603271484
vertex 322.870513916016 164.998703002930 218.937606811523
endloop
endfacet
facet normal 0.242865932111 -0.478453054391 0.843859475129
outer loop
vertex 378.825714111328 217.702896118164 219.771606445313
vertex 381.322296142578 214.738998413086 217.372604370117
vertex 383.289093017578 217.823303222656 218.555297851563
endloop
endfacet
facet normal 0.215113367489 -0.466222507305 0.858115850459
outer loop
vertex 381.322296142578 214.738998413086 217.372604370117
vertex 384.433288574219 214.960906982422 216.713302612305
vertex 383.289093017578 217.823303222656 218.555297851563
endloop
endfacet
facet normal 0.172709310939 -0.478217584776 0.861092001778
outer loop
vertex 384.433288574219 214.960906982422 216.713302612305
vertex 382.575103759766 210.037094116211 214.351501464844
vertex 387.953308105469 214.295593261719 215.637802124023
endloop
endfacet
facet normal 0.188305270780 -0.444792194153 0.875614657836
outer loop
vertex 387.953308105469 214.295593261719 215.637802124023
vertex 390.593902587891 217.789596557617 216.844802856445
vertex 386.846710205078 217.669403076172 217.589599609375
endloop
endfacet
facet normal 0.183181670407 -0.446576163822 0.875793471963
outer loop
vertex 384.433288574219 214.960906982422 216.713302612305
vertex 387.953308105469 214.295593261719 215.637802124023
vertex 386.846710205078 217.669403076172 217.589599609375
endloop
endfacet
facet normal 0.190200219698 -0.414219063191 0.890082268173
outer loop
vertex 390.593902587891 217.789596557617 216.844802856445
vertex 388.776794433594 220.203796386719 218.356597900391
vertex 386.846710205078 217.669403076172 217.589599609375
endloop
endfacet
facet normal 0.212735549947 -0.467209141857 0.858172012801
outer loop
vertex 383.289093017578 217.823303222656 218.555297851563
vertex 384.433288574219 214.960906982422 216.713302612305
vertex 386.846710205078 217.669403076172 217.589599609375
endloop
endfacet
facet normal 0.215921171472 -0.429769699924 0.876741725217
outer loop
vertex 388.776794433594 220.203796386719 218.356597900391
vertex 385.800201416016 220.598403930664 219.283096313477
vertex 386.846710205078 217.669403076172 217.589599609375
endloop
endfacet
facet normal 0.219400536231 -0.428411453335 0.876542658034
outer loop
vertex 385.800201416016 220.598403930664 219.283096313477
vertex 383.289093017578 217.823303222656 218.555297851563
vertex 386.846710205078 217.669403076172 217.589599609375
endloop
endfacet
facet normal 0.247277835619 -0.398138828503 0.883368068955
outer loop
vertex 388.617797851563 223.600204467773 219.847305297852
vertex 384.768890380859 222.977600097656 220.644104003906
vertex 385.800201416016 220.598403930664 219.283096313477
endloop
endfacet
facet normal 0.247906563375 -0.397841990135 0.883325583645
outer loop
vertex 385.800201416016 220.598403930664 219.283096313477
vertex 384.768890380859 222.977600097656 220.644104003906
vertex 382.297607421875 220.916107177734 220.409194946289
endloop
endfacet
facet normal 0.237941899108 -0.442115237242 0.864822391967
outer loop
vertex 383.289093017578 217.823303222656 218.555297851563
vertex 385.800201416016 220.598403930664 219.283096313477
vertex 382.297607421875 220.916107177734 220.409194946289
endloop
endfacet
facet normal 0.247756840821 -0.397675817737 0.883442410015
outer loop
vertex 382.297607421875 220.916107177734 220.409194946289
vertex 384.768890380859 222.977600097656 220.644104003906
vertex 382.172912597656 223.772598266602 221.729995727539
endloop
endfacet
facet normal 0.648747397849 -0.752754108900 -0.111750012612
outer loop
vertex 324.996002197266 166.691192626953 219.876098632813
vertex 322.870513916016 164.998703002930 218.937606811523
vertex 323.201110839844 165.703201293945 216.111297607422
endloop
endfacet
facet normal 0.269883842561 -0.346065266511 0.898555253081
outer loop
vertex 384.768890380859 222.977600097656 220.644104003906
vertex 384.839202880859 225.712799072266 221.676406860352
vertex 382.172912597656 223.772598266602 221.729995727539
endloop
endfacet
facet normal 0.148614222121 -0.987533435585 -0.051879924689
outer loop
vertex 296.513305664063 155.157196044922 205.955505371094
vertex 292.128906250000 154.430892944336 207.221206665039
vertex 293.863006591797 154.857101440430 204.075805664063
endloop
endfacet
facet normal 0.117631251455 -0.993030382744 -0.007317624507
outer loop
vertex 296.513305664063 155.157196044922 205.955505371094
vertex 293.863006591797 154.857101440430 204.075805664063
vertex 296.578704833984 155.185195922852 203.207107543945
endloop
endfacet
facet normal 0.637152766577 -0.730606173783 0.245460731835
outer loop
vertex 332.839904785156 172.076095581055 206.204895019531
vertex 334.727508544922 174.152496337891 207.485504150391
vertex 332.277191162109 172.558395385742 209.101104736328
endloop
endfacet
facet normal 0.013979267706 -0.784105628229 0.620469937913
outer loop
vertex 336.867706298828 126.931198120117 151.889297485352
vertex 326.351104736328 125.236503601074 149.984603881836
vertex 329.988311767578 123.774200439453 148.054702758789
endloop
endfacet
facet normal 0.017700726625 -0.793514558237 0.608293786047
outer loop
vertex 336.867706298828 126.931198120117 151.889297485352
vertex 332.150695800781 128.262405395508 153.763107299805
vertex 326.351104736328 125.236503601074 149.984603881836
endloop
endfacet
facet normal 0.372679739227 -0.927924410688 -0.008130191806
outer loop
vertex 308.534484863281 158.103103637695 205.428802490234
vertex 312.856994628906 159.814804077148 208.206497192383
vertex 308.032287597656 157.874404907227 208.510696411133
endloop
endfacet
facet normal 0.589509696710 -0.675460053056 0.442980850839
outer loop
vertex 344.736785888672 185.236099243164 210.832199096680
vertex 344.470611572266 183.297805786133 208.230895996094
vertex 348.341888427734 187.791107177734 209.930496215820
endloop
endfacet
facet normal 0.039714086284 -0.817946849218 0.573921373713
outer loop
vertex 332.150695800781 128.262405395508 153.763107299805
vertex 329.012084960938 129.826202392578 156.208999633789
vertex 321.437103271484 126.808799743652 152.432800292969
endloop
endfacet
facet normal 0.059864606471 -0.817684787012 0.572545035768
outer loop
vertex 329.012084960938 129.826202392578 156.208999633789
vertex 331.365295410156 132.313003540039 159.514495849609
vertex 322.824401855469 130.521102905273 157.848403930664
endloop
endfacet
facet normal 0.066365941277 -0.830519706723 0.553021318381
outer loop
vertex 331.365295410156 132.313003540039 159.514495849609
vertex 327.933990478516 133.246307373047 161.327896118164
vertex 322.824401855469 130.521102905273 157.848403930664
endloop
endfacet
facet normal 0.217253168435 -0.279409093420 0.935270880184
outer loop
vertex 396.170799509199 225.476786321786 218.619321022692
vertex 393.169891357422 224.047805786133 218.889495849609
vertex 395.210144984282 224.032411982213 218.410968459174
endloop
endfacet
facet normal 0.282522967618 -0.189007522314 0.940455702985
outer loop
vertex 391.120788574219 228.452499389648 220.795104980469
vertex 394.432495117188 227.308395385742 219.570297241211
vertex 392.481994628906 230.463806152344 220.790405273438
endloop
endfacet
facet normal 0.272442609376 -0.182175291156 0.944768324982
outer loop
vertex 389.020294189453 230.395095825195 221.775405883789
vertex 391.120788574219 228.452499389648 220.795104980469
vertex 392.481994628906 230.463806152344 220.790405273438
endloop
endfacet
facet normal 0.298804650364 -0.954058194584 -0.022107516117
outer loop
vertex 304.418212890625 156.797698974609 206.128601074219
vertex 308.534484863281 158.103103637695 205.428802490234
vertex 308.032287597656 157.874404907227 208.510696411133
endloop
endfacet
facet normal -0.849943351613 0.021471599957 -0.526436386893
outer loop
vertex 223.686599731445 190.975494384766 266.112304687500
vertex 226.342605590820 187.199295043945 261.670104980469
vertex 224.507904052734 187.278396606445 264.635498046875
endloop
endfacet
facet normal 0.174839086501 -0.960237297416 -0.217659427736
outer loop
vertex 299.259613037109 154.676605224609 211.399398803711
vertex 296.393402099609 154.724197387695 208.887100219727
vertex 300.191711425781 155.623397827148 207.971206665039
endloop
endfacet
facet normal -0.855751501227 -0.047634448073 -0.515189603452
outer loop
vertex 226.342605590820 187.199295043945 261.670104980469
vertex 228.456802368164 183.742004394531 258.477996826172
vertex 227.156204223633 182.975692749023 260.709197998047
endloop
endfacet
facet normal 0.271915036450 -0.581477631016 0.766776354344
outer loop
vertex 354.664489746094 181.466094970703 200.198303222656
vertex 356.480712890625 185.307205200195 202.467102050781
vertex 350.729400634766 181.786300659180 201.836593627930
endloop
endfacet
facet normal 0.142121963345 -0.634471307256 0.759768061847
outer loop
vertex 379.379211425781 181.206405639648 196.772903442383
vertex 382.111013898890 180.057615178187 195.302555091492
vertex 382.434130223369 181.639167032770 196.562844111694
endloop
endfacet
facet normal 0.086487082399 -0.509800149300 0.855934455640
outer loop
vertex 362.214691162109 180.990997314453 198.786499023438
vertex 359.177886962891 182.377395629883 199.919097900391
vertex 357.558593750000 178.816802978516 197.962005615234
endloop
endfacet
facet normal 0.091259310085 -0.568849956139 0.817362505700
outer loop
vertex 361.354614257813 174.338806152344 195.048004150391
vertex 354.245697021484 167.835800170898 191.315902709961
vertex 362.597503662109 171.003494262695 192.587997436523
endloop
endfacet
facet normal 0.208363390044 -0.666770475901 0.715543031659
outer loop
vertex 360.855895996094 161.719497680664 184.905395507813
vertex 366.537109375000 166.130401611328 187.361297607422
vertex 362.917602539063 167.061904907227 189.283294677734
endloop
endfacet
facet normal 0.270420276652 -0.944350342216 -0.187284022631
outer loop
vertex 299.259613037109 154.676605224609 211.399398803711
vertex 300.191711425781 155.623397827148 207.971206665039
vertex 304.650512695313 156.282592773438 211.085403442383
endloop
endfacet
facet normal 0.207300882367 -0.684066856724 0.699341747433
outer loop
vertex 362.961090087891 148.485595703125 171.255203247070
vertex 367.865593695530 152.523157633054 173.750770513295
vertex 368.683726310211 153.594526360554 174.556225395638
endloop
endfacet
facet normal 0.197228218108 -0.970969840766 -0.135346216440
outer loop
vertex 296.393402099609 154.724197387695 208.887100219727
vertex 296.513305664063 155.157196044922 205.955505371094
vertex 300.191711425781 155.623397827148 207.971206665039
endloop
endfacet
facet normal 0.122315154011 -0.982550358887 -0.140120645694
outer loop
vertex 292.128906250000 154.430892944336 207.221206665039
vertex 296.513305664063 155.157196044922 205.955505371094
vertex 296.393402099609 154.724197387695 208.887100219727
endloop
endfacet
facet normal 0.245648859380 -0.967888061587 -0.053379191846
outer loop
vertex 304.418212890625 156.797698974609 206.128601074219
vertex 300.191711425781 155.623397827148 207.971206665039
vertex 299.949890136719 155.763305664063 204.321502685547
endloop
endfacet
facet normal 0.197246850923 -0.977711838439 0.071925244372
outer loop
vertex 303.457611083984 156.281005859375 201.739303588867
vertex 304.418212890625 156.797698974609 206.128601074219
vertex 299.949890136719 155.763305664063 204.321502685547
endloop
endfacet
facet normal 0.247275301971 -0.438620212476 0.863983352989
outer loop
vertex 378.825714111328 217.702896118164 219.771606445313
vertex 383.289093017578 217.823303222656 218.555297851563
vertex 382.297607421875 220.916107177734 220.409194946289
endloop
endfacet
facet normal 0.196529761908 -0.977930575460 0.070907279351
outer loop
vertex 303.457611083984 156.281005859375 201.739303588867
vertex 299.949890136719 155.763305664063 204.321502685547
vertex 298.572692871094 155.237503051758 200.886901855469
endloop
endfacet
facet normal -0.949907903823 0.173574962540 -0.259897492551
outer loop
vertex 220.886093139648 219.644302368164 278.011596679688
vertex 220.875689332308 221.137136220932 279.046624898911
vertex 220.985337833596 222.722985078247 279.704990919712
endloop
endfacet
facet normal 0.273527125731 -0.141274016992 0.951432900215
outer loop
vertex 389.020294189453 230.395095825195 221.775405883789
vertex 392.481994628906 230.463806152344 220.790405273438
vertex 390.350402832031 232.193801879883 221.660095214844
endloop
endfacet
facet normal 0.156699935285 -0.686884301186 0.709672521002
outer loop
vertex 352.388000488281 154.036605834961 179.754806518555
vertex 356.045593261719 157.991104125977 182.774703979492
vertex 353.514099121094 159.534805297852 184.827804565430
endloop
endfacet
facet normal -0.950839576154 0.306362146727 -0.045236439651
outer loop
vertex 226.090896606445 236.570693969727 269.159912109375
vertex 227.153396606445 239.860107421875 269.104309082031
vertex 226.498397827148 237.515502929688 266.993194580078
endloop
endfacet
facet normal -0.944224905781 0.328507872739 -0.022845236974
outer loop
vertex 227.961395263672 241.678497314453 263.832702636719
vertex 227.158706665039 239.305603027344 262.887390136719
vertex 227.401596069336 240.212295532227 265.886413574219
endloop
endfacet
facet normal -0.960088538136 0.279614112220 -0.006778435425
outer loop
vertex 227.401596069336 240.212295532227 265.886413574219
vertex 227.158706665039 239.305603027344 262.887390136719
vertex 226.426300048828 236.827102661133 264.385009765625
endloop
endfacet
facet normal -0.964916135299 0.262508129950 0.005131622595
outer loop
vertex 226.358398437500 236.392303466797 261.432586669922
vertex 227.158706665039 239.305603027344 262.887390136719
vertex 227.057495117188 238.988098144531 260.098205566406
endloop
endfacet
facet normal 0.193895676477 -0.348023393471 0.917215451375
outer loop
vertex 394.277695413969 222.688177620841 218.139420364225
vertex 393.169891357422 224.047805786133 218.889495849609
vertex 391.842803955078 221.055099487305 218.034500122070
endloop
endfacet
facet normal -0.943645901634 0.330939038860 -0.003429998332
outer loop
vertex 227.158706665039 239.305603027344 262.887390136719
vertex 228.013397216797 241.728607177734 261.529205322266
vertex 227.057495117188 238.988098144531 260.098205566406
endloop
endfacet
facet normal -0.943948684093 0.328972824598 0.027161783361
outer loop
vertex 226.741500854492 238.337005615234 257.002288818359
vertex 227.057495117188 238.988098144531 260.098205566406
vertex 227.979598999023 241.759399414063 258.579010009766
endloop
endfacet
facet normal -0.999960366721 -0.002106910431 0.008650197391
outer loop
vertex 224.996994018555 225.560302734375 257.330596923828
vertex 224.981094360352 222.823501586914 254.826004028320
vertex 225.011306762695 222.503097534180 258.240509033203
endloop
endfacet
facet normal -0.993020262780 -0.099000650398 0.064106387583
outer loop
vertex 224.981094360352 222.823501586914 254.826004028320
vertex 224.937500000000 221.125396728516 251.528305053711
vertex 225.238403320313 219.231704711914 253.264892578125
endloop
endfacet
facet normal 0.220647761721 -0.680099457364 0.699127522946
outer loop
vertex 358.729614257813 156.882797241211 180.871398925781
vertex 365.394714355469 158.417098999023 180.260406494141
vertex 360.855895996094 161.719497680664 184.905395507813
endloop
endfacet
facet normal 0.220811269551 -0.968974606929 -0.111043209455
outer loop
vertex 300.191711425781 155.623397827148 207.971206665039
vertex 304.418212890625 156.797698974609 206.128601074219
vertex 304.650512695313 156.282592773438 211.085403442383
endloop
endfacet
facet normal 0.274180881613 -0.194671730171 0.941768422506
outer loop
vertex 394.432495117188 227.308395385742 219.570297241211
vertex 396.683197021484 230.148895263672 219.502197265625
vertex 392.481994628906 230.463806152344 220.790405273438
endloop
endfacet
facet normal 0.490248328418 -0.717848057592 0.494318462830
outer loop
vertex 341.204803466797 178.493301391602 205.342697143555
vertex 341.170593261719 176.460296630859 202.424301147461
vertex 344.709899902344 179.064804077148 202.696395874023
endloop
endfacet
facet normal 0.464795640081 -0.689632136489 0.555313001183
outer loop
vertex 344.709899902344 179.064804077148 202.696395874023
vertex 341.170593261719 176.460296630859 202.424301147461
vertex 340.928985595703 174.911895751953 200.703598022461
endloop
endfacet
facet normal 0.192924979884 -0.576310482858 0.794132343810
outer loop
vertex 347.026611328125 174.155807495117 196.937103271484
vertex 349.469909667969 172.241500854492 194.954299926758
vertex 353.747406005859 177.256805419922 197.554794311523
endloop
endfacet
facet normal 0.104916881930 -0.550014427669 0.828538820601
outer loop
vertex 355.737792968750 174.479202270508 195.537094116211
vertex 348.289093017578 167.731597900391 192.001007080078
vertex 354.245697021484 167.835800170898 191.315902709961
endloop
endfacet
facet normal -0.017086863012 -0.812918934726 0.582126141551
outer loop
vertex 309.554412841797 116.936698913574 138.526000976563
vertex 313.902313232422 116.699798583984 138.322799682617
vertex 313.179412841797 120.385902404785 143.449096679688
endloop
endfacet
facet normal 0.039636309904 -0.835357652775 0.548275984234
outer loop
vertex 306.498992919922 119.969596862793 143.076293945313
vertex 313.295989990234 123.514198303223 147.985504150391
vertex 310.003204345703 127.316001892090 154.016006469727
endloop
endfacet
facet normal -0.954951224366 -0.287540073149 0.073408891937
outer loop
vertex 227.249694824219 208.960205078125 246.982299804688
vertex 226.469406127930 211.159896850586 245.447906494141
vertex 227.422302246094 207.817001342773 244.749801635742
endloop
endfacet
facet normal 0.032541081342 -0.834533543784 0.549995311184
outer loop
vertex 297.401092529297 121.490097045898 145.921707153320
vertex 306.498992919922 119.969596862793 143.076293945313
vertex 310.003204345703 127.316001892090 154.016006469727
endloop
endfacet
facet normal 0.047194012676 -0.829596745019 0.556364957399
outer loop
vertex 296.126312255859 128.560501098633 157.048797607422
vertex 310.003204345703 127.316001892090 154.016006469727
vertex 304.744903564453 131.575302124023 160.813095092773
endloop
endfacet
facet normal 0.175710078601 -0.680255574036 0.711602643524
outer loop
vertex 362.961090087891 148.485595703125 171.255203247070
vertex 364.332437515259 148.066282272339 170.515745815875
vertex 364.446796486843 148.203662219202 170.618836285530
endloop
endfacet
facet normal -0.932345657803 -0.320924265972 0.166550862760
outer loop
vertex 226.469406127930 211.159896850586 245.447906494141
vertex 225.637603759766 212.375793457031 243.134399414063
vertex 226.698699951172 209.119201660156 242.799301147461
endloop
endfacet
facet normal -0.942234232272 -0.299786235409 0.149408381941
outer loop
vertex 227.422302246094 207.817001342773 244.749801635742
vertex 226.469406127930 211.159896850586 245.447906494141
vertex 226.698699951172 209.119201660156 242.799301147461
endloop
endfacet
facet normal -0.913735210380 -0.323076110289 0.246393571898
outer loop
vertex 225.637603759766 212.375793457031 243.134399414063
vertex 225.455200195313 210.642700195313 240.185501098633
vertex 226.698699951172 209.119201660156 242.799301147461
endloop
endfacet
facet normal 0.039476932098 -0.822074761411 0.568009382390
outer loop
vertex 299.181884765625 134.433105468750 165.335800170898
vertex 296.126312255859 128.560501098633 157.048797607422
vertex 304.744903564453 131.575302124023 160.813095092773
endloop
endfacet
facet normal 0.478920783340 -0.647845955684 0.592393873186
outer loop
vertex 348.341888427734 187.791107177734 209.930496215820
vertex 353.867889404297 191.499206542969 209.518203735352
vertex 351.523803710938 192.375595092773 212.371704101563
endloop
endfacet
facet normal 0.403560589814 -0.657163074684 0.636612553772
outer loop
vertex 353.467407226563 187.479095458984 205.622192382813
vertex 353.867889404297 191.499206542969 209.518203735352
vertex 350.324005126953 186.845199584961 206.960494995117
endloop
endfacet
facet normal 0.331471668571 -0.627768220300 0.704296524566
outer loop
vertex 356.831512451172 187.719299316406 204.253005981445
vertex 353.467407226563 187.479095458984 205.622192382813
vertex 350.729400634766 181.786300659180 201.836593627930
endloop
endfacet
facet normal 0.283158350355 -0.596954438886 0.750644220999
outer loop
vertex 356.480712890625 185.307205200195 202.467102050781
vertex 356.831512451172 187.719299316406 204.253005981445
vertex 350.729400634766 181.786300659180 201.836593627930
endloop
endfacet
facet normal 0.020837759105 -0.793342140330 0.608419293063
outer loop
vertex 289.842895507813 144.672698974609 178.953292846680
vertex 294.493804931641 142.336395263672 175.747604370117
vertex 295.152404785156 145.370697021484 179.681594848633
endloop
endfacet
facet normal 0.199681796154 -0.566608105313 0.799426316353
outer loop
vertex 360.927093505859 187.196701049805 202.695693969727
vertex 356.480712890625 185.307205200195 202.467102050781
vertex 354.664489746094 181.466094970703 200.198303222656
endloop
endfacet
facet normal 0.159450309510 -0.535641135898 0.829255191320
outer loop
vertex 359.177886962891 182.377395629883 199.919097900391
vertex 360.927093505859 187.196701049805 202.695693969727
vertex 354.664489746094 181.466094970703 200.198303222656
endloop
endfacet
facet normal 0.066552482051 -0.485772914149 0.871547728476
outer loop
vertex 367.250701904297 180.361892700195 198.051300048828
vertex 362.214691162109 180.990997314453 198.786499023438
vertex 361.448699951172 177.503906250000 196.901397705078
endloop
endfacet
facet normal 0.078702136418 -0.505485309162 0.859238369688
outer loop
vertex 361.354614257813 174.338806152344 195.048004150391
vertex 367.250701904297 180.361892700195 198.051300048828
vertex 361.448699951172 177.503906250000 196.901397705078
endloop
endfacet
facet normal 0.107372719909 -0.563919981950 0.818819487419
outer loop
vertex 367.532714843750 176.898605346680 196.000793457031
vertex 361.354614257813 174.338806152344 195.048004150391
vertex 362.597503662109 171.003494262695 192.587997436523
endloop
endfacet
facet normal 0.111051167185 -0.565916698424 0.816949159197
outer loop
vertex 369.242492675781 175.233901977539 194.615203857422
vertex 367.532714843750 176.898605346680 196.000793457031
vertex 362.597503662109 171.003494262695 192.587997436523
endloop
endfacet
facet normal 0.147147906475 -0.605812083216 0.781881841105
outer loop
vertex 368.263885498047 171.356094360352 191.794799804688
vertex 369.242492675781 175.233901977539 194.615203857422
vertex 362.597503662109 171.003494262695 192.587997436523
endloop
endfacet
facet normal 0.146047706922 -0.628600847599 0.763892035369
outer loop
vertex 368.263885498047 171.356094360352 191.794799804688
vertex 362.597503662109 171.003494262695 192.587997436523
vertex 362.917602539063 167.061904907227 189.283294677734
endloop
endfacet
facet normal 0.205127110104 -0.671714379814 0.711844548095
outer loop
vertex 366.537109375000 166.130401611328 187.361297607422
vertex 368.263885498047 171.356094360352 191.794799804688
vertex 362.917602539063 167.061904907227 189.283294677734
endloop
endfacet
facet normal 0.225117094708 -0.679007108786 0.698764366499
outer loop
vertex 368.247100830078 163.212600708008 183.975097656250
vertex 366.537109375000 166.130401611328 187.361297607422
vertex 360.855895996094 161.719497680664 184.905395507813
endloop
endfacet
facet normal 0.120517253265 -0.585266915911 0.801834290116
outer loop
vertex 379.379211425781 181.206405639648 196.772903442383
vertex 382.827252883994 184.445589863054 198.618969260546
vertex 378.221313476563 183.330993652344 198.497695922852
endloop
endfacet
facet normal 0.179928271216 -0.696061272757 0.695071594719
outer loop
vertex 354.235412597656 146.120101928711 171.145095825195
vertex 362.961090087891 148.485595703125 171.255203247070
vertex 360.307586669922 152.769393920898 176.231994628906
endloop
endfacet
facet normal 0.193044473321 -0.701286132117 0.686244557152
outer loop
vertex 352.388000488281 154.036605834961 179.754806518555
vertex 354.235412597656 146.120101928711 171.145095825195
vertex 360.307586669922 152.769393920898 176.231994628906
endloop
endfacet
facet normal 0.193458974175 -0.700526671791 0.686903200910
outer loop
vertex 358.729614257813 156.882797241211 180.871398925781
vertex 352.388000488281 154.036605834961 179.754806518555
vertex 360.307586669922 152.769393920898 176.231994628906
endloop
endfacet
facet normal 0.279000370273 -0.048105762785 0.959085308497
outer loop
vertex 396.683197021484 230.148895263672 219.502197265625
vertex 399.833191424378 231.917652500547 218.674573089057
vertex 399.048187255859 232.995605468750 218.957000732422
endloop
endfacet
facet normal 0.141797853607 -0.644493165147 0.751346743382
outer loop
vertex 346.501800537109 156.874694824219 183.869400024414
vertex 353.514099121094 159.534805297852 184.827804565430
vertex 351.072692871094 162.078506469727 187.470504760742
endloop
endfacet
facet normal 0.106969643848 -0.627604231594 0.771148768903
outer loop
vertex 346.652313232422 162.150299072266 188.142105102539
vertex 346.501800537109 156.874694824219 183.869400024414
vertex 351.072692871094 162.078506469727 187.470504760742
endloop
endfacet
facet normal 0.102704933421 -0.585899533419 0.803849135964
outer loop
vertex 348.289093017578 167.731597900391 192.001007080078
vertex 346.652313232422 162.150299072266 188.142105102539
vertex 354.245697021484 167.835800170898 191.315902709961
endloop
endfacet
facet normal 0.153774658296 -0.569183447480 0.807702641806
outer loop
vertex 349.469909667969 172.241500854492 194.954299926758
vertex 344.210601806641 168.194503784180 193.103698730469
vertex 348.289093017578 167.731597900391 192.001007080078
endloop
endfacet
facet normal 0.176906441308 -0.590101550945 0.787708239512
outer loop
vertex 344.210601806641 168.194503784180 193.103698730469
vertex 349.469909667969 172.241500854492 194.954299926758
vertex 347.026611328125 174.155807495117 196.937103271484
endloop
endfacet
facet normal 0.211363166010 -0.597332155970 0.773640683715
outer loop
vertex 342.031188964844 168.811096191406 194.175201416016
vertex 344.210601806641 168.194503784180 193.103698730469
vertex 347.026611328125 174.155807495117 196.937103271484
endloop
endfacet
facet normal 0.296908946478 -0.645333646768 0.703839159077
outer loop
vertex 339.500305175781 169.027297973633 195.409805297852
vertex 347.026611328125 174.155807495117 196.937103271484
vertex 343.363006591797 174.912002563477 199.175903320313
endloop
endfacet
facet normal 0.481066526378 -0.694306388384 0.535269685531
outer loop
vertex 337.903991699219 173.552902221680 201.659500122070
vertex 337.682891845703 170.879196166992 198.390106201172
vertex 340.928985595703 174.911895751953 200.703598022461
endloop
endfacet
facet normal 0.392451668700 -0.674586308758 0.625231956773
outer loop
vertex 340.928985595703 174.911895751953 200.703598022461
vertex 337.682891845703 170.879196166992 198.390106201172
vertex 343.363006591797 174.912002563477 199.175903320313
endloop
endfacet
facet normal 0.480698405655 -0.684321041068 0.548300789305
outer loop
vertex 341.170593261719 176.460296630859 202.424301147461
vertex 337.903991699219 173.552902221680 201.659500122070
vertex 340.928985595703 174.911895751953 200.703598022461
endloop
endfacet
facet normal 0.514821286890 -0.706260336988 0.485958207013
outer loop
vertex 341.204803466797 178.493301391602 205.342697143555
vertex 337.903991699219 173.552902221680 201.659500122070
vertex 341.170593261719 176.460296630859 202.424301147461
endloop
endfacet
facet normal 0.561372486383 -0.701904051369 0.438396663085
outer loop
vertex 335.715515136719 173.740295410156 204.761901855469
vertex 337.903991699219 173.552902221680 201.659500122070
vertex 341.204803466797 178.493301391602 205.342697143555
endloop
endfacet
facet normal 0.588543062747 -0.723740621020 0.360300675517
outer loop
vertex 335.715515136719 173.740295410156 204.761901855469
vertex 341.204803466797 178.493301391602 205.342697143555
vertex 337.741485595703 177.213699340820 208.429595947266
endloop
endfacet
facet normal 0.036103859653 -0.806354520601 0.590329482937
outer loop
vertex 332.150695800781 128.262405395508 153.763107299805
vertex 321.437103271484 126.808799743652 152.432800292969
vertex 326.351104736328 125.236503601074 149.984603881836
endloop
endfacet
facet normal 0.644951630357 -0.716764645565 0.265114762639
outer loop
vertex 335.095092773438 175.295501708984 209.681503295898
vertex 334.727508544922 174.152496337891 207.485504150391
vertex 337.741485595703 177.213699340820 208.429595947266
endloop
endfacet
facet normal 0.149319434959 -0.715200808329 0.682782183503
outer loop
vertex 356.422534424730 139.751878920535 163.996200970578
vertex 360.849648722272 144.107579966061 167.590534218409
vertex 354.235412597656 146.120101928711 171.145095825195
endloop
endfacet
facet normal 0.216355056861 -0.679674295364 0.700880404628
outer loop
vertex 356.045593261719 157.991104125977 182.774703979492
vertex 358.729614257813 156.882797241211 180.871398925781
vertex 360.855895996094 161.719497680664 184.905395507813
endloop
endfacet
facet normal 0.614132066420 -0.674762930297 0.409312585798
outer loop
vertex 341.204803466797 178.493301391602 205.342697143555
vertex 341.457305908203 181.470901489258 209.872497558594
vertex 337.741485595703 177.213699340820 208.429595947266
endloop
endfacet
facet normal -0.931054328103 0.305805515893 -0.199049804243
outer loop
vertex 222.625396728516 228.742202758789 279.220794677734
vertex 222.609854431212 231.311067938805 283.240109682083
vertex 222.910700371195 232.456426117661 283.592548784049
endloop
endfacet
facet normal -0.840618150128 -0.114596384873 -0.529366408312
outer loop
vertex 228.456802368164 183.742004394531 258.477996826172
vertex 230.704498291016 177.244003295898 256.315399169922
vertex 227.156204223633 182.975692749023 260.709197998047
endloop
endfacet
facet normal 0.519956721915 -0.656067637909 0.547010294075
outer loop
vertex 346.413391113281 183.248794555664 206.095306396484
vertex 341.204803466797 178.493301391602 205.342697143555
vertex 344.709899902344 179.064804077148 202.696395874023
endloop
endfacet
facet normal 0.397043360539 -0.665010591559 0.632548403655
outer loop
vertex 344.709899902344 179.064804077148 202.696395874023
vertex 340.928985595703 174.911895751953 200.703598022461
vertex 343.363006591797 174.912002563477 199.175903320313
endloop
endfacet
facet normal 0.314161983799 -0.616188921696 0.722228122351
outer loop
vertex 347.026611328125 174.155807495117 196.937103271484
vertex 350.729400634766 181.786300659180 201.836593627930
vertex 343.363006591797 174.912002563477 199.175903320313
endloop
endfacet
facet normal 0.618868035513 -0.711779848781 0.332222518036
outer loop
vertex 334.727508544922 174.152496337891 207.485504150391
vertex 335.715515136719 173.740295410156 204.761901855469
vertex 337.741485595703 177.213699340820 208.429595947266
endloop
endfacet
facet normal 0.111309117716 -0.530622904965 0.840267584190
outer loop
vertex 349.469909667969 172.241500854492 194.954299926758
vertex 355.737792968750 174.479202270508 195.537094116211
vertex 353.747406005859 177.256805419922 197.554794311523
endloop
endfacet
facet normal 0.111437579320 -0.593701229277 0.796931939547
outer loop
vertex 354.245697021484 167.835800170898 191.315902709961
vertex 346.652313232422 162.150299072266 188.142105102539
vertex 351.072692871094 162.078506469727 187.470504760742
endloop
endfacet
facet normal -0.947342804240 -0.250102649156 0.199975688873
outer loop
vertex 225.224594116211 215.252899169922 245.484207153320
vertex 225.013198852539 218.513595581055 248.560806274414
vertex 223.716293334961 220.450897216797 244.839904785156
endloop
endfacet
facet normal -0.799864454831 -0.543432855733 -0.254750044569
outer loop
vertex 244.789993286133 167.268203735352 232.143493652344
vertex 242.756698608398 170.969604492188 230.631805419922
vertex 245.673400878906 167.755203247070 228.330902099609
endloop
endfacet
facet normal -0.898135025748 -0.437906881362 -0.039887827468
outer loop
vertex 236.695404052734 181.118499755859 233.895095825195
vertex 235.163604736328 184.524795532227 230.990005493164
vertex 237.276794433594 180.365798950195 229.067703247070
endloop
endfacet
facet normal -0.996235040675 0.085596065594 0.013749810402
outer loop
vertex 225.120407104492 228.680206298828 258.047698974609
vertex 225.303604125977 230.422500610352 260.474914550781
vertex 225.323699951172 230.960800170898 258.579895019531
endloop
endfacet
facet normal -0.055362092346 -0.782625072596 0.620026640134
outer loop
vertex 324.766665480810 119.917068783019 143.099680415730
vertex 325.518844013349 120.190440682525 143.511904445364
vertex 324.663787841797 120.775703430176 144.174301147461
endloop
endfacet
facet normal -0.997076475911 0.072021483121 0.025522679224
outer loop
vertex 225.269195556641 231.347106933594 256.334686279297
vertex 224.943695068359 227.193603515625 255.339202880859
vertex 225.120407104492 228.680206298828 258.047698974609
endloop
endfacet
facet normal 0.000834770882 -0.857712182136 0.514129473746
outer loop
vertex 291.231811523438 115.906097412109 137.257995605469
vertex 291.232428448524 113.610063815515 133.427566497727
vertex 291.698783636093 113.612613030887 133.431062102318
endloop
endfacet
facet normal 0.033250684229 -0.850689661064 0.524615566446
outer loop
vertex 297.401092529297 121.490097045898 145.921707153320
vertex 289.809295654297 119.631202697754 143.388595581055
vertex 291.231811523438 115.906097412109 137.257995605469
endloop
endfacet
facet normal -0.996077721926 0.079938292161 0.037934698219
outer loop
vertex 225.269195556641 231.347106933594 256.334686279297
vertex 225.120407104492 228.680206298828 258.047698974609
vertex 225.323699951172 230.960800170898 258.579895019531
endloop
endfacet
facet normal -0.920984681082 0.364673587280 -0.137114521304
outer loop
vertex 225.230102539063 238.122604370117 281.811706542969
vertex 226.061704519197 239.940449306382 281.060709132506
vertex 226.388170112861 240.383303651960 280.045699733818
endloop
endfacet
facet normal -0.999177911548 0.040371971381 -0.003688495867
outer loop
vertex 224.996994018555 225.560302734375 257.330596923828
vertex 225.029403686523 226.617294311523 260.120300292969
vertex 225.120407104492 228.680206298828 258.047698974609
endloop
endfacet
facet normal -0.931069182544 0.363433299013 -0.032037704131
outer loop
vertex 228.047478411386 241.999535559945 267.390310200909
vertex 227.153396606445 239.860107421875 269.104309082031
vertex 227.997255794307 241.973102311107 268.550006540218
endloop
endfacet
facet normal 0.142668435943 -0.590853801221 0.794063916174
outer loop
vertex 341.767211914063 162.656692504883 189.396606445313
vertex 346.652313232422 162.150299072266 188.142105102539
vertex 348.289093017578 167.731597900391 192.001007080078
endloop
endfacet
facet normal 0.146422244602 -0.594086365652 0.790962651730
outer loop
vertex 344.210601806641 168.194503784180 193.103698730469
vertex 341.767211914063 162.656692504883 189.396606445313
vertex 348.289093017578 167.731597900391 192.001007080078
endloop
endfacet
facet normal -0.946398675621 0.322688110852 0.014210203959
outer loop
vertex 227.057495117188 238.988098144531 260.098205566406
vertex 228.013397216797 241.728607177734 261.529205322266
vertex 227.979598999023 241.759399414063 258.579010009766
endloop
endfacet
facet normal 0.381406082502 -0.662766570457 0.644414364610
outer loop
vertex 337.682891845703 170.879196166992 198.390106201172
vertex 339.500305175781 169.027297973633 195.409805297852
vertex 343.363006591797 174.912002563477 199.175903320313
endloop
endfacet
facet normal 0.509453233967 -0.721660135211 0.468683317015
outer loop
vertex 334.980987548828 170.192596435547 199.662704467773
vertex 337.903991699219 173.552902221680 201.659500122070
vertex 333.869812011719 170.675506591797 201.614105224609
endloop
endfacet
facet normal 0.254398803583 -0.942622799354 0.216202467315
outer loop
vertex 308.333892822266 157.616897583008 201.825897216797
vertex 303.457611083984 156.281005859375 201.739303588867
vertex 305.972290039063 156.120300292969 198.079696655273
endloop
endfacet
facet normal 0.267477792370 -0.956769989686 0.114222665987
outer loop
vertex 308.534484863281 158.103103637695 205.428802490234
vertex 306.176605224609 157.247802734375 203.785995483398
vertex 308.333892822266 157.616897583008 201.825897216797
endloop
endfacet
facet normal 0.450548226129 -0.864662293634 -0.222183288976
outer loop
vertex 310.802093505859 157.936203002930 214.663894653320
vertex 309.744812011719 158.154907226563 211.668792724609
vertex 314.193206787109 159.954895019531 213.684402465820
endloop
endfacet
facet normal 0.420548761332 -0.849014891316 -0.319863179604
outer loop
vertex 310.802093505859 157.936203002930 214.663894653320
vertex 309.145812988281 156.446304321289 216.440902709961
vertex 307.978088378906 156.857299804688 213.814697265625
endloop
endfacet
facet normal 0.398524678179 -0.865433226592 -0.303650146043
outer loop
vertex 304.650512695313 156.282592773438 211.085403442383
vertex 307.978088378906 156.857299804688 213.814697265625
vertex 305.580413818359 155.279205322266 215.165603637695
endloop
endfacet
facet normal 0.394236850766 -0.864912056624 -0.310651637377
outer loop
vertex 307.978088378906 156.857299804688 213.814697265625
vertex 309.145812988281 156.446304321289 216.440902709961
vertex 305.580413818359 155.279205322266 215.165603637695
endloop
endfacet
facet normal 0.364358860749 -0.924067979737 -0.115503200905
outer loop
vertex 308.032287597656 157.874404907227 208.510696411133
vertex 312.856994628906 159.814804077148 208.206497192383
vertex 309.744812011719 158.154907226563 211.668792724609
endloop
endfacet
facet normal 0.448576967038 -0.893744179113 -0.000216667433
outer loop
vertex 317.101409912109 161.944396972656 211.140396118164
vertex 312.856994628906 159.814804077148 208.206497192383
vertex 318.431213378906 162.612701416016 207.568099975586
endloop
endfacet
facet normal 0.260977250713 -0.897301215939 -0.356007587678
outer loop
vertex 299.259613037109 154.676605224609 211.399398803711
vertex 302.072113037109 154.491104125977 213.928695678711
vertex 298.386413574219 153.142196655273 214.626693725586
endloop
endfacet
facet normal 0.072200540374 -0.861508044049 0.502584293435
outer loop
vertex 297.497802734375 150.430297851563 187.500106811523
vertex 297.119598388672 148.038894653320 183.455200195313
vertex 301.684906005859 149.867401123047 185.933700561523
endloop
endfacet
facet normal 0.069821624861 -0.837500999395 0.541956655753
outer loop
vertex 301.684906005859 149.867401123047 185.933700561523
vertex 300.894500732422 147.203994750977 181.919692993164
vertex 304.151397705078 148.130401611328 182.931701660156
endloop
endfacet
facet normal 0.044672462922 -0.834813064828 0.548718067726
outer loop
vertex 310.003204345703 127.316001892090 154.016006469727
vertex 322.824401855469 130.521102905273 157.848403930664
vertex 317.006805419922 132.046798706055 160.643203735352
endloop
endfacet
facet normal -0.013722817028 -0.799326026199 0.600740866042
outer loop
vertex 320.091888427734 122.136199951172 145.880096435547
vertex 323.590086628876 119.505878317950 142.460186918816
vertex 324.663787841797 120.775703430176 144.174301147461
endloop
endfacet
facet normal -0.004831483577 -0.788056823239 0.615583544381
outer loop
vertex 320.091888427734 122.136199951172 145.880096435547
vertex 324.663787841797 120.775703430176 144.174301147461
vertex 329.988311767578 123.774200439453 148.054702758789
endloop
endfacet
facet normal -0.000553812149 -0.797543098578 0.603261717005
outer loop
vertex 326.351104736328 125.236503601074 149.984603881836
vertex 320.091888427734 122.136199951172 145.880096435547
vertex 329.988311767578 123.774200439453 148.054702758789
endloop
endfacet
facet normal 0.053873040450 -0.830002441969 0.555151908795
outer loop
vertex 321.437103271484 126.808799743652 152.432800292969
vertex 329.012084960938 129.826202392578 156.208999633789
vertex 322.824401855469 130.521102905273 157.848403930664
endloop
endfacet
facet normal 0.249628613985 -0.905191849750 -0.343966960951
outer loop
vertex 299.259613037109 154.676605224609 211.399398803711
vertex 304.650512695313 156.282592773438 211.085403442383
vertex 302.072113037109 154.491104125977 213.928695678711
endloop
endfacet
facet normal 0.129270997890 -0.839637760396 0.527539041610
outer loop
vertex 304.837585449219 151.885604858398 188.733596801758
vertex 306.686492919922 150.147598266602 185.514297485352
vertex 308.995208740234 152.686996459961 188.990295410156
endloop
endfacet
facet normal 0.188456125563 -0.659173931800 0.727993143081
outer loop
vertex 356.045593261719 157.991104125977 182.774703979492
vertex 360.855895996094 161.719497680664 184.905395507813
vertex 353.514099121094 159.534805297852 184.827804565430
endloop
endfacet
facet normal 0.625052637223 -0.667818126065 0.404138777153
outer loop
vertex 344.470611572266 183.297805786133 208.230895996094
vertex 341.457305908203 181.470901489258 209.872497558594
vertex 341.204803466797 178.493301391602 205.342697143555
endloop
endfacet
facet normal 0.540162613417 -0.671837033473 0.506812935431
outer loop
vertex 346.413391113281 183.248794555664 206.095306396484
vertex 344.470611572266 183.297805786133 208.230895996094
vertex 341.204803466797 178.493301391602 205.342697143555
endloop
endfacet
facet normal 0.545678619435 -0.663668447217 0.511643466155
outer loop
vertex 344.470611572266 183.297805786133 208.230895996094
vertex 346.413391113281 183.248794555664 206.095306396484
vertex 348.341888427734 187.791107177734 209.930496215820
endloop
endfacet
facet normal 0.498034411825 -0.673076909239 0.546744180479
outer loop
vertex 346.413391113281 183.248794555664 206.095306396484
vertex 350.324005126953 186.845199584961 206.960494995117
vertex 348.341888427734 187.791107177734 209.930496215820
endloop
endfacet
facet normal 0.460707425963 -0.665047307518 0.587759088765
outer loop
vertex 349.175598144531 183.735504150391 204.480895996094
vertex 346.413391113281 183.248794555664 206.095306396484
vertex 344.709899902344 179.064804077148 202.696395874023
endloop
endfacet
facet normal 0.379661747818 -0.623958900048 0.683031659804
outer loop
vertex 350.729400634766 181.786300659180 201.836593627930
vertex 349.175598144531 183.735504150391 204.480895996094
vertex 344.709899902344 179.064804077148 202.696395874023
endloop
endfacet
facet normal 0.391663635797 -0.665588604529 0.635288443083
outer loop
vertex 350.729400634766 181.786300659180 201.836593627930
vertex 344.709899902344 179.064804077148 202.696395874023
vertex 343.363006591797 174.912002563477 199.175903320313
endloop
endfacet
facet normal 0.179293426341 -0.550935543714 0.815060668873
outer loop
vertex 354.664489746094 181.466094970703 200.198303222656
vertex 347.026611328125 174.155807495117 196.937103271484
vertex 353.747406005859 177.256805419922 197.554794311523
endloop
endfacet
facet normal 0.014693310882 -0.808512246764 0.588295889368
outer loop
vertex 318.514801025391 123.588996887207 147.916107177734
vertex 320.091888427734 122.136199951172 145.880096435547
vertex 326.351104736328 125.236503601074 149.984603881836
endloop
endfacet
facet normal 0.124164535916 -0.523393121176 0.842996327825
outer loop
vertex 353.747406005859 177.256805419922 197.554794311523
vertex 355.737792968750 174.479202270508 195.537094116211
vertex 357.558593750000 178.816802978516 197.962005615234
endloop
endfacet
facet normal -0.315551600002 -0.645653218391 -0.695384145144
outer loop
vertex 274.421905517578 139.331100463867 229.699905395508
vertex 271.519012451172 140.660995483398 229.782394409180
vertex 274.814697265625 141.680694580078 227.340103149414
endloop
endfacet
facet normal -0.291738917412 -0.676544124785 -0.676148246530
outer loop
vertex 274.814697265625 141.680694580078 227.340103149414
vertex 271.519012451172 140.660995483398 229.782394409180
vertex 272.056396484375 142.757003784180 227.453292846680
endloop
endfacet
facet normal -0.343701468808 -0.657231666777 -0.670757658566
outer loop
vertex 271.519012451172 140.660995483398 229.782394409180
vertex 269.911499023438 142.690307617188 228.617706298828
vertex 272.056396484375 142.757003784180 227.453292846680
endloop
endfacet
facet normal 0.118338014314 -0.595793930601 0.794371264981
outer loop
vertex 357.127807617188 164.803405761719 188.612197875977
vertex 354.245697021484 167.835800170898 191.315902709961
vertex 351.072692871094 162.078506469727 187.470504760742
endloop
endfacet
facet normal 0.146702824964 -0.641482232132 0.752979964545
outer loop
vertex 353.514099121094 159.534805297852 184.827804565430
vertex 357.127807617188 164.803405761719 188.612197875977
vertex 351.072692871094 162.078506469727 187.470504760742
endloop
endfacet
facet normal 0.187010975040 -0.654480528005 0.732585922385
outer loop
vertex 360.855895996094 161.719497680664 184.905395507813
vertex 357.127807617188 164.803405761719 188.612197875977
vertex 353.514099121094 159.534805297852 184.827804565430
endloop
endfacet
facet normal -0.808498561070 -0.481152557465 0.338854383463
outer loop
vertex 225.544097900391 202.173004150391 230.184097290039
vertex 227.025207519531 197.971206665039 227.751693725586
vertex 227.796600341797 199.059692382813 231.137802124023
endloop
endfacet
facet normal -0.914664054756 -0.404126845728 0.008435608982
outer loop
vertex 235.163604736328 184.524795532227 230.990005493164
vertex 236.695404052734 181.118499755859 233.895095825195
vertex 234.208694458008 186.783004760742 235.634704589844
endloop
endfacet
facet normal -0.933986882607 -0.348160573735 0.080328811854
outer loop
vertex 231.646804809570 192.534103393555 233.978393554688
vertex 232.206207275391 192.246994018555 239.238204956055
vertex 230.266098022461 197.036407470703 237.438705444336
endloop
endfacet
facet normal -0.918796115727 -0.387232660715 0.076580442679
outer loop
vertex 232.206207275391 192.246994018555 239.238204956055
vertex 231.646804809570 192.534103393555 233.978393554688
vertex 234.208694458008 186.783004760742 235.634704589844
endloop
endfacet
facet normal -0.934565522844 -0.342848016634 0.095092171082
outer loop
vertex 232.206207275391 192.246994018555 239.238204956055
vertex 230.541198730469 197.364303588867 241.324600219727
vertex 230.266098022461 197.036407470703 237.438705444336
endloop
endfacet
facet normal -0.845832447391 -0.439754716280 0.301965661045
outer loop
vertex 227.878692626953 200.401199340820 233.321395874023
vertex 227.033706665039 201.146499633789 232.039901733398
vertex 227.796600341797 199.059692382813 231.137802124023
endloop
endfacet
facet normal -0.324587627091 -0.501587174316 0.801905966371
outer loop
vertex 199.606094360352 215.391098022461 219.858505249023
vertex 202.941101074219 213.365798950195 219.941604614258
vertex 203.310501098633 216.488403320313 222.044296264648
endloop
endfacet
facet normal -0.409977907403 -0.596012774257 0.690425150443
outer loop
vertex 216.064804077148 198.963592529297 216.143203735352
vertex 211.715393066406 200.582702636719 214.958206176758
vertex 215.909606933594 195.336105346680 212.919601440430
endloop
endfacet
facet normal -0.482271549095 -0.619169698027 0.619712060539
outer loop
vertex 219.600906372070 194.697494506836 214.749298095703
vertex 220.826599121094 190.198898315430 211.208496093750
vertex 222.927703857422 191.247894287109 213.891693115234
endloop
endfacet
facet normal -0.542367074862 -0.650782470162 0.531338058712
outer loop
vertex 225.566696166992 190.201705932617 215.304092407227
vertex 222.927703857422 191.247894287109 213.891693115234
vertex 226.152404785156 186.836700439453 211.780502319336
endloop
endfacet
facet normal -0.639330338273 -0.698754510930 0.320934342223
outer loop
vertex 232.813598632813 181.109603881836 211.671005249023
vertex 236.434906005859 177.148193359375 210.259994506836
vertex 235.188903808594 179.231399536133 212.313507080078
endloop
endfacet
facet normal -0.737408326153 -0.651718197013 0.177460846956
outer loop
vertex 237.582595825195 178.408996582031 217.288406372070
vertex 236.376495361328 180.690200805664 220.654296875000
vertex 234.942993164063 181.253494262695 216.766296386719
endloop
endfacet
facet normal -0.480997946980 -0.855293896693 0.192648190441
outer loop
vertex 250.397399902344 165.788604736328 208.395401000977
vertex 249.052703857422 165.695602416992 204.625106811523
vertex 253.311401367188 163.278305053711 204.526092529297
endloop
endfacet
facet normal -0.440334666866 -0.557906323826 0.703452852003
outer loop
vertex 210.528106689453 211.123794555664 222.081100463867
vertex 212.419799804688 210.712203979492 222.938796997070
vertex 211.990798950195 212.203994750977 223.853393554688
endloop
endfacet
facet normal -0.459097130588 -0.297551028444 0.837074196328
outer loop
vertex 208.595504760742 228.003997802734 230.130493164063
vertex 204.111099243164 226.318298339844 227.071792602539
vertex 208.533798217773 223.251205444336 228.407196044922
endloop
endfacet
facet normal -0.545303067191 -0.816424113887 0.189990081782
outer loop
vertex 247.237503051758 167.592697143555 207.078506469727
vertex 250.397399902344 165.788604736328 208.395401000977
vertex 246.939605712891 168.345397949219 209.457992553711
endloop
endfacet
facet normal -0.583011630955 -0.633782700482 0.508347250155
outer loop
vertex 225.566696166992 190.201705932617 215.304092407227
vertex 226.152404785156 186.836700439453 211.780502319336
vertex 228.104995727539 187.087203979492 214.332199096680
endloop
endfacet
facet normal -0.508897131130 -0.635215517168 0.580968980821
outer loop
vertex 219.600906372070 194.697494506836 214.749298095703
vertex 222.927703857422 191.247894287109 213.891693115234
vertex 222.590301513672 194.087600708008 216.701004028320
endloop
endfacet
facet normal -0.710670404004 -0.701706927437 0.050546660213
outer loop
vertex 242.291793823242 173.389694213867 218.589202880859
vertex 240.016098022461 175.510894775391 216.040893554688
vertex 243.337905883789 172.020797729492 214.293701171875
endloop
endfacet
facet normal -0.729761031150 -0.678483203446 -0.084317139761
outer loop
vertex 246.102600097656 169.076599121094 222.415206909180
vertex 243.751998901367 171.723098754883 221.463699340820
vertex 246.171997070313 169.543899536133 218.054306030273
endloop
endfacet
facet normal -0.634920717582 -0.772522940455 0.009164543360
outer loop
vertex 250.770904541016 165.747299194336 216.633697509766
vertex 246.171997070313 169.543899536133 218.054306030273
vertex 247.901992797852 168.060195922852 212.840194702148
endloop
endfacet
facet normal -0.256764533290 -0.087704776860 0.962486283830
outer loop
vertex 184.876602172852 230.136505126953 221.102493286133
vertex 188.965103149414 229.261901855469 222.113494873047
vertex 187.227294921875 233.581405639648 222.043502807617
endloop
endfacet
facet normal -0.358210960217 -0.193675915417 0.913331565078
outer loop
vertex 193.779403686523 226.678497314453 222.989196777344
vertex 199.034103393555 229.325897216797 225.611495971680
vertex 193.525695800781 231.732406616211 223.961395263672
endloop
endfacet
facet normal -0.319734836345 -0.113391835624 0.940697574166
outer loop
vertex 187.227294921875 233.581405639648 222.043502807617
vertex 188.965103149414 229.261901855469 222.113494873047
vertex 193.525695800781 231.732406616211 223.961395263672
endloop
endfacet
facet normal -0.387119412056 -0.218560181150 0.895751085975
outer loop
vertex 199.034103393555 229.325897216797 225.611495971680
vertex 204.111099243164 226.318298339844 227.071792602539
vertex 204.671005249023 232.129592895508 228.731704711914
endloop
endfacet
facet normal -0.289995440411 -0.225117491015 0.930174585645
outer loop
vertex 193.779403686523 226.678497314453 222.989196777344
vertex 188.965103149414 229.261901855469 222.113494873047
vertex 188.993194580078 225.689193725586 221.257598876953
endloop
endfacet
facet normal -0.255578895253 -0.320313605096 0.912183436975
outer loop
vertex 195.076904296875 222.242401123047 221.794998168945
vertex 193.779403686523 226.678497314453 222.989196777344
vertex 191.645492553711 223.811904907227 221.384704589844
endloop
endfacet
facet normal -0.265242542130 -0.312997321354 0.911964402085
outer loop
vertex 193.779403686523 226.678497314453 222.989196777344
vertex 188.993194580078 225.689193725586 221.257598876953
vertex 191.645492553711 223.811904907227 221.384704589844
endloop
endfacet
facet normal -0.278856688098 -0.378996068167 0.882383662483
outer loop
vertex 195.076904296875 222.242401123047 221.794998168945
vertex 191.645492553711 223.811904907227 221.384704589844
vertex 191.470993041992 221.019302368164 220.130096435547
endloop
endfacet
facet normal -0.502595917457 -0.192325864360 0.842857108681
outer loop
vertex 204.111099243164 226.318298339844 227.071792602539
vertex 208.595504760742 228.003997802734 230.130493164063
vertex 204.671005249023 232.129592895508 228.731704711914
endloop
endfacet
facet normal -0.577954730061 -0.147293296808 0.802666191337
outer loop
vertex 208.595504760742 228.003997802734 230.130493164063
vertex 212.545898437500 229.182403564453 233.191192626953
vertex 209.646896362305 232.082107543945 231.635894775391
endloop
endfacet
facet normal -0.369128069424 0.072703370484 0.926530457289
outer loop
vertex 198.890304565430 240.153503417969 226.078796386719
vertex 193.302597045898 240.442306518555 223.830001831055
vertex 193.411102294922 236.544403076172 224.179092407227
endloop
endfacet
facet normal -0.409954926029 -0.268841015131 0.871585605209
outer loop
vertex 204.111099243164 226.318298339844 227.071792602539
vertex 199.034103393555 229.325897216797 225.611495971680
vertex 199.312896728516 224.192092895508 224.159103393555
endloop
endfacet
facet normal -0.578589457254 0.152265213256 0.801279941585
outer loop
vertex 211.641261447593 243.045733026927 232.197289677203
vertex 209.016098022461 237.083999633789 231.434600830078
vertex 214.680801391602 239.108306884766 235.140304565430
endloop
endfacet
facet normal -0.473220918103 0.104650670738 0.874705778981
outer loop
vertex 209.016098022461 237.083999633789 231.434600830078
vertex 205.593994140625 241.845901489258 229.013504028320
vertex 203.405593872070 237.200897216797 228.385299682617
endloop
endfacet
facet normal -0.346011261780 0.031732410811 0.937693585787
outer loop
vertex 198.890304565430 240.153503417969 226.078796386719
vertex 193.411102294922 236.544403076172 224.179092407227
vertex 198.821395874023 234.567596435547 226.242401123047
endloop
endfacet
facet normal -0.357881195785 0.191731339000 0.913870966466
outer loop
vertex 193.302597045898 240.442306518555 223.830001831055
vertex 198.890304565430 240.153503417969 226.078796386719
vertex 193.760368212410 241.163313470611 223.858001477678
endloop
endfacet
facet normal -0.256344252843 -0.088014442005 0.962570040066
outer loop
vertex 184.876602172852 230.136505126953 221.102493286133
vertex 187.227294921875 233.581405639648 222.043502807617
vertex 183.573898315430 231.877899169922 220.914794921875
endloop
endfacet
facet normal -0.415381660803 0.073072864203 0.906707467922
outer loop
vertex 205.593994140625 241.845901489258 229.013504028320
vertex 198.890304565430 240.153503417969 226.078796386719
vertex 203.405593872070 237.200897216797 228.385299682617
endloop
endfacet
facet normal -0.337708039439 0.074630951260 0.938287536533
outer loop
vertex 193.411102294922 236.544403076172 224.179092407227
vertex 193.302597045898 240.442306518555 223.830001831055
vertex 188.770492553711 238.376800537109 222.363098144531
endloop
endfacet
facet normal -0.504072179502 -0.028832081161 0.863180137021
outer loop
vertex 204.671005249023 232.129592895508 228.731704711914
vertex 209.646896362305 232.082107543945 231.635894775391
vertex 209.016098022461 237.083999633789 231.434600830078
endloop
endfacet
facet normal -0.336707302840 -0.335344031434 0.879870770509
outer loop
vertex 193.779403686523 226.678497314453 222.989196777344
vertex 195.076904296875 222.242401123047 221.794998168945
vertex 199.312896728516 224.192092895508 224.159103393555
endloop
endfacet
facet normal -0.275799085583 -0.194908735436 0.941246752580
outer loop
vertex 188.965103149414 229.261901855469 222.113494873047
vertex 193.779403686523 226.678497314453 222.989196777344
vertex 193.525695800781 231.732406616211 223.961395263672
endloop
endfacet
facet normal -0.404862683550 -0.038620347655 0.913561533897
outer loop
vertex 204.671005249023 232.129592895508 228.731704711914
vertex 203.405593872070 237.200897216797 228.385299682617
vertex 198.821395874023 234.567596435547 226.242401123047
endloop
endfacet
facet normal -0.550488162540 -0.806355686376 0.216225090940
outer loop
vertex 249.052703857422 165.695602416992 204.625106811523
vertex 250.397399902344 165.788604736328 208.395401000977
vertex 247.237503051758 167.592697143555 207.078506469727
endloop
endfacet
facet normal -0.591114211793 -0.042130906667 0.805486794007
outer loop
vertex 209.016098022461 237.083999633789 231.434600830078
vertex 209.646896362305 232.082107543945 231.635894775391
vertex 213.344406127930 233.889694213867 234.443893432617
endloop
endfacet
facet normal -0.357881195785 0.191731339000 0.913870966466
outer loop
vertex 198.890304565430 240.153503417969 226.078796386719
vertex 196.517139673233 241.629153490067 224.839847459376
vertex 193.760368212410 241.163313470611 223.858001477678
endloop
endfacet
facet normal -0.436240340988 0.211215562103 0.874689860019
outer loop
vertex 198.890304565430 240.153503417969 226.078796386719
vertex 205.593994140625 241.845901489258 229.013504028320
vertex 199.953090012012 242.103070958148 226.138075548541
endloop
endfacet
facet normal -0.436240340988 0.211215562103 0.874689860019
outer loop
vertex 205.593994140625 241.845901489258 229.013504028320
vertex 202.635660767555 242.432445287704 227.396437680393
vertex 199.953090012012 242.103070958148 226.138075548541
endloop
endfacet
facet normal -0.315273223198 -0.274153604468 0.908538714581
outer loop
vertex 199.034103393555 229.325897216797 225.611495971680
vertex 193.779403686523 226.678497314453 222.989196777344
vertex 199.312896728516 224.192092895508 224.159103393555
endloop
endfacet
facet normal -0.432163552899 -0.125031348283 0.893085564486
outer loop
vertex 199.034103393555 229.325897216797 225.611495971680
vertex 204.671005249023 232.129592895508 228.731704711914
vertex 198.821395874023 234.567596435547 226.242401123047
endloop
endfacet
facet normal -0.347045719268 0.049264353435 0.936553411300
outer loop
vertex 187.227294921875 233.581405639648 222.043502807617
vertex 193.411102294922 236.544403076172 224.179092407227
vertex 188.770492553711 238.376800537109 222.363098144531
endloop
endfacet
facet normal -0.334780318914 -0.125984406803 0.933836210109
outer loop
vertex 193.525695800781 231.732406616211 223.961395263672
vertex 199.034103393555 229.325897216797 225.611495971680
vertex 198.821395874023 234.567596435547 226.242401123047
endloop
endfacet
facet normal -0.477640185254 -0.059308115498 0.876551425113
outer loop
vertex 204.671005249023 232.129592895508 228.731704711914
vertex 209.016098022461 237.083999633789 231.434600830078
vertex 203.405593872070 237.200897216797 228.385299682617
endloop
endfacet
facet normal -0.438151568590 0.031716489252 0.898341397939
outer loop
vertex 203.405593872070 237.200897216797 228.385299682617
vertex 198.890304565430 240.153503417969 226.078796386719
vertex 198.821395874023 234.567596435547 226.242401123047
endloop
endfacet
facet normal -0.372021461507 -0.050789783829 0.926833550340
outer loop
vertex 193.411102294922 236.544403076172 224.179092407227
vertex 193.525695800781 231.732406616211 223.961395263672
vertex 198.821395874023 234.567596435547 226.242401123047
endloop
endfacet
facet normal -0.304410082833 -0.050282616027 0.951212994021
outer loop
vertex 187.227294921875 233.581405639648 222.043502807617
vertex 193.525695800781 231.732406616211 223.961395263672
vertex 193.411102294922 236.544403076172 224.179092407227
endloop
endfacet
facet normal -0.561561592206 -0.122510565533 0.818315183467
outer loop
vertex 209.646896362305 232.082107543945 231.635894775391
vertex 212.545898437500 229.182403564453 233.191192626953
vertex 213.344406127930 233.889694213867 234.443893432617
endloop
endfacet
facet normal -0.496694082435 -0.184972787505 0.847985882168
outer loop
vertex 204.671005249023 232.129592895508 228.731704711914
vertex 208.595504760742 228.003997802734 230.130493164063
vertex 209.646896362305 232.082107543945 231.635894775391
endloop
endfacet
facet normal -0.431339827928 -0.892492285812 0.131922221813
outer loop
vertex 253.311401367188 163.278305053711 204.526092529297
vertex 258.420410156250 160.744094848633 204.086105346680
vertex 255.475906372070 162.779602050781 208.229400634766
endloop
endfacet
facet normal -0.409555492324 -0.872139687366 0.267650265138
outer loop
vertex 258.420410156250 160.744094848633 204.086105346680
vertex 253.311401367188 163.278305053711 204.526092529297
vertex 255.443893432617 161.136001586914 200.808502197266
endloop
endfacet
facet normal -0.362613623712 -0.905344212933 0.221050256744
outer loop
vertex 258.420410156250 160.744094848633 204.086105346680
vertex 255.443893432617 161.136001586914 200.808502197266
vertex 259.313598632813 159.417098999023 200.116394042969
endloop
endfacet
facet normal -0.318063099234 -0.918372940766 0.235429408899
outer loop
vertex 258.420410156250 160.744094848633 204.086105346680
vertex 259.313598632813 159.417098999023 200.116394042969
vertex 261.773895263672 159.015792846680 201.874801635742
endloop
endfacet
facet normal -0.586800428852 -0.808247136152 -0.049008403378
outer loop
vertex 250.770904541016 165.747299194336 216.633697509766
vertex 247.901992797852 168.060195922852 212.840194702148
vertex 252.755004882813 164.578796386719 212.148101806641
endloop
endfacet
facet normal -0.354257578037 -0.536870089314 0.765684057300
outer loop
vertex 207.246200561523 205.241500854492 216.338104248047
vertex 210.942306518555 204.646804809570 217.631195068359
vertex 209.210098266602 208.470794677734 219.511001586914
endloop
endfacet
facet normal -0.632431172609 -0.724175363293 0.274956096700
outer loop
vertex 236.434906005859 177.148193359375 210.259994506836
vertex 239.024795532227 175.310592651367 211.377197265625
vertex 237.224395751953 177.797897338867 213.787094116211
endloop
endfacet
facet normal -0.777725386169 -0.595795188687 0.200427834506
outer loop
vertex 234.942993164063 181.253494262695 216.766296386719
vertex 236.376495361328 180.690200805664 220.654296875000
vertex 232.956405639648 184.902099609375 219.903594970703
endloop
endfacet
facet normal -0.616674133952 -0.683272960636 0.390961729301
outer loop
vertex 232.813598632813 181.109603881836 211.671005249023
vertex 231.256500244141 184.778396606445 215.626800537109
vertex 229.636093139648 184.538192749023 212.651092529297
endloop
endfacet
facet normal -0.776591093433 -0.592367195280 0.214493308887
outer loop
vertex 236.376495361328 180.690200805664 220.654296875000
vertex 234.201599121094 184.790603637695 224.104003906250
vertex 232.956405639648 184.902099609375 219.903594970703
endloop
endfacet
facet normal -0.348625540592 -0.521939617184 0.778485239719
outer loop
vertex 204.517807006836 209.865402221680 218.344696044922
vertex 209.210098266602 208.470794677734 219.511001586914
vertex 206.702392578125 212.954193115234 221.393905639648
endloop
endfacet
facet normal -0.591072088414 -0.522612993853 0.614417972518
outer loop
vertex 219.996704101563 204.030807495117 224.188400268555
vertex 218.000595092773 207.776794433594 225.454406738281
vertex 216.433197021484 205.774093627930 222.243103027344
endloop
endfacet
facet normal -0.697595816049 -0.576634692274 0.425267573531
outer loop
vertex 227.043304443359 195.544799804688 224.372497558594
vertex 224.973007202148 196.377700805664 222.105804443359
vertex 227.264801025391 193.274307250977 221.657196044922
endloop
endfacet
facet normal -0.548419765909 -0.387762738656 0.740861538258
outer loop
vertex 214.884094238281 217.079406738281 229.800292968750
vertex 212.049392700195 221.090499877930 229.801300048828
vertex 209.905502319336 218.239898681641 226.722305297852
endloop
endfacet
facet normal -0.458843500240 -0.464711794561 0.757301518738
outer loop
vertex 206.823806762695 216.598007202148 223.847595214844
vertex 209.905502319336 218.239898681641 226.722305297852
vertex 204.486495971680 220.711593627930 224.955703735352
endloop
endfacet
facet normal -0.679473368588 -0.715270770221 0.163412565759
outer loop
vertex 243.337905883789 172.020797729492 214.293701171875
vertex 240.283401489258 174.664794921875 213.166000366211
vertex 241.771697998047 172.685195922852 210.689498901367
endloop
endfacet
facet normal -0.571129601232 -0.815227916374 0.095991785902
outer loop
vertex 247.901992797852 168.060195922852 212.840194702148
vertex 250.397399902344 165.788604736328 208.395401000977
vertex 252.755004882813 164.578796386719 212.148101806641
endloop
endfacet
facet normal -0.693802340739 -0.705783130755 0.143207836119
outer loop
vertex 240.016098022461 175.510894775391 216.040893554688
vertex 237.224395751953 177.797897338867 213.787094116211
vertex 240.283401489258 174.664794921875 213.166000366211
endloop
endfacet
facet normal -0.638535826291 -0.693141685619 0.334404847751
outer loop
vertex 232.813598632813 181.109603881836 211.671005249023
vertex 235.188903808594 179.231399536133 212.313507080078
vertex 234.281692504883 180.847305297852 213.930603027344
endloop
endfacet
facet normal -0.642814435317 -0.651664597201 0.402644824259
outer loop
vertex 231.256500244141 184.778396606445 215.626800537109
vertex 228.104995727539 187.087203979492 214.332199096680
vertex 229.636093139648 184.538192749023 212.651092529297
endloop
endfacet
facet normal -0.736465399180 -0.668910784306 0.100881506972
outer loop
vertex 240.016098022461 175.510894775391 216.040893554688
vertex 242.291793823242 173.389694213867 218.589202880859
vertex 239.341293334961 176.782501220703 219.546203613281
endloop
endfacet
facet normal -0.126341638676 -0.989557865778 -0.069375936847
outer loop
vertex 281.994384765625 154.527496337891 207.052993774414
vertex 280.152099609375 154.990707397461 203.800903320313
vertex 284.469696044922 154.534896850586 202.439605712891
endloop
endfacet
facet normal -0.180956991957 -0.906080777469 -0.382455476838
outer loop
vertex 280.088104248047 153.607299804688 211.826293945313
vertex 275.568511962891 153.319900512695 214.645599365234
vertex 274.708587646484 154.846405029297 211.436004638672
endloop
endfacet
facet normal -0.091422499576 -0.899956296011 -0.426286982960
outer loop
vertex 280.088104248047 153.607299804688 211.826293945313
vertex 284.239410400391 151.892593383789 214.555999755859
vertex 279.441497802734 151.812103271484 215.754898071289
endloop
endfacet
facet normal -0.517729904174 -0.854906137474 0.033033958785
outer loop
vertex 252.755004882813 164.578796386719 212.148101806641
vertex 255.475906372070 162.779602050781 208.229400634766
vertex 256.837402343750 162.086807250977 211.638397216797
endloop
endfacet
facet normal -0.302071372927 -0.905864064778 -0.296922854966
outer loop
vertex 268.387603759766 155.419097900391 215.292098999023
vertex 269.297393798828 156.448303222656 211.226593017578
vertex 271.894287109375 154.669998168945 214.009994506836
endloop
endfacet
facet normal -0.435594966775 -0.852885310964 -0.287825765460
outer loop
vertex 260.995300292969 158.165695190430 217.871505737305
vertex 259.767791748047 160.092605590820 214.019393920898
vertex 263.163909912109 158.062103271484 214.896499633789
endloop
endfacet
facet normal -0.530647468562 -0.817519520475 -0.223774658418
outer loop
vertex 259.767791748047 160.092605590820 214.019393920898
vertex 256.945098876953 160.853607177734 217.932800292969
vertex 255.077102661133 162.820495605469 215.176803588867
endloop
endfacet
facet normal -0.044544521167 -0.821747728025 0.568107786533
outer loop
vertex 256.960998535156 132.250198364258 160.830596923828
vertex 263.326995849609 132.212493896484 161.275207519531
vertex 259.649200439453 134.732894897461 164.632507324219
endloop
endfacet
facet normal -0.036830664806 -0.818134816990 0.573845731325
outer loop
vertex 259.649200439453 134.732894897461 164.632507324219
vertex 263.326995849609 132.212493896484 161.275207519531
vertex 266.397705078125 136.031799316406 166.917495727539
endloop
endfacet
facet normal -0.060054186035 -0.788434613163 0.612180002537
outer loop
vertex 255.906494140625 141.667694091797 173.650894165039
vertex 258.330200195313 137.740600585938 168.830902099609
vertex 262.959991455078 140.445297241211 172.768493652344
endloop
endfacet
facet normal -0.065215765005 -0.799092379490 0.597660667132
outer loop
vertex 258.330200195313 137.740600585938 168.830902099609
vertex 252.578704833984 139.230606079102 170.195495605469
vertex 252.897003173828 135.809799194336 165.656494140625
endloop
endfacet
facet normal -0.088758803739 -0.798429457424 0.595510097543
outer loop
vertex 252.897003173828 135.809799194336 165.656494140625
vertex 252.578704833984 139.230606079102 170.195495605469
vertex 247.103698730469 139.095703125000 169.198593139648
endloop
endfacet
facet normal -0.058851071399 -0.788202373159 0.612595764221
outer loop
vertex 258.330200195313 137.740600585938 168.830902099609
vertex 255.906494140625 141.667694091797 173.650894165039
vertex 252.578704833984 139.230606079102 170.195495605469
endloop
endfacet
facet normal -0.075161217664 -0.748645017690 0.658696765475
outer loop
vertex 254.993896484375 149.612503051758 182.646301269531
vertex 252.544692993164 145.701705932617 177.921997070313
vertex 260.180297851563 145.552597045898 178.623794555664
endloop
endfacet
facet normal -0.121264214285 -0.772499072480 0.623329907314
outer loop
vertex 254.993896484375 149.612503051758 182.646301269531
vertex 260.180297851563 145.552597045898 178.623794555664
vertex 261.299011230469 150.678894042969 185.194503784180
endloop
endfacet
facet normal -0.087357787666 -0.757628952370 0.646812946272
outer loop
vertex 255.906494140625 141.667694091797 173.650894165039
vertex 252.544692993164 145.701705932617 177.921997070313
vertex 249.317001342773 142.411102294922 173.631698608398
endloop
endfacet
facet normal -0.112541031603 -0.767964395185 0.630527718609
outer loop
vertex 247.103698730469 139.095703125000 169.198593139648
vertex 249.317001342773 142.411102294922 173.631698608398
vertex 243.654998779297 142.421203613281 172.633407592773
endloop
endfacet
facet normal -0.153783163660 -0.667253678847 0.728782043302
outer loop
vertex 233.108398437500 151.856292724609 180.397796630859
vertex 227.274093627930 156.921997070313 183.804702758789
vertex 227.877197265625 153.073303222656 180.408203125000
endloop
endfacet
facet normal -0.182993872467 -0.666478514185 0.722716841349
outer loop
vertex 227.877197265625 153.073303222656 180.408203125000
vertex 227.274093627930 156.921997070313 183.804702758789
vertex 221.482498168945 154.056900024414 179.696105957031
endloop
endfacet
facet normal -0.176506164555 -0.760123243288 0.625346487067
outer loop
vertex 254.993896484375 149.612503051758 182.646301269531
vertex 255.291305541992 153.707901000977 187.708297729492
vertex 250.342102050781 152.985198974609 185.432907104492
endloop
endfacet
facet normal -0.166891711433 -0.720307691109 0.673278535811
outer loop
vertex 249.752502441406 149.332107543945 181.378494262695
vertex 250.342102050781 152.985198974609 185.432907104492
vertex 245.284393310547 152.328002929688 183.476104736328
endloop
endfacet
facet normal -0.131353500017 -0.738841848681 0.660953085075
outer loop
vertex 238.400695800781 144.478195190430 173.888595581055
vertex 243.654998779297 142.421203613281 172.633407592773
vertex 244.804306030273 146.904998779297 177.873992919922
endloop
endfacet
facet normal -0.113149377562 -0.768193917127 0.630139130706
outer loop
vertex 247.103698730469 139.095703125000 169.198593139648
vertex 243.654998779297 142.421203613281 172.633407592773
vertex 239.356002807617 139.338592529297 168.103500366211
endloop
endfacet
facet normal -0.143598970167 -0.725837691155 0.672710176722
outer loop
vertex 238.400695800781 144.478195190430 173.888595581055
vertex 244.804306030273 146.904998779297 177.873992919922
vertex 238.052200317383 148.426101684570 178.073898315430
endloop
endfacet
facet normal -0.117756079997 -0.741648235963 0.660372167581
outer loop
vertex 243.654998779297 142.421203613281 172.633407592773
vertex 249.317001342773 142.411102294922 173.631698608398
vertex 244.804306030273 146.904998779297 177.873992919922
endloop
endfacet
facet normal -0.149762814264 -0.725426525664 0.671809091429
outer loop
vertex 238.400695800781 144.478195190430 173.888595581055
vertex 238.052200317383 148.426101684570 178.073898315430
vertex 232.854202270508 147.116394042969 175.500900268555
endloop
endfacet
facet normal -0.136920051610 -0.699906546808 0.700987678353
outer loop
vertex 238.052200317383 148.426101684570 178.073898315430
vertex 244.804306030273 146.904998779297 177.873992919922
vertex 239.870300292969 151.880004882813 181.877593994141
endloop
endfacet
facet normal -0.244275921978 -0.792841880045 0.558328780549
outer loop
vertex 255.291305541992 153.707901000977 187.708297729492
vertex 254.438400268555 157.288299560547 192.419403076172
vertex 250.309799194336 156.766906738281 189.872695922852
endloop
endfacet
facet normal -0.183332274010 -0.749026810025 0.636669549428
outer loop
vertex 250.342102050781 152.985198974609 185.432907104492
vertex 255.291305541992 153.707901000977 187.708297729492
vertex 250.309799194336 156.766906738281 189.872695922852
endloop
endfacet
facet normal -0.175065278949 -0.712260940797 0.679732668276
outer loop
vertex 219.764602661133 146.120101928711 171.145095825195
vertex 227.543792724609 145.522094726563 172.522003173828
vertex 227.377502441406 149.618392944336 176.771499633789
endloop
endfacet
facet normal -0.167806970313 -0.713029102013 0.680757166981
outer loop
vertex 227.543792724609 145.522094726563 172.522003173828
vertex 232.854202270508 147.116394042969 175.500900268555
vertex 227.377502441406 149.618392944336 176.771499633789
endloop
endfacet
facet normal -0.182184824544 -0.816279053772 0.548176245453
outer loop
vertex 255.291305541992 153.707901000977 187.708297729492
vertex 261.299011230469 150.678894042969 185.194503784180
vertex 259.959899902344 154.878692626953 191.003295898438
endloop
endfacet
facet normal -0.173992709492 -0.722334267942 0.669297947405
outer loop
vertex 227.543792724609 145.522094726563 172.522003173828
vertex 219.764602661133 146.120101928711 171.145095825195
vertex 225.897293090820 142.228607177734 168.539505004883
endloop
endfacet
facet normal -0.038569511425 -0.778374841727 0.626613915066
outer loop
vertex 266.884613037109 143.709793090820 176.978393554688
vertex 270.330810546875 145.912902832031 179.927200317383
vertex 266.049407958984 147.459793090820 181.585205078125
endloop
endfacet
facet normal -0.052629042792 -0.764800318583 0.642114208338
outer loop
vertex 260.180297851563 145.552597045898 178.623794555664
vertex 262.959991455078 140.445297241211 172.768493652344
vertex 266.884613037109 143.709793090820 176.978393554688
endloop
endfacet
facet normal -0.070120499676 -0.801876213811 0.593361317621
outer loop
vertex 245.931198120117 135.850494384766 164.831298828125
vertex 246.065994262695 133.246307373047 161.327896118164
vertex 250.519393920898 133.311294555664 161.942001342773
endloop
endfacet
facet normal -0.063465367766 -0.833756285445 0.548472974335
outer loop
vertex 250.519393920898 133.311294555664 161.942001342773
vertex 246.065994262695 133.246307373047 161.327896118164
vertex 251.067398071289 130.664093017578 157.981292724609
endloop
endfacet
facet normal -0.184486318808 -0.699768328984 0.690137003735
outer loop
vertex 227.877197265625 153.073303222656 180.408203125000
vertex 221.482498168945 154.056900024414 179.696105957031
vertex 227.377502441406 149.618392944336 176.771499633789
endloop
endfacet
facet normal -0.117772058599 -0.730764442601 0.672393539263
outer loop
vertex 252.544692993164 145.701705932617 177.921997070313
vertex 249.752502441406 149.332107543945 181.378494262695
vertex 244.804306030273 146.904998779297 177.873992919922
endloop
endfacet
facet normal -0.146752419175 -0.704405718484 0.694461166109
outer loop
vertex 244.804306030273 146.904998779297 177.873992919922
vertex 245.284393310547 152.328002929688 183.476104736328
vertex 239.870300292969 151.880004882813 181.877593994141
endloop
endfacet
facet normal -0.146316516633 -0.704470959116 0.694486965121
outer loop
vertex 249.752502441406 149.332107543945 181.378494262695
vertex 245.284393310547 152.328002929688 183.476104736328
vertex 244.804306030273 146.904998779297 177.873992919922
endloop
endfacet
facet normal -0.037028372037 -0.817835512064 0.574259501333
outer loop
vertex 259.649200439453 134.732894897461 164.632507324219
vertex 266.397705078125 136.031799316406 166.917495727539
vertex 258.330200195313 137.740600585938 168.830902099609
endloop
endfacet
facet normal -0.042181461072 -0.833344295492 0.551142458456
outer loop
vertex 256.960998535156 132.250198364258 160.830596923828
vertex 250.519393920898 133.311294555664 161.942001342773
vertex 251.067398071289 130.664093017578 157.981292724609
endloop
endfacet
facet normal -0.157630003670 -0.664002114994 0.730926790606
outer loop
vertex 233.108398437500 151.856292724609 180.397796630859
vertex 239.870300292969 151.880004882813 181.877593994141
vertex 234.114105224609 156.723999023438 185.036697387695
endloop
endfacet
facet normal -0.150929755689 -0.665465716948 0.731009978327
outer loop
vertex 227.274093627930 156.921997070313 183.804702758789
vertex 233.108398437500 151.856292724609 180.397796630859
vertex 234.114105224609 156.723999023438 185.036697387695
endloop
endfacet
facet normal -0.164257061928 -0.704497178218 0.690437067001
outer loop
vertex 238.052200317383 148.426101684570 178.073898315430
vertex 233.108398437500 151.856292724609 180.397796630859
vertex 232.854202270508 147.116394042969 175.500900268555
endloop
endfacet
facet normal -0.173833008806 -0.706096888034 0.686446844087
outer loop
vertex 245.284393310547 152.328002929688 183.476104736328
vertex 250.342102050781 152.985198974609 185.432907104492
vertex 245.616394042969 156.737396240234 188.095794677734
endloop
endfacet
facet normal -0.061257787679 -0.779491894302 0.623409873331
outer loop
vertex 260.180297851563 145.552597045898 178.623794555664
vertex 266.884613037109 143.709793090820 176.978393554688
vertex 266.049407958984 147.459793090820 181.585205078125
endloop
endfacet
facet normal -0.058788657139 -0.782193237247 0.620256103072
outer loop
vertex 261.299011230469 150.678894042969 185.194503784180
vertex 260.180297851563 145.552597045898 178.623794555664
vertex 266.049407958984 147.459793090820 181.585205078125
endloop
endfacet
facet normal -0.044012984197 -0.800527227503 0.597678019713
outer loop
vertex 266.397705078125 136.031799316406 166.917495727539
vertex 273.013000488281 138.029006958008 170.079696655273
vertex 269.242095947266 140.218795776367 172.735000610352
endloop
endfacet
facet normal -0.025066876727 -0.788432739189 0.614610012501
outer loop
vertex 269.242095947266 140.218795776367 172.735000610352
vertex 273.013000488281 138.029006958008 170.079696655273
vertex 273.502197265625 140.873092651367 173.748092651367
endloop
endfacet
facet normal -0.152620310571 -0.728800739270 0.667500204674
outer loop
vertex 238.400695800781 144.478195190430 173.888595581055
vertex 232.854202270508 147.116394042969 175.500900268555
vertex 232.095199584961 142.494400024414 170.280899047852
endloop
endfacet
facet normal -0.126958927968 -0.744407371261 0.655544884979
outer loop
vertex 239.356002807617 139.338592529297 168.103500366211
vertex 232.095199584961 142.494400024414 170.280899047852
vertex 233.101898193359 138.871002197266 166.361297607422
endloop
endfacet
facet normal -0.076625857286 -0.790343583530 0.607853187841
outer loop
vertex 252.897003173828 135.809799194336 165.656494140625
vertex 247.103698730469 139.095703125000 169.198593139648
vertex 245.931198120117 135.850494384766 164.831298828125
endloop
endfacet
facet normal -0.098666853838 -0.774777451140 0.624487592478
outer loop
vertex 239.356002807617 139.338592529297 168.103500366211
vertex 235.887405395508 136.688095092773 164.267105102539
vertex 240.873306274414 135.146606445313 163.142395019531
endloop
endfacet
facet normal -0.138538148929 -0.744710073185 0.652850739594
outer loop
vertex 233.101898193359 138.871002197266 166.361297607422
vertex 232.095199584961 142.494400024414 170.280899047852
vertex 229.215301513672 139.754196166992 166.544006347656
endloop
endfacet
facet normal -0.024734129439 -0.778710349649 0.626895855936
outer loop
vertex 266.884613037109 143.709793090820 176.978393554688
vertex 262.959991455078 140.445297241211 172.768493652344
vertex 269.242095947266 140.218795776367 172.735000610352
endloop
endfacet
facet normal -0.162349972239 -0.667094273029 0.727067890507
outer loop
vertex 234.114105224609 156.723999023438 185.036697387695
vertex 239.870300292969 151.880004882813 181.877593994141
vertex 239.492797851563 157.765594482422 187.193405151367
endloop
endfacet
facet normal -0.151452601272 -0.694683126871 0.703190914907
outer loop
vertex 233.108398437500 151.856292724609 180.397796630859
vertex 238.052200317383 148.426101684570 178.073898315430
vertex 239.870300292969 151.880004882813 181.877593994141
endloop
endfacet
facet normal -0.217732202285 -0.698162094333 0.682028135875
outer loop
vertex 245.284393310547 152.328002929688 183.476104736328
vertex 245.616394042969 156.737396240234 188.095794677734
vertex 239.492797851563 157.765594482422 187.193405151367
endloop
endfacet
facet normal -0.237716137881 -0.730657081800 0.640024426570
outer loop
vertex 245.616394042969 156.737396240234 188.095794677734
vertex 250.309799194336 156.766906738281 189.872695922852
vertex 246.018798828125 160.025604248047 191.999099731445
endloop
endfacet
facet normal -0.100964896206 -0.804794426021 0.584903429277
outer loop
vertex 261.299011230469 150.678894042969 185.194503784180
vertex 266.049407958984 147.459793090820 181.585205078125
vertex 267.326904296875 150.327697753906 185.751800537109
endloop
endfacet
facet normal -0.052181414399 -0.764715023401 0.642252312550
outer loop
vertex 255.906494140625 141.667694091797 173.650894165039
vertex 262.959991455078 140.445297241211 172.768493652344
vertex 260.180297851563 145.552597045898 178.623794555664
endloop
endfacet
facet normal -0.094946267173 -0.773883781297 0.626170184052
outer loop
vertex 247.103698730469 139.095703125000 169.198593139648
vertex 252.578704833984 139.230606079102 170.195495605469
vertex 249.317001342773 142.411102294922 173.631698608398
endloop
endfacet
facet normal -0.030841476549 -0.806591696687 0.590303852402
outer loop
vertex 258.330200195313 137.740600585938 168.830902099609
vertex 266.397705078125 136.031799316406 166.917495727539
vertex 262.959991455078 140.445297241211 172.768493652344
endloop
endfacet
facet normal -0.086252194284 -0.801157018133 0.592206037859
outer loop
vertex 246.065994262695 133.246307373047 161.327896118164
vertex 245.931198120117 135.850494384766 164.831298828125
vertex 240.873306274414 135.146606445313 163.142395019531
endloop
endfacet
facet normal -0.119992570928 -0.762752399524 0.635460903552
outer loop
vertex 239.356002807617 139.338592529297 168.103500366211
vertex 233.101898193359 138.871002197266 166.361297607422
vertex 235.887405395508 136.688095092773 164.267105102539
endloop
endfacet
facet normal -0.162435867043 -0.704125521454 0.691246583452
outer loop
vertex 233.108398437500 151.856292724609 180.397796630859
vertex 227.877197265625 153.073303222656 180.408203125000
vertex 227.377502441406 149.618392944336 176.771499633789
endloop
endfacet
facet normal -0.153419622278 -0.736775740932 0.658501273404
outer loop
vertex 232.095199584961 142.494400024414 170.280899047852
vertex 225.897293090820 142.228607177734 168.539505004883
vertex 229.215301513672 139.754196166992 166.544006347656
endloop
endfacet
facet normal -0.178474715505 -0.634872658060 0.751720349581
outer loop
vertex 234.114105224609 156.723999023438 185.036697387695
vertex 239.492797851563 157.765594482422 187.193405151367
vertex 232.183807373047 162.684494018555 189.612396240234
endloop
endfacet
facet normal -0.159575416300 -0.667300258943 0.727492990294
outer loop
vertex 239.870300292969 151.880004882813 181.877593994141
vertex 245.284393310547 152.328002929688 183.476104736328
vertex 239.492797851563 157.765594482422 187.193405151367
endloop
endfacet
facet normal -0.124102939331 -0.728133280887 0.674107102554
outer loop
vertex 254.993896484375 149.612503051758 182.646301269531
vertex 250.342102050781 152.985198974609 185.432907104492
vertex 249.752502441406 149.332107543945 181.378494262695
endloop
endfacet
facet normal -0.119491846349 -0.742350820917 0.659270018535
outer loop
vertex 249.317001342773 142.411102294922 173.631698608398
vertex 252.544692993164 145.701705932617 177.921997070313
vertex 244.804306030273 146.904998779297 177.873992919922
endloop
endfacet
facet normal -0.052327657414 -0.815037033107 0.577041117195
outer loop
vertex 267.326904296875 150.327697753906 185.751800537109
vertex 266.049407958984 147.459793090820 181.585205078125
vertex 269.951293945313 148.317001342773 183.149795532227
endloop
endfacet
facet normal -0.135236757663 -0.817474184287 0.559863356009
outer loop
vertex 259.959899902344 154.878692626953 191.003295898438
vertex 261.299011230469 150.678894042969 185.194503784180
vertex 264.927001953125 152.865097045898 189.263000488281
endloop
endfacet
facet normal -0.044863746861 -0.821628238695 0.568255472121
outer loop
vertex 256.960998535156 132.250198364258 160.830596923828
vertex 259.649200439453 134.732894897461 164.632507324219
vertex 252.897003173828 135.809799194336 165.656494140625
endloop
endfacet
facet normal 0.151368610078 -0.987317232991 -0.047877189989
outer loop
vertex 300.191711425781 155.623397827148 207.971206665039
vertex 296.513305664063 155.157196044922 205.955505371094
vertex 299.949890136719 155.763305664063 204.321502685547
endloop
endfacet
facet normal 0.122796311231 -0.988935152321 0.083236593230
outer loop
vertex 298.572692871094 155.237503051758 200.886901855469
vertex 296.578704833984 155.185195922852 203.207107543945
vertex 294.013214111328 154.660797119141 200.761505126953
endloop
endfacet
facet normal -0.039486326254 -0.805464756542 0.591326775994
outer loop
vertex 273.013000488281 138.029006958008 170.079696655273
vertex 266.397705078125 136.031799316406 166.917495727539
vertex 274.842102050781 134.210403442383 165.000396728516
endloop
endfacet
facet normal -0.217597757757 -0.690640018965 0.689686581009
outer loop
vertex 239.492797851563 157.765594482422 187.193405151367
vertex 245.616394042969 156.737396240234 188.095794677734
vertex 241.484603881836 161.141998291016 191.202896118164
endloop
endfacet
facet normal -0.111024677116 -0.783198515135 0.611779050770
outer loop
vertex 247.103698730469 139.095703125000 169.198593139648
vertex 239.356002807617 139.338592529297 168.103500366211
vertex 245.931198120117 135.850494384766 164.831298828125
endloop
endfacet
facet normal -0.074471335118 -0.804726043186 0.588956717989
outer loop
vertex 252.897003173828 135.809799194336 165.656494140625
vertex 245.931198120117 135.850494384766 164.831298828125
vertex 250.519393920898 133.311294555664 161.942001342773
endloop
endfacet
facet normal -0.045804071360 -0.817150817910 0.574601190249
outer loop
vertex 274.842102050781 134.210403442383 165.000396728516
vertex 266.397705078125 136.031799316406 166.917495727539
vertex 269.213806152344 131.450897216797 160.627395629883
endloop
endfacet
facet normal -0.042282347908 -0.816542468398 0.575734835109
outer loop
vertex 266.397705078125 136.031799316406 166.917495727539
vertex 263.326995849609 132.212493896484 161.275207519531
vertex 269.213806152344 131.450897216797 160.627395629883
endloop
endfacet
facet normal -0.046127908607 -0.806367212742 0.589613546539
outer loop
vertex 273.013000488281 138.029006958008 170.079696655273
vertex 274.842102050781 134.210403442383 165.000396728516
vertex 276.821014404297 137.444702148438 169.578506469727
endloop
endfacet
facet normal -0.122854020065 -0.732256861419 0.669855789449
outer loop
vertex 252.544692993164 145.701705932617 177.921997070313
vertex 254.993896484375 149.612503051758 182.646301269531
vertex 249.752502441406 149.332107543945 181.378494262695
endloop
endfacet
facet normal -0.025878421446 -0.805326942672 0.592265837872
outer loop
vertex 262.959991455078 140.445297241211 172.768493652344
vertex 266.397705078125 136.031799316406 166.917495727539
vertex 269.242095947266 140.218795776367 172.735000610352
endloop
endfacet
facet normal -0.074735609537 -0.753661145001 0.653000357720
outer loop
vertex 252.544692993164 145.701705932617 177.921997070313
vertex 255.906494140625 141.667694091797 173.650894165039
vertex 260.180297851563 145.552597045898 178.623794555664
endloop
endfacet
facet normal -0.155774715130 -0.728200102429 0.667427036423
outer loop
vertex 232.854202270508 147.116394042969 175.500900268555
vertex 227.543792724609 145.522094726563 172.522003173828
vertex 232.095199584961 142.494400024414 170.280899047852
endloop
endfacet
facet normal -0.124145890880 -0.767832349556 0.628507184328
outer loop
vertex 254.993896484375 149.612503051758 182.646301269531
vertex 261.299011230469 150.678894042969 185.194503784180
vertex 255.291305541992 153.707901000977 187.708297729492
endloop
endfacet
facet normal -0.288031024483 -0.717545453646 0.634166106700
outer loop
vertex 245.616394042969 156.737396240234 188.095794677734
vertex 246.018798828125 160.025604248047 191.999099731445
vertex 241.484603881836 161.141998291016 191.202896118164
endloop
endfacet
facet normal -0.060955408707 -0.803468030956 0.592219183564
outer loop
vertex 266.049407958984 147.459793090820 181.585205078125
vertex 270.330810546875 145.912902832031 179.927200317383
vertex 269.951293945313 148.317001342773 183.149795532227
endloop
endfacet
facet normal -0.161776774350 -0.704856396816 0.690656017962
outer loop
vertex 232.854202270508 147.116394042969 175.500900268555
vertex 233.108398437500 151.856292724609 180.397796630859
vertex 227.377502441406 149.618392944336 176.771499633789
endloop
endfacet
facet normal -0.098502084547 -0.837318137985 0.537769165295
outer loop
vertex 261.299011230469 150.678894042969 185.194503784180
vertex 267.326904296875 150.327697753906 185.751800537109
vertex 264.927001953125 152.865097045898 189.263000488281
endloop
endfacet
facet normal -0.201847627364 -0.797038152863 0.569199190274
outer loop
vertex 254.438400268555 157.288299560547 192.419403076172
vertex 255.291305541992 153.707901000977 187.708297729492
vertex 259.959899902344 154.878692626953 191.003295898438
endloop
endfacet
facet normal -0.140256660404 -0.751579790118 0.644558677157
outer loop
vertex 243.654998779297 142.421203613281 172.633407592773
vertex 238.400695800781 144.478195190430 173.888595581055
vertex 239.356002807617 139.338592529297 168.103500366211
endloop
endfacet
facet normal -0.233665202936 -0.741035923119 0.629496889257
outer loop
vertex 250.342102050781 152.985198974609 185.432907104492
vertex 250.309799194336 156.766906738281 189.872695922852
vertex 245.616394042969 156.737396240234 188.095794677734
endloop
endfacet
facet normal -0.204034039278 -0.659130937295 0.723820777760
outer loop
vertex 232.183807373047 162.684494018555 189.612396240234
vertex 239.492797851563 157.765594482422 187.193405151367
vertex 235.539001464844 164.608901977539 192.310592651367
endloop
endfacet
facet normal -0.261514604889 -0.670360369026 0.694425724659
outer loop
vertex 239.492797851563 157.765594482422 187.193405151367
vertex 241.484603881836 161.141998291016 191.202896118164
vertex 235.539001464844 164.608901977539 192.310592651367
endloop
endfacet
facet normal -0.035873119954 -0.818438181683 0.573473680327
outer loop
vertex 256.960998535156 132.250198364258 160.830596923828
vertex 252.897003173828 135.809799194336 165.656494140625
vertex 250.519393920898 133.311294555664 161.942001342773
endloop
endfacet
facet normal -0.133041168468 -0.751743722419 0.645895830066
outer loop
vertex 239.356002807617 139.338592529297 168.103500366211
vertex 238.400695800781 144.478195190430 173.888595581055
vertex 232.095199584961 142.494400024414 170.280899047852
endloop
endfacet
facet normal -0.043705042799 -0.818594972902 0.572705980040
outer loop
vertex 259.649200439453 134.732894897461 164.632507324219
vertex 258.330200195313 137.740600585938 168.830902099609
vertex 252.897003173828 135.809799194336 165.656494140625
endloop
endfacet
facet normal -0.181494857508 -0.668015179282 0.721675368117
outer loop
vertex 221.482498168945 154.056900024414 179.696105957031
vertex 227.274093627930 156.921997070313 183.804702758789
vertex 219.727798461914 159.541595458984 184.331695556641
endloop
endfacet
facet normal -0.088887629294 -0.771627748564 0.629832999298
outer loop
vertex 252.578704833984 139.230606079102 170.195495605469
vertex 255.906494140625 141.667694091797 173.650894165039
vertex 249.317001342773 142.411102294922 173.631698608398
endloop
endfacet
facet normal -0.186457967042 -0.701127275712 0.688225231868
outer loop
vertex 221.482498168945 154.056900024414 179.696105957031
vertex 219.764602661133 146.120101928711 171.145095825195
vertex 227.377502441406 149.618392944336 176.771499633789
endloop
endfacet
facet normal -0.170920450092 -0.719825979113 0.672782847236
outer loop
vertex 225.897293090820 142.228607177734 168.539505004883
vertex 219.764602661133 146.120101928711 171.145095825195
vertex 222.384201049805 140.675506591797 165.985305786133
endloop
endfacet
facet normal -0.156168168322 -0.728489582320 0.667019063936
outer loop
vertex 227.543792724609 145.522094726563 172.522003173828
vertex 225.897293090820 142.228607177734 168.539505004883
vertex 232.095199584961 142.494400024414 170.280899047852
endloop
endfacet
facet normal -0.100530943056 -0.774908168450 0.624027932033
outer loop
vertex 245.931198120117 135.850494384766 164.831298828125
vertex 239.356002807617 139.338592529297 168.103500366211
vertex 240.873306274414 135.146606445313 163.142395019531
endloop
endfacet
facet normal -0.028936607426 -0.779827770430 0.625324972488
outer loop
vertex 269.242095947266 140.218795776367 172.735000610352
vertex 273.502197265625 140.873092651367 173.748092651367
vertex 271.728698730469 143.176300048828 176.538299560547
endloop
endfacet
facet normal -0.029935598438 -0.783657982769 0.620470809940
outer loop
vertex 270.330810546875 145.912902832031 179.927200317383
vertex 266.884613037109 143.709793090820 176.978393554688
vertex 271.728698730469 143.176300048828 176.538299560547
endloop
endfacet
facet normal -0.043943133346 -0.828026324473 0.558964584756
outer loop
vertex 263.326995849609 132.212493896484 161.275207519531
vertex 256.960998535156 132.250198364258 160.830596923828
vertex 263.838897705078 127.272399902344 153.997406005859
endloop
endfacet
facet normal -0.029063487542 -0.779783891128 0.625373805679
outer loop
vertex 266.884613037109 143.709793090820 176.978393554688
vertex 269.242095947266 140.218795776367 172.735000610352
vertex 271.728698730469 143.176300048828 176.538299560547
endloop
endfacet
facet normal -0.087337336876 -0.957059351943 0.276422839949
outer loop
vertex 276.857788085938 154.748901367188 198.202896118164
vertex 277.072814941406 153.816101074219 195.041198730469
vertex 279.651092529297 154.206298828125 197.206802368164
endloop
endfacet
facet normal -0.088431890152 -0.956605211590 0.277644142679
outer loop
vertex 279.651092529297 154.206298828125 197.206802368164
vertex 277.072814941406 153.816101074219 195.041198730469
vertex 281.364807128906 153.225601196289 194.373703002930
endloop
endfacet
facet normal -0.307268555889 -0.938871398878 0.155262780248
outer loop
vertex 262.439208984375 159.229705810547 204.485000610352
vertex 261.773895263672 159.015792846680 201.874801635742
vertex 265.518310546875 157.833206176758 202.134002685547
endloop
endfacet
facet normal -0.540256804253 -0.808770373772 -0.232407116860
outer loop
vertex 259.767791748047 160.092605590820 214.019393920898
vertex 260.995300292969 158.165695190430 217.871505737305
vertex 256.945098876953 160.853607177734 217.932800292969
endloop
endfacet
facet normal -0.593719781814 -0.784572133812 -0.178727131485
outer loop
vertex 250.770904541016 165.747299194336 216.633697509766
vertex 255.077102661133 162.820495605469 215.176803588867
vertex 253.321304321289 163.357299804688 218.652999877930
endloop
endfacet
facet normal -0.112928997559 -0.974535310208 0.193721373805
outer loop
vertex 276.857788085938 154.748901367188 198.202896118164
vertex 275.135589599609 155.485702514648 200.905502319336
vertex 272.820892333984 155.040695190430 197.317504882813
endloop
endfacet
facet normal -0.128698777177 -0.953493020860 0.272557670825
outer loop
vertex 277.072814941406 153.816101074219 195.041198730469
vertex 276.857788085938 154.748901367188 198.202896118164
vertex 272.820892333984 155.040695190430 197.317504882813
endloop
endfacet
facet normal -0.582859647453 -0.794213814334 -0.171752870408
outer loop
vertex 255.077102661133 162.820495605469 215.176803588867
vertex 256.945098876953 160.853607177734 217.932800292969
vertex 253.321304321289 163.357299804688 218.652999877930
endloop
endfacet
facet normal -0.325003696908 -0.913062483189 0.246352387423
outer loop
vertex 261.773895263672 159.015792846680 201.874801635742
vertex 259.313598632813 159.417098999023 200.116394042969
vertex 263.113586425781 157.647399902344 198.570495605469
endloop
endfacet
facet normal -0.356986813548 -0.932378234637 0.056844019285
outer loop
vertex 258.420410156250 160.744094848633 204.086105346680
vertex 262.439208984375 159.229705810547 204.485000610352
vertex 261.063201904297 160.008193969727 208.612594604492
endloop
endfacet
facet normal -0.622351339026 -0.753724380904 -0.211135900416
outer loop
vertex 251.109695434570 165.001602172852 219.302093505859
vertex 253.321304321289 163.357299804688 218.652999877930
vertex 251.332595825195 164.162902832031 221.639099121094
endloop
endfacet
facet normal -0.262973126948 -0.829488375926 0.492741482632
outer loop
vertex 254.438400268555 157.288299560547 192.419403076172
vertex 257.776214599609 157.835296630859 195.121597290039
vertex 253.350601196289 160.380493164063 197.044296264648
endloop
endfacet
facet normal -0.246568270922 -0.844451009356 0.475506656707
outer loop
vertex 254.438400268555 157.288299560547 192.419403076172
vertex 259.959899902344 154.878692626953 191.003295898438
vertex 257.776214599609 157.835296630859 195.121597290039
endloop
endfacet
facet normal -0.256560564751 -0.961061025588 0.102656620394
outer loop
vertex 265.518310546875 157.833206176758 202.134002685547
vertex 270.353210449219 156.519195556641 201.915802001953
vertex 267.684600830078 157.456100463867 204.017593383789
endloop
endfacet
facet normal -0.307212414564 -0.916807541922 0.255116568283
outer loop
vertex 265.518310546875 157.833206176758 202.134002685547
vertex 261.773895263672 159.015792846680 201.874801635742
vertex 263.113586425781 157.647399902344 198.570495605469
endloop
endfacet
facet normal -0.209924016185 -0.957998903292 0.195371463425
outer loop
vertex 272.820892333984 155.040695190430 197.317504882813
vertex 270.353210449219 156.519195556641 201.915802001953
vertex 267.828491210938 156.346801757813 198.357696533203
endloop
endfacet
facet normal -0.170125574019 -0.874128077878 0.454925700010
outer loop
vertex 261.749694824219 156.587005615234 194.955093383789
vertex 259.959899902344 154.878692626953 191.003295898438
vertex 264.021911621094 154.871902465820 192.509292602539
endloop
endfacet
facet normal -0.213711280151 -0.882018079024 0.419966185557
outer loop
vertex 261.749694824219 156.587005615234 194.955093383789
vertex 264.021911621094 154.871902465820 192.509292602539
vertex 265.657409667969 155.777496337891 195.243499755859
endloop
endfacet
facet normal -0.201525278467 -0.950016809542 -0.238444173185
outer loop
vertex 280.088104248047 153.607299804688 211.826293945313
vertex 274.708587646484 154.846405029297 211.436004638672
vertex 277.605712890625 154.881805419922 208.846405029297
endloop
endfacet
facet normal -0.354524938872 -0.927799246401 -0.116192194639
outer loop
vertex 269.297393798828 156.448303222656 211.226593017578
vertex 264.200805664063 158.308303833008 211.925094604492
vertex 265.888214111328 158.059799194336 208.760803222656
endloop
endfacet
facet normal -0.545639319213 -0.793741949751 0.268796299331
outer loop
vertex 247.237503051758 167.592697143555 207.078506469727
vertex 244.244598388672 169.990707397461 208.084304809570
vertex 245.482101440430 168.088592529297 204.979507446289
endloop
endfacet
facet normal -0.330793115921 -0.880950623715 0.338381313070
outer loop
vertex 259.313598632813 159.417098999023 200.116394042969
vertex 255.443893432617 161.136001586914 200.808502197266
vertex 257.168090820313 159.436996459961 198.070800781250
endloop
endfacet
facet normal -0.312531321583 -0.882693732797 0.350964310310
outer loop
vertex 255.443893432617 161.136001586914 200.808502197266
vertex 253.350601196289 160.380493164063 197.044296264648
vertex 257.168090820313 159.436996459961 198.070800781250
endloop
endfacet
facet normal -0.085602103585 -0.994431443624 0.061468559392
outer loop
vertex 284.469696044922 154.534896850586 202.439605712891
vertex 280.152099609375 154.990707397461 203.800903320313
vertex 279.560699462891 154.838195800781 200.509994506836
endloop
endfacet
facet normal -0.214726287935 -0.912345590238 0.348594528418
outer loop
vertex 263.113586425781 157.647399902344 198.570495605469
vertex 261.749694824219 156.587005615234 194.955093383789
vertex 265.657409667969 155.777496337891 195.243499755859
endloop
endfacet
facet normal -0.236872871409 -0.913035902422 0.332049218759
outer loop
vertex 267.828491210938 156.346801757813 198.357696533203
vertex 263.113586425781 157.647399902344 198.570495605469
vertex 265.657409667969 155.777496337891 195.243499755859
endloop
endfacet
facet normal -0.199254503211 -0.929981383000 0.308921139165
outer loop
vertex 267.828491210938 156.346801757813 198.357696533203
vertex 265.657409667969 155.777496337891 195.243499755859
vertex 269.414794921875 154.881500244141 194.969696044922
endloop
endfacet
facet normal -0.185001492611 -0.897883037447 0.399475279331
outer loop
vertex 269.414794921875 154.881500244141 194.969696044922
vertex 265.657409667969 155.777496337891 195.243499755859
vertex 267.703491210938 153.972702026367 192.134506225586
endloop
endfacet
facet normal -0.178077254068 -0.897376227415 0.403738031469
outer loop
vertex 265.657409667969 155.777496337891 195.243499755859
vertex 264.021911621094 154.871902465820 192.509292602539
vertex 267.703491210938 153.972702026367 192.134506225586
endloop
endfacet
facet normal -0.447735716123 -0.886439101459 0.117296410480
outer loop
vertex 255.475906372070 162.779602050781 208.229400634766
vertex 258.420410156250 160.744094848633 204.086105346680
vertex 261.063201904297 160.008193969727 208.612594604492
endloop
endfacet
facet normal -0.082259096532 -0.979274082181 0.185082989511
outer loop
vertex 279.560699462891 154.838195800781 200.509994506836
vertex 279.651092529297 154.206298828125 197.206802368164
vertex 283.357604980469 154.019104003906 197.863693237305
endloop
endfacet
facet normal -0.181039011818 -0.949737082803 -0.255390582732
outer loop
vertex 281.994384765625 154.527496337891 207.052993774414
vertex 280.088104248047 153.607299804688 211.826293945313
vertex 277.605712890625 154.881805419922 208.846405029297
endloop
endfacet
facet normal -0.215751128578 -0.874208211661 -0.434984428666
outer loop
vertex 275.568511962891 153.319900512695 214.645599365234
vertex 280.088104248047 153.607299804688 211.826293945313
vertex 279.441497802734 151.812103271484 215.754898071289
endloop
endfacet
facet normal -0.522975392652 -0.816540203767 0.244456201216
outer loop
vertex 249.052703857422 165.695602416992 204.625106811523
vertex 247.237503051758 167.592697143555 207.078506469727
vertex 245.482101440430 168.088592529297 204.979507446289
endloop
endfacet
facet normal -0.403496109343 -0.889482693154 -0.214502746661
outer loop
vertex 263.163909912109 158.062103271484 214.896499633789
vertex 264.200805664063 158.308303833008 211.925094604492
vertex 265.984100341797 156.998901367188 214.000305175781
endloop
endfacet
facet normal -0.386688604614 -0.838743093203 0.383382246155
outer loop
vertex 253.350601196289 160.380493164063 197.044296264648
vertex 255.443893432617 161.136001586914 200.808502197266
vertex 250.974502563477 163.335998535156 201.113601684570
endloop
endfacet
facet normal -0.526930327200 -0.845461096658 -0.086832967904
outer loop
vertex 252.755004882813 164.578796386719 212.148101806641
vertex 256.837402343750 162.086807250977 211.638397216797
vertex 255.077102661133 162.820495605469 215.176803588867
endloop
endfacet
facet normal -0.316658890795 -0.891687033513 0.323452285731
outer loop
vertex 259.313598632813 159.417098999023 200.116394042969
vertex 257.168090820313 159.436996459961 198.070800781250
vertex 259.843811035156 158.226806640625 197.354095458984
endloop
endfacet
facet normal -0.148757809487 -0.912052413847 0.382140692040
outer loop
vertex 269.414794921875 154.881500244141 194.969696044922
vertex 267.703491210938 153.972702026367 192.134506225586
vertex 272.991210937500 152.969604492188 191.798797607422
endloop
endfacet
facet normal -0.082703751597 -0.933870825576 0.347915752172
outer loop
vertex 277.072814941406 153.816101074219 195.041198730469
vertex 272.820892333984 155.040695190430 197.317504882813
vertex 272.991210937500 152.969604492188 191.798797607422
endloop
endfacet
facet normal -0.393592673469 -0.837704771328 0.378596782192
outer loop
vertex 253.350601196289 160.380493164063 197.044296264648
vertex 250.974502563477 163.335998535156 201.113601684570
vertex 247.768005371094 163.426300048828 197.979904174805
endloop
endfacet
facet normal -0.410926147825 -0.871796338488 0.266666168143
outer loop
vertex 255.443893432617 161.136001586914 200.808502197266
vertex 253.311401367188 163.278305053711 204.526092529297
vertex 250.974502563477 163.335998535156 201.113601684570
endloop
endfacet
facet normal -0.449352113287 -0.842105673864 -0.298229294890
outer loop
vertex 260.995300292969 158.165695190430 217.871505737305
vertex 263.163909912109 158.062103271484 214.896499633789
vertex 264.830413818359 156.563995361328 216.615707397461
endloop
endfacet
facet normal -0.124121444337 -0.975215816996 0.183161069380
outer loop
vertex 276.857788085938 154.748901367188 198.202896118164
vertex 279.651092529297 154.206298828125 197.206802368164
vertex 279.560699462891 154.838195800781 200.509994506836
endloop
endfacet
facet normal -0.405586325711 -0.910283988838 -0.082962594348
outer loop
vertex 259.767791748047 160.092605590820 214.019393920898
vertex 261.063201904297 160.008193969727 208.612594604492
vertex 264.200805664063 158.308303833008 211.925094604492
endloop
endfacet
facet normal -0.131539940915 -0.875536270435 0.464901584314
outer loop
vertex 267.703491210938 153.972702026367 192.134506225586
vertex 264.927001953125 152.865097045898 189.263000488281
vertex 269.102508544922 152.124404907227 189.049499511719
endloop
endfacet
facet normal -0.319890743933 -0.858694437125 0.400392027390
outer loop
vertex 253.350601196289 160.380493164063 197.044296264648
vertex 257.776214599609 157.835296630859 195.121597290039
vertex 257.168090820313 159.436996459961 198.070800781250
endloop
endfacet
facet normal -0.570630207036 -0.820293915809 -0.038717676897
outer loop
vertex 250.770904541016 165.747299194336 216.633697509766
vertex 252.755004882813 164.578796386719 212.148101806641
vertex 255.077102661133 162.820495605469 215.176803588867
endloop
endfacet
facet normal -0.160692265474 -0.961501719109 0.222918011761
outer loop
vertex 272.820892333984 155.040695190430 197.317504882813
vertex 275.135589599609 155.485702514648 200.905502319336
vertex 270.353210449219 156.519195556641 201.915802001953
endloop
endfacet
facet normal -0.250352632080 -0.943262771230 0.218125890307
outer loop
vertex 265.518310546875 157.833206176758 202.134002685547
vertex 263.113586425781 157.647399902344 198.570495605469
vertex 267.828491210938 156.346801757813 198.357696533203
endloop
endfacet
facet normal -0.281366045273 -0.866404997824 0.412523366989
outer loop
vertex 257.168090820313 159.436996459961 198.070800781250
vertex 257.776214599609 157.835296630859 195.121597290039
vertex 259.843811035156 158.226806640625 197.354095458984
endloop
endfacet
facet normal -0.556359613392 -0.788735974042 0.261456581172
outer loop
vertex 245.482101440430 168.088592529297 204.979507446289
vertex 244.244598388672 169.990707397461 208.084304809570
vertex 242.133697509766 170.665893554688 205.629302978516
endloop
endfacet
facet normal -0.465417023318 -0.789543494697 0.400010080358
outer loop
vertex 243.923492431641 166.730895996094 200.029403686523
vertex 247.768005371094 163.426300048828 197.979904174805
vertex 246.783401489258 165.980392456055 201.875595092773
endloop
endfacet
facet normal -0.469077997130 -0.830222235741 0.301159213524
outer loop
vertex 250.974502563477 163.335998535156 201.113601684570
vertex 249.052703857422 165.695602416992 204.625106811523
vertex 246.783401489258 165.980392456055 201.875595092773
endloop
endfacet
facet normal -0.616732491350 -0.774936162305 -0.138256929175
outer loop
vertex 250.770904541016 165.747299194336 216.633697509766
vertex 253.321304321289 163.357299804688 218.652999877930
vertex 251.109695434570 165.001602172852 219.302093505859
endloop
endfacet
facet normal -0.283292183895 -0.899311765986 0.333142441161
outer loop
vertex 263.113586425781 157.647399902344 198.570495605469
vertex 259.313598632813 159.417098999023 200.116394042969
vertex 259.843811035156 158.226806640625 197.354095458984
endloop
endfacet
facet normal -0.260164077916 -0.880881796713 0.395426241898
outer loop
vertex 257.776214599609 157.835296630859 195.121597290039
vertex 261.749694824219 156.587005615234 194.955093383789
vertex 259.843811035156 158.226806640625 197.354095458984
endloop
endfacet
facet normal -0.176901907587 -0.930838723635 0.319757698382
outer loop
vertex 272.820892333984 155.040695190430 197.317504882813
vertex 267.828491210938 156.346801757813 198.357696533203
vertex 269.414794921875 154.881500244141 194.969696044922
endloop
endfacet
facet normal -0.115368871502 -0.983562675238 0.138904598078
outer loop
vertex 284.469696044922 154.534896850586 202.439605712891
vertex 279.560699462891 154.838195800781 200.509994506836
vertex 283.357604980469 154.019104003906 197.863693237305
endloop
endfacet
facet normal -0.063808052980 -0.932750132173 0.354831964887
outer loop
vertex 281.364807128906 153.225601196289 194.373703002930
vertex 278.685607910156 152.241806030273 191.305801391602
vertex 283.265808105469 151.693496704102 190.688095092773
endloop
endfacet
facet normal -0.088320165143 -0.930978101234 0.354230607728
outer loop
vertex 277.072814941406 153.816101074219 195.041198730469
vertex 272.991210937500 152.969604492188 191.798797607422
vertex 278.685607910156 152.241806030273 191.305801391602
endloop
endfacet
facet normal -0.032872867169 -0.900646573039 0.433307194815
outer loop
vertex 283.265808105469 151.693496704102 190.688095092773
vertex 280.805999755859 150.317398071289 187.641204833984
vertex 284.211700439453 150.247695922852 187.754699707031
endloop
endfacet
facet normal -0.179602659748 -0.858374250526 0.480558561098
outer loop
vertex 259.959899902344 154.878692626953 191.003295898438
vertex 264.927001953125 152.865097045898 189.263000488281
vertex 264.021911621094 154.871902465820 192.509292602539
endloop
endfacet
facet normal -0.096697357048 -0.957185963748 0.272845472645
outer loop
vertex 279.651092529297 154.206298828125 197.206802368164
vertex 281.364807128906 153.225601196289 194.373703002930
vertex 283.357604980469 154.019104003906 197.863693237305
endloop
endfacet
facet normal -0.179442206854 -0.983731296519 -0.008557490811
outer loop
vertex 277.250000000000 155.382995605469 203.094192504883
vertex 277.451599121094 155.322097778320 205.867401123047
vertex 273.912109375000 155.980895996094 204.354507446289
endloop
endfacet
facet normal -0.293642384448 -0.881669684477 0.369367997436
outer loop
vertex 261.749694824219 156.587005615234 194.955093383789
vertex 263.113586425781 157.647399902344 198.570495605469
vertex 259.843811035156 158.226806640625 197.354095458984
endloop
endfacet
facet normal -0.136779556811 -0.875882263292 0.462732767037
outer loop
vertex 272.991210937500 152.969604492188 191.798797607422
vertex 267.703491210938 153.972702026367 192.134506225586
vertex 269.102508544922 152.124404907227 189.049499511719
endloop
endfacet
facet normal -0.071804473713 -0.929842795771 0.360882934909
outer loop
vertex 281.364807128906 153.225601196289 194.373703002930
vertex 277.072814941406 153.816101074219 195.041198730469
vertex 278.685607910156 152.241806030273 191.305801391602
endloop
endfacet
facet normal -0.053256390010 -0.885553733450 0.461474096884
outer loop
vertex 272.991210937500 152.969604492188 191.798797607422
vertex 272.455291748047 150.146499633789 186.319503784180
vertex 276.541503906250 150.897598266602 188.232406616211
endloop
endfacet
facet normal -0.047481995062 -0.895396722509 0.442730357514
outer loop
vertex 283.265808105469 151.693496704102 190.688095092773
vertex 278.685607910156 152.241806030273 191.305801391602
vertex 280.805999755859 150.317398071289 187.641204833984
endloop
endfacet
facet normal -0.061748912855 -0.897922125798 0.435801477468
outer loop
vertex 280.805999755859 150.317398071289 187.641204833984
vertex 278.685607910156 152.241806030273 191.305801391602
vertex 276.541503906250 150.897598266602 188.232406616211
endloop
endfacet
facet normal -0.075752701724 -0.893088694874 0.443457000475
outer loop
vertex 278.685607910156 152.241806030273 191.305801391602
vertex 272.991210937500 152.969604492188 191.798797607422
vertex 276.541503906250 150.897598266602 188.232406616211
endloop
endfacet
facet normal -0.362136874886 -0.896683855600 -0.254587798124
outer loop
vertex 264.200805664063 158.308303833008 211.925094604492
vertex 269.297393798828 156.448303222656 211.226593017578
vertex 265.984100341797 156.998901367188 214.000305175781
endloop
endfacet
facet normal -0.515746654986 -0.853025899069 -0.079700711337
outer loop
vertex 256.837402343750 162.086807250977 211.638397216797
vertex 259.767791748047 160.092605590820 214.019393920898
vertex 255.077102661133 162.820495605469 215.176803588867
endloop
endfacet
facet normal -0.499045981084 -0.860050971709 -0.106138752708
outer loop
vertex 259.767791748047 160.092605590820 214.019393920898
vertex 256.837402343750 162.086807250977 211.638397216797
vertex 261.063201904297 160.008193969727 208.612594604492
endloop
endfacet
facet normal -0.327028736722 -0.942510860467 0.068742150526
outer loop
vertex 261.063201904297 160.008193969727 208.612594604492
vertex 262.439208984375 159.229705810547 204.485000610352
vertex 265.355102539063 158.307998657227 205.719497680664
endloop
endfacet
facet normal -0.354151912314 -0.927871069506 -0.116754877318
outer loop
vertex 269.297393798828 156.448303222656 211.226593017578
vertex 265.888214111328 158.059799194336 208.760803222656
vertex 269.475006103516 157.001296997070 206.293106079102
endloop
endfacet
facet normal -0.126033381992 -0.974551985750 0.185375331948
outer loop
vertex 275.135589599609 155.485702514648 200.905502319336
vertex 276.857788085938 154.748901367188 198.202896118164
vertex 279.560699462891 154.838195800781 200.509994506836
endloop
endfacet
facet normal -0.160289128482 -0.858960928906 0.486305992050
outer loop
vertex 264.021911621094 154.871902465820 192.509292602539
vertex 264.927001953125 152.865097045898 189.263000488281
vertex 267.703491210938 153.972702026367 192.134506225586
endloop
endfacet
facet normal -0.464867531695 -0.831448817372 0.304287761940
outer loop
vertex 253.311401367188 163.278305053711 204.526092529297
vertex 249.052703857422 165.695602416992 204.625106811523
vertex 250.974502563477 163.335998535156 201.113601684570
endloop
endfacet
facet normal -0.191116110524 -0.920909663942 0.339705789111
outer loop
vertex 272.820892333984 155.040695190430 197.317504882813
vertex 269.414794921875 154.881500244141 194.969696044922
vertex 272.991210937500 152.969604492188 191.798797607422
endloop
endfacet
facet normal -0.502238350827 -0.798535343193 0.331810103267
outer loop
vertex 249.052703857422 165.695602416992 204.625106811523
vertex 245.482101440430 168.088592529297 204.979507446289
vertex 246.783401489258 165.980392456055 201.875595092773
endloop
endfacet
facet normal -0.471804229723 -0.778185449743 0.414521621419
outer loop
vertex 243.923492431641 166.730895996094 200.029403686523
vertex 246.783401489258 165.980392456055 201.875595092773
vertex 243.323699951172 168.595306396484 202.846801757813
endloop
endfacet
facet normal -0.150994508747 -0.985848655683 0.072822293396
outer loop
vertex 279.560699462891 154.838195800781 200.509994506836
vertex 280.152099609375 154.990707397461 203.800903320313
vertex 277.250000000000 155.382995605469 203.094192504883
endloop
endfacet
facet normal -0.317466491181 -0.821115039109 0.474325963369
outer loop
vertex 254.438400268555 157.288299560547 192.419403076172
vertex 253.350601196289 160.380493164063 197.044296264648
vertex 249.690704345703 160.036193847656 193.998703002930
endloop
endfacet
facet normal -0.509757223280 -0.795825399015 0.326817238830
outer loop
vertex 246.783401489258 165.980392456055 201.875595092773
vertex 245.482101440430 168.088592529297 204.979507446289
vertex 243.323699951172 168.595306396484 202.846801757813
endloop
endfacet
facet normal -0.527704694485 -0.773880696579 0.350194835600
outer loop
vertex 245.482101440430 168.088592529297 204.979507446289
vertex 242.133697509766 170.665893554688 205.629302978516
vertex 243.323699951172 168.595306396484 202.846801757813
endloop
endfacet
facet normal -0.142162005903 -0.985643710241 0.091084798619
outer loop
vertex 275.135589599609 155.485702514648 200.905502319336
vertex 277.250000000000 155.382995605469 203.094192504883
vertex 273.912109375000 155.980895996094 204.354507446289
endloop
endfacet
facet normal -0.491488271648 -0.770762451047 0.405418947372
outer loop
vertex 243.923492431641 166.730895996094 200.029403686523
vertex 243.323699951172 168.595306396484 202.846801757813
vertex 241.393402099609 169.062805175781 201.395492553711
endloop
endfacet
facet normal -0.402701442624 -0.772757677497 0.490588544482
outer loop
vertex 247.768005371094 163.426300048828 197.979904174805
vertex 243.923492431641 166.730895996094 200.029403686523
vertex 243.431304931641 165.164398193359 197.157897949219
endloop
endfacet
facet normal -0.429717269511 -0.801108527259 0.416615165155
outer loop
vertex 247.768005371094 163.426300048828 197.979904174805
vertex 250.974502563477 163.335998535156 201.113601684570
vertex 246.783401489258 165.980392456055 201.875595092773
endloop
endfacet
facet normal -0.346387080226 -0.790190409484 0.505583927169
outer loop
vertex 253.350601196289 160.380493164063 197.044296264648
vertex 247.768005371094 163.426300048828 197.979904174805
vertex 249.690704345703 160.036193847656 193.998703002930
endloop
endfacet
facet normal -0.138083232853 -0.874866567568 0.464264482549
outer loop
vertex 272.991210937500 152.969604492188 191.798797607422
vertex 269.102508544922 152.124404907227 189.049499511719
vertex 272.455291748047 150.146499633789 186.319503784180
endloop
endfacet
facet normal -0.245334170668 -0.844444398667 0.476156279243
outer loop
vertex 257.776214599609 157.835296630859 195.121597290039
vertex 259.959899902344 154.878692626953 191.003295898438
vertex 261.749694824219 156.587005615234 194.955093383789
endloop
endfacet
facet normal -0.789710496866 -0.453291988604 0.413380822253
outer loop
vertex 224.849700927734 205.956695556641 233.214492797852
vertex 224.611801147461 209.227493286133 236.346603393555
vertex 222.988693237305 209.173904418945 233.187103271484
endloop
endfacet
facet normal 0.252408534688 -0.839468491944 0.481230280271
outer loop
vertex 316.082611083984 157.635498046875 194.635101318359
vertex 312.106903076172 156.408798217773 194.580505371094
vertex 313.931304931641 154.714599609375 190.668197631836
endloop
endfacet
facet normal 0.143658302640 -0.872448740203 0.467113998720
outer loop
vertex 301.684906005859 149.867401123047 185.933700561523
vertex 304.837585449219 151.885604858398 188.733596801758
vertex 300.766296386719 152.630996704102 191.377899169922
endloop
endfacet
facet normal 0.353060147594 -0.776113300834 0.522490838627
outer loop
vertex 324.127593994141 159.708099365234 193.244506835938
vertex 326.033203125000 163.014495849609 196.868194580078
vertex 320.484008789063 160.116699218750 196.313507080078
endloop
endfacet
facet normal 0.437617986420 -0.788088898580 0.432904592140
outer loop
vertex 322.864105224609 163.036193847656 200.111297607422
vertex 326.033203125000 163.014495849609 196.868194580078
vertex 327.058105468750 165.579696655273 200.501998901367
endloop
endfacet
facet normal 0.402521827628 -0.753230983159 0.520210788327
outer loop
vertex 330.343109130859 164.631195068359 195.874206542969
vertex 329.891601562500 166.211196899414 198.511306762695
vertex 326.033203125000 163.014495849609 196.868194580078
endloop
endfacet
facet normal 0.495911549156 -0.755086967449 0.428853596234
outer loop
vertex 332.456512451172 168.516494750977 199.604293823242
vertex 330.548797607422 168.128692626953 201.127502441406
vertex 329.891601562500 166.211196899414 198.511306762695
endloop
endfacet
facet normal 0.137381293505 -0.985870715824 0.095840032743
outer loop
vertex 299.949890136719 155.763305664063 204.321502685547
vertex 296.578704833984 155.185195922852 203.207107543945
vertex 298.572692871094 155.237503051758 200.886901855469
endloop
endfacet
facet normal 0.534658366432 -0.761477199659 0.366459964532
outer loop
vertex 330.548797607422 168.128692626953 201.127502441406
vertex 331.825408935547 170.311996459961 203.801696777344
vertex 328.414794921875 167.741302490234 203.436004638672
endloop
endfacet
facet normal 0.513286041528 -0.786943013245 0.342429749697
outer loop
vertex 327.058105468750 165.579696655273 200.501998901367
vertex 330.548797607422 168.128692626953 201.127502441406
vertex 328.414794921875 167.741302490234 203.436004638672
endloop
endfacet
facet normal 0.318609267251 -0.813476023267 0.486564378465
outer loop
vertex 319.427001953125 157.075302124023 191.920806884766
vertex 324.127593994141 159.708099365234 193.244506835938
vertex 320.484008789063 160.116699218750 196.313507080078
endloop
endfacet
facet normal 0.140115658246 -0.988007877024 0.064869386102
outer loop
vertex 296.578704833984 155.185195922852 203.207107543945
vertex 293.863006591797 154.857101440430 204.075805664063
vertex 294.013214111328 154.660797119141 200.761505126953
endloop
endfacet
facet normal 0.477569088050 -0.761527676956 0.438181883890
outer loop
vertex 329.891601562500 166.211196899414 198.511306762695
vertex 330.548797607422 168.128692626953 201.127502441406
vertex 327.058105468750 165.579696655273 200.501998901367
endloop
endfacet
facet normal 0.511386752237 -0.787588894247 0.343783832220
outer loop
vertex 327.058105468750 165.579696655273 200.501998901367
vertex 328.414794921875 167.741302490234 203.436004638672
vertex 324.822998046875 165.407592773438 203.432495117188
endloop
endfacet
facet normal 0.201197840878 -0.919573454668 0.337496800424
outer loop
vertex 300.850006103516 154.748596191406 197.097793579102
vertex 300.766296386719 152.630996704102 191.377899169922
vertex 304.371002197266 154.626098632813 194.664993286133
endloop
endfacet
facet normal 0.473615151674 -0.824587377476 0.309425831197
outer loop
vertex 322.864105224609 163.036193847656 200.111297607422
vertex 324.822998046875 165.407592773438 203.432495117188
vertex 320.563385009766 163.051300048828 203.673095703125
endloop
endfacet
facet normal 0.167166831147 -0.856635747574 0.488088564241
outer loop
vertex 306.150512695313 153.743194580078 191.818298339844
vertex 308.995208740234 152.686996459961 188.990295410156
vertex 309.852905273438 154.680496215820 192.195297241211
endloop
endfacet
facet normal 0.118023230797 -0.974545434282 0.190608797048
outer loop
vertex 298.572692871094 155.237503051758 200.886901855469
vertex 294.013214111328 154.660797119141 200.761505126953
vertex 296.617095947266 154.465698242188 198.151702880859
endloop
endfacet
facet normal 0.351392313312 -0.929378062930 -0.113048035322
outer loop
vertex 304.418212890625 156.797698974609 206.128601074219
vertex 308.032287597656 157.874404907227 208.510696411133
vertex 304.650512695313 156.282592773438 211.085403442383
endloop
endfacet
facet normal 0.326518634360 -0.942396767177 0.072621722855
outer loop
vertex 308.534484863281 158.103103637695 205.428802490234
vertex 311.446197509766 159.008605957031 204.087799072266
vertex 312.856994628906 159.814804077148 208.206497192383
endloop
endfacet
facet normal 0.500633367371 -0.859849104606 -0.100128661146
outer loop
vertex 314.193206787109 159.954895019531 213.684402465820
vertex 312.856994628906 159.814804077148 208.206497192383
vertex 317.101409912109 161.944396972656 211.140396118164
endloop
endfacet
facet normal 0.519403549165 -0.851479747033 -0.072126233144
outer loop
vertex 314.193206787109 159.954895019531 213.684402465820
vertex 317.101409912109 161.944396972656 211.140396118164
vertex 318.886199951172 162.728302001953 214.738906860352
endloop
endfacet
facet normal 0.359091453478 -0.899648006862 -0.248368258416
outer loop
vertex 304.650512695313 156.282592773438 211.085403442383
vertex 309.744812011719 158.154907226563 211.668792724609
vertex 307.978088378906 156.857299804688 213.814697265625
endloop
endfacet
facet normal 0.071059358455 -0.892034100813 0.446347096509
outer loop
vertex 297.497802734375 150.430297851563 187.500106811523
vertex 300.766296386719 152.630996704102 191.377899169922
vertex 294.588012695313 151.680694580078 190.462295532227
endloop
endfacet
facet normal 0.063280596009 -0.895651011674 0.440232701484
outer loop
vertex 293.395111083984 149.492996215820 186.182907104492
vertex 297.497802734375 150.430297851563 187.500106811523
vertex 294.588012695313 151.680694580078 190.462295532227
endloop
endfacet
facet normal 0.025590686165 -0.892977907960 0.449372420914
outer loop
vertex 293.395111083984 149.492996215820 186.182907104492
vertex 294.588012695313 151.680694580078 190.462295532227
vertex 288.377899169922 150.712707519531 188.892395019531
endloop
endfacet
facet normal 0.052505615533 -0.886858398437 0.459048299703
outer loop
vertex 297.497802734375 150.430297851563 187.500106811523
vertex 301.684906005859 149.867401123047 185.933700561523
vertex 300.766296386719 152.630996704102 191.377899169922
endloop
endfacet
facet normal 0.060122199114 -0.929894253013 0.362880144659
outer loop
vertex 291.282196044922 152.846801757813 193.998199462891
vertex 294.588012695313 151.680694580078 190.462295532227
vertex 296.249114990234 153.454101562500 194.731506347656
endloop
endfacet
facet normal 0.142374737090 -0.873548911265 0.465447885231
outer loop
vertex 300.766296386719 152.630996704102 191.377899169922
vertex 304.837585449219 151.885604858398 188.733596801758
vertex 306.150512695313 153.743194580078 191.818298339844
endloop
endfacet
facet normal 0.301250845460 -0.879235686437 0.369042728971
outer loop
vertex 312.106903076172 156.408798217773 194.580505371094
vertex 314.009094238281 158.032592773438 196.896392822266
vertex 310.730102539063 157.453598022461 198.193603515625
endloop
endfacet
facet normal 0.170932245252 -0.985264697598 -0.005970192578
outer loop
vertex 296.513305664063 155.157196044922 205.955505371094
vertex 296.578704833984 155.185195922852 203.207107543945
vertex 299.949890136719 155.763305664063 204.321502685547
endloop
endfacet
facet normal 0.069670398100 -0.958110765466 0.277794522493
outer loop
vertex 288.963500976563 153.989303588867 198.520202636719
vertex 291.282196044922 152.846801757813 193.998199462891
vertex 293.422393798828 153.942703247070 197.241195678711
endloop
endfacet
facet normal 0.187663907232 -0.855793140033 0.482079204483
outer loop
vertex 308.995208740234 152.686996459961 188.990295410156
vertex 313.931304931641 154.714599609375 190.668197631836
vertex 309.852905273438 154.680496215820 192.195297241211
endloop
endfacet
facet normal 0.048576372039 -0.874044065777 0.483412150405
outer loop
vertex 289.802795410156 148.137802124023 184.093597412109
vertex 293.395111083984 149.492996215820 186.182907104492
vertex 288.377899169922 150.712707519531 188.892395019531
endloop
endfacet
facet normal 0.091213373854 -0.931718451292 0.351540677521
outer loop
vertex 294.588012695313 151.680694580078 190.462295532227
vertex 300.766296386719 152.630996704102 191.377899169922
vertex 296.249114990234 153.454101562500 194.731506347656
endloop
endfacet
facet normal 0.054651908531 -0.931950201108 0.358443847134
outer loop
vertex 288.377899169922 150.712707519531 188.892395019531
vertex 294.588012695313 151.680694580078 190.462295532227
vertex 291.282196044922 152.846801757813 193.998199462891
endloop
endfacet
facet normal 0.089570458367 -0.991417942945 0.095223922389
outer loop
vertex 288.963500976563 153.989303588867 198.520202636719
vertex 294.013214111328 154.660797119141 200.761505126953
vertex 290.095886230469 154.540298461914 203.191696166992
endloop
endfacet
facet normal 0.187755742052 -0.929134327602 0.318523441206
outer loop
vertex 305.972290039063 156.120300292969 198.079696655273
vertex 300.850006103516 154.748596191406 197.097793579102
vertex 304.371002197266 154.626098632813 194.664993286133
endloop
endfacet
facet normal 0.265523100883 -0.878254919939 0.397700614156
outer loop
vertex 312.106903076172 156.408798217773 194.580505371094
vertex 316.082611083984 157.635498046875 194.635101318359
vertex 314.009094238281 158.032592773438 196.896392822266
endloop
endfacet
facet normal 0.289274348760 -0.898503451471 0.330169500173
outer loop
vertex 310.730102539063 157.453598022461 198.193603515625
vertex 314.009094238281 158.032592773438 196.896392822266
vertex 314.546600341797 159.201293945313 199.605895996094
endloop
endfacet
facet normal 0.619027519385 -0.775989398237 -0.121018114626
outer loop
vertex 323.201110839844 165.703201293945 216.111297607422
vertex 322.870513916016 164.998703002930 218.937606811523
vertex 320.658508300781 163.331802368164 218.311294555664
endloop
endfacet
facet normal 0.471459475401 -0.825183824653 0.311123156621
outer loop
vertex 322.864105224609 163.036193847656 200.111297607422
vertex 327.058105468750 165.579696655273 200.501998901367
vertex 324.822998046875 165.407592773438 203.432495117188
endloop
endfacet
facet normal 0.467338811710 -0.778972511352 0.418086428419
outer loop
vertex 326.033203125000 163.014495849609 196.868194580078
vertex 329.891601562500 166.211196899414 198.511306762695
vertex 327.058105468750 165.579696655273 200.501998901367
endloop
endfacet
facet normal 0.560411444711 -0.782227051880 0.272139398000
outer loop
vertex 331.825408935547 170.311996459961 203.801696777344
vertex 329.718811035156 169.742904663086 206.503997802734
vertex 328.414794921875 167.741302490234 203.436004638672
endloop
endfacet
facet normal 0.288858716640 -0.862137706313 0.416268203415
outer loop
vertex 314.009094238281 158.032592773438 196.896392822266
vertex 316.082611083984 157.635498046875 194.635101318359
vertex 316.683502197266 159.220092773438 197.500000000000
endloop
endfacet
facet normal 0.258902367330 -0.942091377505 0.213151121560
outer loop
vertex 308.333892822266 157.616897583008 201.825897216797
vertex 305.972290039063 156.120300292969 198.079696655273
vertex 310.730102539063 157.453598022461 198.193603515625
endloop
endfacet
facet normal 0.166110845628 -0.960386176494 0.223753388722
outer loop
vertex 303.457611083984 156.281005859375 201.739303588867
vertex 298.572692871094 155.237503051758 200.886901855469
vertex 300.850006103516 154.748596191406 197.097793579102
endloop
endfacet
facet normal 0.573522467862 -0.818692454261 -0.028541972479
outer loop
vertex 323.201110839844 165.703201293945 216.111297607422
vertex 318.886199951172 162.728302001953 214.738906860352
vertex 321.188201904297 164.454605102539 211.478393554688
endloop
endfacet
facet normal 0.327574489558 -0.854207993793 0.403761881721
outer loop
vertex 316.082611083984 157.635498046875 194.635101318359
vertex 320.484008789063 160.116699218750 196.313507080078
vertex 316.683502197266 159.220092773438 197.500000000000
endloop
endfacet
facet normal 0.139544805205 -0.873408200142 0.466567640610
outer loop
vertex 304.837585449219 151.885604858398 188.733596801758
vertex 308.995208740234 152.686996459961 188.990295410156
vertex 306.150512695313 153.743194580078 191.818298339844
endloop
endfacet
facet normal 0.403048543486 -0.912101178310 -0.074988746616
outer loop
vertex 309.744812011719 158.154907226563 211.668792724609
vertex 312.856994628906 159.814804077148 208.206497192383
vertex 314.193206787109 159.954895019531 213.684402465820
endloop
endfacet
facet normal 0.108373838973 -0.977456931239 0.181198947566
outer loop
vertex 296.617095947266 154.465698242188 198.151702880859
vertex 294.013214111328 154.660797119141 200.761505126953
vertex 293.422393798828 153.942703247070 197.241195678711
endloop
endfacet
facet normal 0.450933118644 -0.844810579071 -0.288018068877
outer loop
vertex 309.145812988281 156.446304321289 216.440902709961
vertex 310.802093505859 157.936203002930 214.663894653320
vertex 312.988006591797 158.083602905273 217.653900146484
endloop
endfacet
facet normal 0.416226192326 -0.867455476191 0.272537618776
outer loop
vertex 322.864105224609 163.036193847656 200.111297607422
vertex 320.563385009766 163.051300048828 203.673095703125
vertex 318.411712646484 160.898605346680 200.107406616211
endloop
endfacet
facet normal 0.394901558774 -0.831155117946 0.391451055422
outer loop
vertex 320.484008789063 160.116699218750 196.313507080078
vertex 326.033203125000 163.014495849609 196.868194580078
vertex 322.864105224609 163.036193847656 200.111297607422
endloop
endfacet
facet normal 0.085661838730 -0.934756179703 0.344808546722
outer loop
vertex 300.766296386719 152.630996704102 191.377899169922
vertex 300.850006103516 154.748596191406 197.097793579102
vertex 296.249114990234 153.454101562500 194.731506347656
endloop
endfacet
facet normal 0.157078560160 -0.911215185011 0.380806003817
outer loop
vertex 304.371002197266 154.626098632813 194.664993286133
vertex 300.766296386719 152.630996704102 191.377899169922
vertex 306.150512695313 153.743194580078 191.818298339844
endloop
endfacet
facet normal 0.323209135014 -0.890575316609 0.320017906514
outer loop
vertex 314.546600341797 159.201293945313 199.605895996094
vertex 314.009094238281 158.032592773438 196.896392822266
vertex 316.683502197266 159.220092773438 197.500000000000
endloop
endfacet
facet normal 0.526435565715 -0.846753422965 -0.076643563635
outer loop
vertex 318.886199951172 162.728302001953 214.738906860352
vertex 317.101409912109 161.944396972656 211.140396118164
vertex 321.188201904297 164.454605102539 211.478393554688
endloop
endfacet
facet normal 0.398466472057 -0.830675392685 0.388848122836
outer loop
vertex 320.484008789063 160.116699218750 196.313507080078
vertex 322.864105224609 163.036193847656 200.111297607422
vertex 318.411712646484 160.898605346680 200.107406616211
endloop
endfacet
facet normal 0.402917979578 -0.891444514254 -0.207325299321
outer loop
vertex 309.744812011719 158.154907226563 211.668792724609
vertex 310.802093505859 157.936203002930 214.663894653320
vertex 307.978088378906 156.857299804688 213.814697265625
endloop
endfacet
facet normal 0.526405556520 -0.810573196632 0.256648169616
outer loop
vertex 324.822998046875 165.407592773438 203.432495117188
vertex 328.414794921875 167.741302490234 203.436004638672
vertex 326.673309326172 167.339401245117 205.738601684570
endloop
endfacet
facet normal 0.201717784076 -0.879082517777 -0.431884084594
outer loop
vertex 298.386413574219 153.142196655273 214.626693725586
vertex 294.445800781250 151.663894653320 215.795196533203
vertex 293.890289306641 153.472106933594 211.855194091797
endloop
endfacet
facet normal 0.167076732503 -0.950971873678 -0.260264982144
outer loop
vertex 292.128906250000 154.430892944336 207.221206665039
vertex 296.393402099609 154.724197387695 208.887100219727
vertex 293.890289306641 153.472106933594 211.855194091797
endloop
endfacet
facet normal 0.044949497934 -0.980282659088 0.192419985780
outer loop
vertex 294.013214111328 154.660797119141 200.761505126953
vertex 288.963500976563 153.989303588867 198.520202636719
vertex 293.422393798828 153.942703247070 197.241195678711
endloop
endfacet
facet normal 0.456293294457 -0.881720684204 0.119854346935
outer loop
vertex 312.856994628906 159.814804077148 208.206497192383
vertex 315.463012695313 160.526992797852 203.524505615234
vertex 318.431213378906 162.612701416016 207.568099975586
endloop
endfacet
facet normal 0.185687304291 -0.895849866035 0.403699445814
outer loop
vertex 306.150512695313 153.743194580078 191.818298339844
vertex 309.852905273438 154.680496215820 192.195297241211
vertex 308.181213378906 155.563507080078 194.923706054688
endloop
endfacet
facet normal 0.193437691854 -0.896349036539 0.398923882546
outer loop
vertex 304.371002197266 154.626098632813 194.664993286133
vertex 306.150512695313 153.743194580078 191.818298339844
vertex 308.181213378906 155.563507080078 194.923706054688
endloop
endfacet
facet normal 0.207386946507 -0.928205074482 0.308910980907
outer loop
vertex 305.972290039063 156.120300292969 198.079696655273
vertex 304.371002197266 154.626098632813 194.664993286133
vertex 308.181213378906 155.563507080078 194.923706054688
endloop
endfacet
facet normal 0.246991125097 -0.909859279730 0.333393873988
outer loop
vertex 310.730102539063 157.453598022461 198.193603515625
vertex 305.972290039063 156.120300292969 198.079696655273
vertex 308.181213378906 155.563507080078 194.923706054688
endloop
endfacet
facet normal 0.226322955687 -0.909310682046 0.349187633295
outer loop
vertex 312.106903076172 156.408798217773 194.580505371094
vertex 310.730102539063 157.453598022461 198.193603515625
vertex 308.181213378906 155.563507080078 194.923706054688
endloop
endfacet
facet normal 0.069156738247 -0.995670641739 0.062107316268
outer loop
vertex 294.013214111328 154.660797119141 200.761505126953
vertex 293.863006591797 154.857101440430 204.075805664063
vertex 290.095886230469 154.540298461914 203.191696166992
endloop
endfacet
facet normal 0.318206245601 -0.879053287790 0.354979016966
outer loop
vertex 316.683502197266 159.220092773438 197.500000000000
vertex 320.484008789063 160.116699218750 196.313507080078
vertex 318.411712646484 160.898605346680 200.107406616211
endloop
endfacet
facet normal 0.341200207392 -0.876966936583 0.338395346623
outer loop
vertex 314.546600341797 159.201293945313 199.605895996094
vertex 316.683502197266 159.220092773438 197.500000000000
vertex 318.411712646484 160.898605346680 200.107406616211
endloop
endfacet
facet normal 0.550666674999 -0.786657139900 0.279171555302
outer loop
vertex 328.414794921875 167.741302490234 203.436004638672
vertex 329.718811035156 169.742904663086 206.503997802734
vertex 326.673309326172 167.339401245117 205.738601684570
endloop
endfacet
facet normal 0.353913575926 -0.928856178622 -0.109413802655
outer loop
vertex 304.650512695313 156.282592773438 211.085403442383
vertex 308.032287597656 157.874404907227 208.510696411133
vertex 309.744812011719 158.154907226563 211.668792724609
endloop
endfacet
facet normal 0.193252310904 -0.951718876255 -0.238505188436
outer loop
vertex 296.393402099609 154.724197387695 208.887100219727
vertex 299.259613037109 154.676605224609 211.399398803711
vertex 293.890289306641 153.472106933594 211.855194091797
endloop
endfacet
facet normal 0.225936624847 -0.877749664877 0.422502269061
outer loop
vertex 309.852905273438 154.680496215820 192.195297241211
vertex 312.106903076172 156.408798217773 194.580505371094
vertex 308.181213378906 155.563507080078 194.923706054688
endloop
endfacet
facet normal 0.179606179468 -0.869429073620 0.460255044775
outer loop
vertex 313.931304931641 154.714599609375 190.668197631836
vertex 312.106903076172 156.408798217773 194.580505371094
vertex 309.852905273438 154.680496215820 192.195297241211
endloop
endfacet
facet normal 0.219209526788 -0.956473027186 0.192630557364
outer loop
vertex 305.972290039063 156.120300292969 198.079696655273
vertex 303.457611083984 156.281005859375 201.739303588867
vertex 300.850006103516 154.748596191406 197.097793579102
endloop
endfacet
facet normal 0.312056699773 -0.917365593303 0.247105209071
outer loop
vertex 312.094085693359 158.794006347656 201.447296142578
vertex 308.333892822266 157.616897583008 201.825897216797
vertex 310.730102539063 157.453598022461 198.193603515625
endloop
endfacet
facet normal 0.260957012531 -0.959453247899 0.106540615289
outer loop
vertex 306.176605224609 157.247802734375 203.785995483398
vertex 303.457611083984 156.281005859375 201.739303588867
vertex 308.333892822266 157.616897583008 201.825897216797
endloop
endfacet
facet normal 0.250697941056 -0.839454634997 0.482147755500
outer loop
vertex 319.427001953125 157.075302124023 191.920806884766
vertex 316.082611083984 157.635498046875 194.635101318359
vertex 313.931304931641 154.714599609375 190.668197631836
endloop
endfacet
facet normal 0.270821415119 -0.820713984846 0.503074861419
outer loop
vertex 316.082611083984 157.635498046875 194.635101318359
vertex 319.427001953125 157.075302124023 191.920806884766
vertex 320.484008789063 160.116699218750 196.313507080078
endloop
endfacet
facet normal 0.624915702962 -0.755817110307 -0.195501559990
outer loop
vertex 322.870513916016 164.998703002930 218.937606811523
vertex 322.658691406250 164.193206787109 221.374603271484
vertex 320.658508300781 163.331802368164 218.311294555664
endloop
endfacet
facet normal 0.360187547163 -0.931021034112 0.058862253686
outer loop
vertex 311.446197509766 159.008605957031 204.087799072266
vertex 315.463012695313 160.526992797852 203.524505615234
vertex 312.856994628906 159.814804077148 208.206497192383
endloop
endfacet
facet normal 0.330272465215 -0.913427150602 0.237846461535
outer loop
vertex 312.094085693359 158.794006347656 201.447296142578
vertex 310.730102539063 157.453598022461 198.193603515625
vertex 314.546600341797 159.201293945313 199.605895996094
endloop
endfacet
facet normal 0.585956548992 -0.795110397322 -0.156378958829
outer loop
vertex 318.886199951172 162.728302001953 214.738906860352
vertex 320.658508300781 163.331802368164 218.311294555664
vertex 317.036590576172 160.794204711914 217.642303466797
endloop
endfacet
facet normal 0.130578695088 -0.954457883073 0.268252406938
outer loop
vertex 300.850006103516 154.748596191406 197.097793579102
vertex 296.617095947266 154.465698242188 198.151702880859
vertex 296.249114990234 153.454101562500 194.731506347656
endloop
endfacet
facet normal 0.113399249695 -0.974447712534 0.193887249982
outer loop
vertex 300.850006103516 154.748596191406 197.097793579102
vertex 298.572692871094 155.237503051758 200.886901855469
vertex 296.617095947266 154.465698242188 198.151702880859
endloop
endfacet
facet normal 0.594512430689 -0.787621082921 -0.161888849197
outer loop
vertex 318.886199951172 162.728302001953 214.738906860352
vertex 323.201110839844 165.703201293945 216.111297607422
vertex 320.658508300781 163.331802368164 218.311294555664
endloop
endfacet
facet normal 0.542561284138 -0.811306891041 -0.217734658480
outer loop
vertex 312.988006591797 158.083602905273 217.653900146484
vertex 314.193206787109 159.954895019531 213.684402465820
vertex 317.036590576172 160.794204711914 217.642303466797
endloop
endfacet
facet normal 0.309190692363 -0.938748518126 0.152158915195
outer loop
vertex 312.094085693359 158.794006347656 201.447296142578
vertex 311.446197509766 159.008605957031 204.087799072266
vertex 308.333892822266 157.616897583008 201.825897216797
endloop
endfacet
facet normal 0.076891629517 -0.958856229433 0.273280823675
outer loop
vertex 291.282196044922 152.846801757813 193.998199462891
vertex 296.249114990234 153.454101562500 194.731506347656
vertex 293.422393798828 153.942703247070 197.241195678711
endloop
endfacet
facet normal 0.078501595827 -0.958241380798 0.274974463503
outer loop
vertex 296.249114990234 153.454101562500 194.731506347656
vertex 296.617095947266 154.465698242188 198.151702880859
vertex 293.422393798828 153.942703247070 197.241195678711
endloop
endfacet
facet normal 0.035432961252 -0.773456237030 0.632858558176
outer loop
vertex 302.225494384766 142.980102539063 176.410903930664
vertex 304.475494384766 139.840393066406 172.447692871094
vertex 307.080688476563 143.592895507813 176.888000488281
endloop
endfacet
facet normal 0.035912919889 -0.830936105723 0.555207574148
outer loop
vertex 310.762390136719 132.215301513672 161.299301147461
vertex 310.003204345703 127.316001892090 154.016006469727
vertex 317.006805419922 132.046798706055 160.643203735352
endloop
endfacet
facet normal 0.037079281528 -0.780067252419 0.624596036319
outer loop
vertex 303.736389160156 145.750503540039 179.781204223633
vertex 302.225494384766 142.980102539063 176.410903930664
vertex 307.080688476563 143.592895507813 176.888000488281
endloop
endfacet
facet normal 0.016388309209 -0.779182458871 0.626582890853
outer loop
vertex 302.225494384766 142.980102539063 176.410903930664
vertex 300.537200927734 140.744506835938 173.675003051758
vertex 304.475494384766 139.840393066406 172.447692871094
endloop
endfacet
facet normal 0.100530387698 -0.774908129929 0.624028069335
outer loop
vertex 328.068786621094 135.850494384766 164.831298828125
vertex 333.126708984375 135.146606445313 163.142395019531
vertex 334.644012451172 139.338592529297 168.103500366211
endloop
endfacet
facet normal 0.156168053271 -0.728489932921 0.667018707961
outer loop
vertex 341.904785156250 142.494400024414 170.280899047852
vertex 348.102691650391 142.228607177734 168.539505004883
vertex 346.456207275391 145.522094726563 172.522003173828
endloop
endfacet
facet normal 0.170919334010 -0.719825845902 0.672783273301
outer loop
vertex 351.615814208984 140.675506591797 165.985305786133
vertex 354.235412597656 146.120101928711 171.145095825195
vertex 348.102691650391 142.228607177734 168.539505004883
endloop
endfacet
facet normal 0.183986153824 -0.703567076999 0.686398181353
outer loop
vertex 354.235412597656 146.120101928711 171.145095825195
vertex 352.388000488281 154.036605834961 179.754806518555
vertex 346.622497558594 149.618392944336 176.771499633789
endloop
endfacet
facet normal 0.085634235178 -0.770222270433 0.632000341688
outer loop
vertex 318.080291748047 141.694702148438 173.651199340820
vertex 321.421295166016 139.230606079102 170.195495605469
vertex 324.681701660156 142.412002563477 173.630905151367
endloop
endfacet
facet normal 0.163786463793 -0.686870241108 0.708084222504
outer loop
vertex 346.501800537109 156.874694824219 183.869400024414
vertex 352.388000488281 154.036605834961 179.754806518555
vertex 353.514099121094 159.534805297852 184.827804565430
endloop
endfacet
facet normal 0.053471575980 -0.809896126610 0.584131025254
outer loop
vertex 321.102996826172 135.809799194336 165.656494140625
vertex 315.669799804688 137.740600585938 168.830902099609
vertex 314.410095214844 134.488296508789 164.436904907227
endloop
endfacet
facet normal 0.133041614237 -0.751743542563 0.645895947577
outer loop
vertex 334.644012451172 139.338592529297 168.103500366211
vertex 341.904785156250 142.494400024414 170.280899047852
vertex 335.599304199219 144.478195190430 173.888595581055
endloop
endfacet
facet normal 0.043651328449 -0.815803212632 0.576679876348
outer loop
vertex 321.102996826172 135.809799194336 165.656494140625
vertex 317.006805419922 132.046798706055 160.643203735352
vertex 323.480590820313 133.311294555664 161.942001342773
endloop
endfacet
facet normal 0.255098177008 -0.650376861895 0.715496231715
outer loop
vertex 338.257110595703 164.357894897461 191.693695068359
vertex 332.358795166016 160.801696777344 190.564102172852
vertex 334.631896972656 157.736999511719 186.967895507813
endloop
endfacet
facet normal 0.182869529381 -0.635531722439 0.750105435921
outer loop
vertex 341.767211914063 162.656692504883 189.396606445313
vertex 338.257110595703 164.357894897461 191.693695068359
vertex 334.631896972656 157.736999511719 186.967895507813
endloop
endfacet
facet normal 0.228771554477 -0.731785664752 0.641991679639
outer loop
vertex 328.332092285156 156.548400878906 187.722900390625
vertex 323.571197509766 156.539596557617 189.409393310547
vertex 323.627593994141 152.893997192383 185.233795166016
endloop
endfacet
facet normal 0.140256535393 -0.751579613243 0.644558910602
outer loop
vertex 334.644012451172 139.338592529297 168.103500366211
vertex 335.599304199219 144.478195190430 173.888595581055
vertex 330.345001220703 142.421203613281 172.633407592773
endloop
endfacet
facet normal 0.207168721770 -0.789114533451 0.578255457230
outer loop
vertex 319.427001953125 157.075302124023 191.920806884766
vertex 313.931304931641 154.714599609375 190.668197631836
vertex 318.624298095703 153.569793701172 187.424606323242
endloop
endfacet
facet normal 0.103307033748 -0.834590788483 0.541096916049
outer loop
vertex 308.995208740234 152.686996459961 188.990295410156
vertex 306.686492919922 150.147598266602 185.514297485352
vertex 312.661102294922 150.561294555664 185.011703491211
endloop
endfacet
facet normal 0.159963260816 -0.702378881372 0.693596180923
outer loop
vertex 346.622497558594 149.618392944336 176.771499633789
vertex 341.038696289063 151.885894775391 180.355499267578
vertex 341.145812988281 147.116394042969 175.500900268555
endloop
endfacet
facet normal 0.063626687126 -0.800321937275 0.596184905379
outer loop
vertex 304.151397705078 148.130401611328 182.931701660156
vertex 303.736389160156 145.750503540039 179.781204223633
vertex 307.966094970703 147.331100463867 181.451599121094
endloop
endfacet
facet normal 0.280318425680 -0.702417517359 0.654240943026
outer loop
vertex 332.358795166016 160.801696777344 190.564102172852
vertex 327.795806884766 159.651702880859 191.284500122070
vertex 328.332092285156 156.548400878906 187.722900390625
endloop
endfacet
facet normal 0.126955940725 -0.761458629380 0.635659456673
outer loop
vertex 318.624298095703 153.569793701172 187.424606323242
vertex 312.661102294922 150.561294555664 185.011703491211
vertex 318.943115234375 149.534805297852 182.527404785156
endloop
endfacet
facet normal 0.155774743645 -0.728200557730 0.667426533009
outer loop
vertex 341.904785156250 142.494400024414 170.280899047852
vertex 346.456207275391 145.522094726563 172.522003173828
vertex 341.145812988281 147.116394042969 175.500900268555
endloop
endfacet
facet normal 0.082822161350 -0.750838999068 0.655271918419
outer loop
vertex 318.080291748047 141.694702148438 173.651199340820
vertex 321.448486328125 145.787597656250 177.915298461914
vertex 313.828613281250 145.531799316406 178.585296630859
endloop
endfacet
facet normal 0.047007718852 -0.807549933076 0.587922937091
outer loop
vertex 304.475494384766 139.840393066406 172.447692871094
vertex 307.657104492188 136.009994506836 166.932006835938
vertex 311.043914794922 140.461395263672 172.775497436523
endloop
endfacet
facet normal 0.124804302510 -0.735792949663 0.665606957071
outer loop
vertex 318.943115234375 149.534805297852 182.527404785156
vertex 321.448486328125 145.787597656250 177.915298461914
vertex 324.250488281250 149.354293823242 181.332702636719
endloop
endfacet
facet normal 0.038548024616 -0.807228264070 0.588979269147
outer loop
vertex 297.378997802734 137.594604492188 169.786804199219
vertex 299.181884765625 134.433105468750 165.335800170898
vertex 301.075286865234 137.974899291992 170.066101074219
endloop
endfacet
facet normal 0.040668632622 -0.818133617782 0.573588219698
outer loop
vertex 304.744903564453 131.575302124023 160.813095092773
vertex 310.762390136719 132.215301513672 161.299301147461
vertex 307.657104492188 136.009994506836 166.932006835938
endloop
endfacet
facet normal 0.044579093160 -0.818862791279 0.572255566606
outer loop
vertex 299.181884765625 134.433105468750 165.335800170898
vertex 304.744903564453 131.575302124023 160.813095092773
vertex 307.657104492188 136.009994506836 166.932006835938
endloop
endfacet
facet normal 0.074471481222 -0.804726138296 0.588956569561
outer loop
vertex 328.068786621094 135.850494384766 164.831298828125
vertex 321.102996826172 135.809799194336 165.656494140625
vertex 323.480590820313 133.311294555664 161.942001342773
endloop
endfacet
facet normal 0.111024427877 -0.783198762285 0.611778779601
outer loop
vertex 328.068786621094 135.850494384766 164.831298828125
vertex 334.644012451172 139.338592529297 168.103500366211
vertex 326.896301269531 139.095703125000 169.198593139648
endloop
endfacet
facet normal 0.211948666911 -0.673622878534 0.708032471084
outer loop
vertex 334.631896972656 157.736999511719 186.967895507813
vertex 332.358795166016 160.801696777344 190.564102172852
vertex 328.332092285156 156.548400878906 187.722900390625
endloop
endfacet
facet normal 0.039329105878 -0.807351394888 0.588758818705
outer loop
vertex 301.075286865234 137.974899291992 170.066101074219
vertex 299.181884765625 134.433105468750 165.335800170898
vertex 307.657104492188 136.009994506836 166.932006835938
endloop
endfacet
facet normal 0.058508711247 -0.820763685219 0.568263762468
outer loop
vertex 317.006805419922 132.046798706055 160.643203735352
vertex 321.102996826172 135.809799194336 165.656494140625
vertex 314.410095214844 134.488296508789 164.436904907227
endloop
endfacet
facet normal 0.141837783520 -0.812827797742 0.564971693437
outer loop
vertex 313.931304931641 154.714599609375 190.668197631836
vertex 308.995208740234 152.686996459961 188.990295410156
vertex 312.661102294922 150.561294555664 185.011703491211
endloop
endfacet
facet normal 0.055021900630 -0.812383825160 0.580521413102
outer loop
vertex 306.686492919922 150.147598266602 185.514297485352
vertex 304.151397705078 148.130401611328 182.931701660156
vertex 307.966094970703 147.331100463867 181.451599121094
endloop
endfacet
facet normal 0.113855676462 -0.736812102048 0.666441903855
outer loop
vertex 321.448486328125 145.787597656250 177.915298461914
vertex 324.681701660156 142.412002563477 173.630905151367
vertex 329.223114013672 146.941299438477 177.862594604492
endloop
endfacet
facet normal 0.127891155216 -0.724247913868 0.677575687046
outer loop
vertex 323.627593994141 152.893997192383 185.233795166016
vertex 318.943115234375 149.534805297852 182.527404785156
vertex 324.250488281250 149.354293823242 181.332702636719
endloop
endfacet
facet normal 0.164147201190 -0.664290982976 0.729227801361
outer loop
vertex 334.631896972656 157.736999511719 186.967895507813
vertex 328.895507812500 152.432601928711 183.427093505859
vertex 334.678314208984 152.188796997070 181.903305053711
endloop
endfacet
facet normal 0.172590684586 -0.625820443302 0.760632124183
outer loop
vertex 340.425292968750 156.983505249023 185.033401489258
vertex 341.767211914063 162.656692504883 189.396606445313
vertex 334.631896972656 157.736999511719 186.967895507813
endloop
endfacet
facet normal 0.153419760867 -0.736775327601 0.658501703577
outer loop
vertex 344.784698486328 139.754196166992 166.544006347656
vertex 348.102691650391 142.228607177734 168.539505004883
vertex 341.904785156250 142.494400024414 170.280899047852
endloop
endfacet
facet normal 0.156738165045 -0.705871439700 0.690781194181
outer loop
vertex 341.038696289063 151.885894775391 180.355499267578
vertex 346.622497558594 149.618392944336 176.771499633789
vertex 346.096008300781 153.071792602539 180.419799804688
endloop
endfacet
facet normal 0.119992929634 -0.762752192221 0.635461084646
outer loop
vertex 338.112609863281 136.688095092773 164.267105102539
vertex 340.898101806641 138.871002197266 166.361297607422
vertex 334.644012451172 139.338592529297 168.103500366211
endloop
endfacet
facet normal 0.086251683284 -0.801157044259 0.592206076940
outer loop
vertex 327.933990478516 133.246307373047 161.327896118164
vertex 333.126708984375 135.146606445313 163.142395019531
vertex 328.068786621094 135.850494384766 164.831298828125
endloop
endfacet
facet normal 0.033051621473 -0.804190203140 0.593452363288
outer loop
vertex 307.657104492188 136.009994506836 166.932006835938
vertex 315.669799804688 137.740600585938 168.830902099609
vertex 311.043914794922 140.461395263672 172.775497436523
endloop
endfacet
facet normal 0.094985794354 -0.773721057655 0.626365247928
outer loop
vertex 324.681701660156 142.412002563477 173.630905151367
vertex 321.421295166016 139.230606079102 170.195495605469
vertex 326.896301269531 139.095703125000 169.198593139648
endloop
endfacet
facet normal 0.054234055346 -0.765046888034 0.641686782122
outer loop
vertex 318.080291748047 141.694702148438 173.651199340820
vertex 313.828613281250 145.531799316406 178.585296630859
vertex 311.043914794922 140.461395263672 172.775497436523
endloop
endfacet
facet normal 0.105020762502 -0.801488639730 0.588716060446
outer loop
vertex 312.661102294922 150.561294555664 185.011703491211
vertex 306.686492919922 150.147598266602 185.514297485352
vertex 307.966094970703 147.331100463867 181.451599121094
endloop
endfacet
facet normal 0.234568042576 -0.715144917987 0.658441781541
outer loop
vertex 327.795806884766 159.651702880859 191.284500122070
vertex 323.571197509766 156.539596557617 189.409393310547
vertex 328.332092285156 156.548400878906 187.722900390625
endloop
endfacet
facet normal 0.213175422765 -0.691358570017 0.690347424703
outer loop
vertex 334.631896972656 157.736999511719 186.967895507813
vertex 328.332092285156 156.548400878906 187.722900390625
vertex 328.895507812500 152.432601928711 183.427093505859
endloop
endfacet
facet normal 0.141691025161 -0.683550174112 0.716018723820
outer loop
vertex 341.038696289063 151.885894775391 180.355499267578
vertex 334.678314208984 152.188796997070 181.903305053711
vertex 335.972686767578 148.429992675781 178.058807373047
endloop
endfacet
facet normal 0.157265277478 -0.665077869166 0.730026753239
outer loop
vertex 340.425292968750 156.983505249023 185.033401489258
vertex 334.631896972656 157.736999511719 186.967895507813
vertex 334.678314208984 152.188796997070 181.903305053711
endloop
endfacet
facet normal 0.041813439908 -0.775075573584 0.630483537831
outer loop
vertex 307.080688476563 143.592895507813 176.888000488281
vertex 304.475494384766 139.840393066406 172.447692871094
vertex 311.043914794922 140.461395263672 172.775497436523
endloop
endfacet
facet normal 0.138538074384 -0.744709810419 0.652851055151
outer loop
vertex 340.898101806641 138.871002197266 166.361297607422
vertex 344.784698486328 139.754196166992 166.544006347656
vertex 341.904785156250 142.494400024414 170.280899047852
endloop
endfacet
facet normal 0.098666853838 -0.774777451140 0.624487592478
outer loop
vertex 333.126708984375 135.146606445313 163.142395019531
vertex 338.112609863281 136.688095092773 164.267105102539
vertex 334.644012451172 139.338592529297 168.103500366211
endloop
endfacet
facet normal 0.076626007780 -0.790343685496 0.607853036290
outer loop
vertex 321.102996826172 135.809799194336 165.656494140625
vertex 328.068786621094 135.850494384766 164.831298828125
vertex 326.896301269531 139.095703125000 169.198593139648
endloop
endfacet
facet normal 0.126959306591 -0.744407142944 0.655545070917
outer loop
vertex 334.644012451172 139.338592529297 168.103500366211
vertex 340.898101806641 138.871002197266 166.361297607422
vertex 341.904785156250 142.494400024414 170.280899047852
endloop
endfacet
facet normal 0.152620253347 -0.728801201353 0.667499713239
outer loop
vertex 335.599304199219 144.478195190430 173.888595581055
vertex 341.904785156250 142.494400024414 170.280899047852
vertex 341.145812988281 147.116394042969 175.500900268555
endloop
endfacet
facet normal 0.007972992691 -0.792711187031 0.609545244706
outer loop
vertex 300.537200927734 140.744506835938 173.675003051758
vertex 301.075286865234 137.974899291992 170.066101074219
vertex 304.475494384766 139.840393066406 172.447692871094
endloop
endfacet
facet normal 0.035943851733 -0.811001951111 0.583938245721
outer loop
vertex 304.475494384766 139.840393066406 172.447692871094
vertex 301.075286865234 137.974899291992 170.066101074219
vertex 307.657104492188 136.009994506836 166.932006835938
endloop
endfacet
facet normal 0.064832638585 -0.780089711599 0.622299582863
outer loop
vertex 312.661102294922 150.561294555664 185.011703491211
vertex 307.966094970703 147.331100463867 181.451599121094
vertex 313.828613281250 145.531799316406 178.585296630859
endloop
endfacet
facet normal 0.066508801327 -0.778169705301 0.624522608957
outer loop
vertex 307.966094970703 147.331100463867 181.451599121094
vertex 307.080688476563 143.592895507813 176.888000488281
vertex 313.828613281250 145.531799316406 178.585296630859
endloop
endfacet
facet normal 0.176419850420 -0.699086838582 0.692931185977
outer loop
vertex 328.332092285156 156.548400878906 187.722900390625
vertex 323.627593994141 152.893997192383 185.233795166016
vertex 328.895507812500 152.432601928711 183.427093505859
endloop
endfacet
facet normal 0.164516893088 -0.701794443924 0.693122464191
outer loop
vertex 341.145812988281 147.116394042969 175.500900268555
vertex 341.038696289063 151.885894775391 180.355499267578
vertex 335.972686767578 148.429992675781 178.058807373047
endloop
endfacet
facet normal 0.129573169894 -0.661915624146 0.738294318111
outer loop
vertex 346.501800537109 156.874694824219 183.869400024414
vertex 340.425292968750 156.983505249023 185.033401489258
vertex 341.038696289063 151.885894775391 180.355499267578
endloop
endfacet
facet normal 0.148084967880 -0.658937761778 0.737476690066
outer loop
vertex 341.038696289063 151.885894775391 180.355499267578
vertex 340.425292968750 156.983505249023 185.033401489258
vertex 334.678314208984 152.188796997070 181.903305053711
endloop
endfacet
facet normal 0.050176523452 -0.828995713841 0.556999481981
outer loop
vertex 317.006805419922 132.046798706055 160.643203735352
vertex 322.824401855469 130.521102905273 157.848403930664
vertex 323.480590820313 133.311294555664 161.942001342773
endloop
endfacet
facet normal 0.035176136546 -0.808075128235 0.588028253186
outer loop
vertex 314.410095214844 134.488296508789 164.436904907227
vertex 315.669799804688 137.740600585938 168.830902099609
vertex 307.657104492188 136.009994506836 166.932006835938
endloop
endfacet
facet normal 0.148381951704 -0.699511968136 0.699046352428
outer loop
vertex 324.250488281250 149.354293823242 181.332702636719
vertex 329.223114013672 146.941299438477 177.862594604492
vertex 328.895507812500 152.432601928711 183.427093505859
endloop
endfacet
facet normal 0.154617631790 -0.698646944558 0.698559829076
outer loop
vertex 328.895507812500 152.432601928711 183.427093505859
vertex 329.223114013672 146.941299438477 177.862594604492
vertex 334.678314208984 152.188796997070 181.903305053711
endloop
endfacet
facet normal 0.113223523220 -0.732321976204 0.671479677249
outer loop
vertex 324.250488281250 149.354293823242 181.332702636719
vertex 321.448486328125 145.787597656250 177.915298461914
vertex 329.223114013672 146.941299438477 177.862594604492
endloop
endfacet
facet normal 0.180421243032 -0.701190537207 0.689768081020
outer loop
vertex 346.622497558594 149.618392944336 176.771499633789
vertex 352.388000488281 154.036605834961 179.754806518555
vertex 346.096008300781 153.071792602539 180.419799804688
endloop
endfacet
facet normal 0.064425444211 -0.829371018644 0.554971238508
outer loop
vertex 322.824401855469 130.521102905273 157.848403930664
vertex 327.933990478516 133.246307373047 161.327896118164
vertex 323.480590820313 133.311294555664 161.942001342773
endloop
endfacet
facet normal 0.070120499676 -0.801876213811 0.593361317621
outer loop
vertex 327.933990478516 133.246307373047 161.327896118164
vertex 328.068786621094 135.850494384766 164.831298828125
vertex 323.480590820313 133.311294555664 161.942001342773
endloop
endfacet
facet normal 0.059065318023 -0.765960560924 0.640168499159
outer loop
vertex 313.828613281250 145.531799316406 178.585296630859
vertex 307.080688476563 143.592895507813 176.888000488281
vertex 311.043914794922 140.461395263672 172.775497436523
endloop
endfacet
facet normal 0.042234175903 -0.776906673564 0.628197655963
outer loop
vertex 303.736389160156 145.750503540039 179.781204223633
vertex 307.080688476563 143.592895507813 176.888000488281
vertex 307.966094970703 147.331100463867 181.451599121094
endloop
endfacet
facet normal 0.173992330443 -0.722334751564 0.669297523999
outer loop
vertex 348.102691650391 142.228607177734 168.539505004883
vertex 354.235412597656 146.120101928711 171.145095825195
vertex 346.456207275391 145.522094726563 172.522003173828
endloop
endfacet
facet normal 0.185130917255 -0.811489134479 0.554267018772
outer loop
vertex 318.624298095703 153.569793701172 187.424606323242
vertex 313.931304931641 154.714599609375 190.668197631836
vertex 312.661102294922 150.561294555664 185.011703491211
endloop
endfacet
facet normal 0.167807430953 -0.713029054522 0.680757103176
outer loop
vertex 346.456207275391 145.522094726563 172.522003173828
vertex 346.622497558594 149.618392944336 176.771499633789
vertex 341.145812988281 147.116394042969 175.500900268555
endloop
endfacet
facet normal 0.175064946787 -0.712260976859 0.679732716037
outer loop
vertex 346.456207275391 145.522094726563 172.522003173828
vertex 354.235412597656 146.120101928711 171.145095825195
vertex 346.622497558594 149.618392944336 176.771499633789
endloop
endfacet
facet normal 0.183842200660 -0.739225014380 0.647879945183
outer loop
vertex 323.627593994141 152.893997192383 185.233795166016
vertex 323.571197509766 156.539596557617 189.409393310547
vertex 318.624298095703 153.569793701172 187.424606323242
endloop
endfacet
facet normal 0.243281090556 -0.785522039027 0.569007413995
outer loop
vertex 323.571197509766 156.539596557617 189.409393310547
vertex 319.427001953125 157.075302124023 191.920806884766
vertex 318.624298095703 153.569793701172 187.424606323242
endloop
endfacet
facet normal 0.130636270867 -0.686560704084 0.715240214433
outer loop
vertex 334.678314208984 152.188796997070 181.903305053711
vertex 329.223114013672 146.941299438477 177.862594604492
vertex 335.972686767578 148.429992675781 178.058807373047
endloop
endfacet
facet normal 0.148888630942 -0.724390614099 0.673119910403
outer loop
vertex 335.599304199219 144.478195190430 173.888595581055
vertex 341.145812988281 147.116394042969 175.500900268555
vertex 335.972686767578 148.429992675781 178.058807373047
endloop
endfacet
facet normal 0.118109416549 -0.738566331003 0.663754427806
outer loop
vertex 324.681701660156 142.412002563477 173.630905151367
vertex 330.345001220703 142.421203613281 172.633407592773
vertex 329.223114013672 146.941299438477 177.862594604492
endloop
endfacet
facet normal 0.140284790517 -0.724922459408 0.674394250714
outer loop
vertex 329.223114013672 146.941299438477 177.862594604492
vertex 335.599304199219 144.478195190430 173.888595581055
vertex 335.972686767578 148.429992675781 178.058807373047
endloop
endfacet
facet normal 0.113149170942 -0.768193839242 0.630139262755
outer loop
vertex 334.644012451172 139.338592529297 168.103500366211
vertex 330.345001220703 142.421203613281 172.633407592773
vertex 326.896301269531 139.095703125000 169.198593139648
endloop
endfacet
facet normal 0.129559471079 -0.736241240660 0.664201158539
outer loop
vertex 330.345001220703 142.421203613281 172.633407592773
vertex 335.599304199219 144.478195190430 173.888595581055
vertex 329.223114013672 146.941299438477 177.862594604492
endloop
endfacet
facet normal 0.169437508976 -0.716254596575 0.676956633351
outer loop
vertex 323.627593994141 152.893997192383 185.233795166016
vertex 324.250488281250 149.354293823242 181.332702636719
vertex 328.895507812500 152.432601928711 183.427093505859
endloop
endfacet
facet normal 0.175227085918 -0.754205870449 0.632826179406
outer loop
vertex 323.627593994141 152.893997192383 185.233795166016
vertex 318.624298095703 153.569793701172 187.424606323242
vertex 318.943115234375 149.534805297852 182.527404785156
endloop
endfacet
facet normal 0.178961215319 -0.671425082978 0.719139236420
outer loop
vertex 352.388000488281 154.036605834961 179.754806518555
vertex 346.501800537109 156.874694824219 183.869400024414
vertex 346.096008300781 153.071792602539 180.419799804688
endloop
endfacet
facet normal 0.148614335383 -0.673055647310 0.724506642442
outer loop
vertex 346.501800537109 156.874694824219 183.869400024414
vertex 341.038696289063 151.885894775391 180.355499267578
vertex 346.096008300781 153.071792602539 180.419799804688
endloop
endfacet
facet normal 0.112328591752 -0.767884146014 0.630663322047
outer loop
vertex 330.345001220703 142.421203613281 172.633407592773
vertex 324.681701660156 142.412002563477 173.630905151367
vertex 326.896301269531 139.095703125000 169.198593139648
endloop
endfacet
facet normal 0.083625895793 -0.751091942193 0.654879839303
outer loop
vertex 318.080291748047 141.694702148438 173.651199340820
vertex 324.681701660156 142.412002563477 173.630905151367
vertex 321.448486328125 145.787597656250 177.915298461914
endloop
endfacet
facet normal 0.121339509743 -0.770859606155 0.625341659394
outer loop
vertex 318.943115234375 149.534805297852 182.527404785156
vertex 312.661102294922 150.561294555664 185.011703491211
vertex 313.828613281250 145.531799316406 178.585296630859
endloop
endfacet
facet normal 0.082813624584 -0.750967443539 0.655125791225
outer loop
vertex 321.448486328125 145.787597656250 177.915298461914
vertex 318.943115234375 149.534805297852 182.527404785156
vertex 313.828613281250 145.531799316406 178.585296630859
endloop
endfacet
facet normal 0.057451579368 -0.785772691505 0.615841370252
outer loop
vertex 321.421295166016 139.230606079102 170.195495605469
vertex 318.080291748047 141.694702148438 173.651199340820
vertex 315.669799804688 137.740600585938 168.830902099609
endloop
endfacet
facet normal 0.088758803739 -0.798429457424 0.595510097543
outer loop
vertex 321.421295166016 139.230606079102 170.195495605469
vertex 321.102996826172 135.809799194336 165.656494140625
vertex 326.896301269531 139.095703125000 169.198593139648
endloop
endfacet
facet normal 0.065215765005 -0.799092379490 0.597660667132
outer loop
vertex 321.102996826172 135.809799194336 165.656494140625
vertex 321.421295166016 139.230606079102 170.195495605469
vertex 315.669799804688 137.740600585938 168.830902099609
endloop
endfacet
facet normal 0.061383371868 -0.786528758534 0.614495397588
outer loop
vertex 315.669799804688 137.740600585938 168.830902099609
vertex 318.080291748047 141.694702148438 173.651199340820
vertex 311.043914794922 140.461395263672 172.775497436523
endloop
endfacet
facet normal 0.024363847279 -0.822830810733 0.567763912074
outer loop
vertex 310.762390136719 132.215301513672 161.299301147461
vertex 314.410095214844 134.488296508789 164.436904907227
vertex 307.657104492188 136.009994506836 166.932006835938
endloop
endfacet
facet normal 0.036290549784 -0.828865352440 0.558269848300
outer loop
vertex 310.762390136719 132.215301513672 161.299301147461
vertex 317.006805419922 132.046798706055 160.643203735352
vertex 314.410095214844 134.488296508789 164.436904907227
endloop
endfacet
facet normal -0.932119090154 -0.236473997167 0.274288261568
outer loop
vertex 223.973297119141 215.540206909180 241.479598999023
vertex 225.224594116211 215.252899169922 245.484207153320
vertex 223.716293334961 220.450897216797 244.839904785156
endloop
endfacet
facet normal -0.280053325018 -0.642712506267 -0.713085387197
outer loop
vertex 274.814697265625 141.680694580078 227.340103149414
vertex 272.056396484375 142.757003784180 227.453292846680
vertex 273.781402587891 144.011199951172 225.645401000977
endloop
endfacet
facet normal -0.841950693769 -0.515589333559 -0.159017824105
outer loop
vertex 239.690902709961 175.819305419922 231.139892578125
vertex 243.082504272461 171.873199462891 225.977005004883
vertex 242.756698608398 170.969604492188 230.631805419922
endloop
endfacet
facet normal -0.978938017460 0.175296374032 -0.104649602119
outer loop
vertex 225.130905151367 229.462707519531 263.895812988281
vertex 225.067306518555 231.236694335938 267.462310791016
vertex 225.710998535156 234.113800048828 266.260314941406
endloop
endfacet
facet normal -0.136739044310 -0.986885464278 0.085787610745
outer loop
vertex 275.135589599609 155.485702514648 200.905502319336
vertex 279.560699462891 154.838195800781 200.509994506836
vertex 277.250000000000 155.382995605469 203.094192504883
endloop
endfacet
facet normal -0.160341362540 -0.985580654187 -0.054050176243
outer loop
vertex 273.912109375000 155.980895996094 204.354507446289
vertex 277.451599121094 155.322097778320 205.867401123047
vertex 273.750610351563 155.806594848633 208.011901855469
endloop
endfacet
facet normal -0.667421976247 0.072005024750 0.741190381773
outer loop
vertex 214.680801391602 239.108306884766 235.140304565430
vertex 213.344406127930 233.889694213867 234.443893432617
vertex 217.785995483398 235.471099853516 238.289794921875
endloop
endfacet
facet normal -0.891813301504 -0.438911302183 0.109662683154
outer loop
vertex 233.433593750000 187.289306640625 227.985595703125
vertex 235.163604736328 184.524795532227 230.990005493164
vertex 233.354095458984 188.390304565430 231.745697021484
endloop
endfacet
facet normal -0.627517769097 0.129130796561 0.767819436357
outer loop
vertex 214.680801391602 239.108306884766 235.140304565430
vertex 217.785995483398 235.471099853516 238.289794921875
vertex 219.029693603516 240.664596557617 238.432800292969
endloop
endfacet
facet normal -0.769681548653 -0.441297752598 0.461353017996
outer loop
vertex 222.467300415039 206.716003417969 229.966201782227
vertex 224.849700927734 205.956695556641 233.214492797852
vertex 222.988693237305 209.173904418945 233.187103271484
endloop
endfacet
facet normal -0.738887167507 -0.472629793000 0.480277870052
outer loop
vertex 220.671798706055 211.092803955078 231.511001586914
vertex 222.467300415039 206.716003417969 229.966201782227
vertex 222.988693237305 209.173904418945 233.187103271484
endloop
endfacet
facet normal -0.745388149355 0.160684980920 0.646975149219
outer loop
vertex 217.785995483398 235.471099853516 238.289794921875
vertex 220.782104492188 238.088806152344 241.091506958008
vertex 219.029693603516 240.664596557617 238.432800292969
endloop
endfacet
facet normal -0.554954761921 0.031179767267 0.831295996823
outer loop
vertex 209.016098022461 237.083999633789 231.434600830078
vertex 213.344406127930 233.889694213867 234.443893432617
vertex 214.680801391602 239.108306884766 235.140304565430
endloop
endfacet
facet normal -0.329812596150 -0.598626518927 -0.729979412215
outer loop
vertex 273.781402587891 144.011199951172 225.645401000977
vertex 272.056396484375 142.757003784180 227.453292846680
vertex 270.313598632813 144.949905395508 226.442398071289
endloop
endfacet
facet normal -0.999926990496 -0.001099798483 0.012033458417
outer loop
vertex 225.029403686523 226.617294311523 260.120300292969
vertex 224.996994018555 225.560302734375 257.330596923828
vertex 225.011306762695 222.503097534180 258.240509033203
endloop
endfacet
facet normal -0.993050105108 -0.109711056201 -0.042602498673
outer loop
vertex 225.713302612305 215.802795410156 252.964294433594
vertex 225.735702514648 214.575393676758 255.602996826172
vertex 225.263107299805 218.832702636719 255.655502319336
endloop
endfacet
facet normal -0.990615824442 -0.136104910042 -0.012479656560
outer loop
vertex 225.713302612305 215.802795410156 252.964294433594
vertex 225.263107299805 218.832702636719 255.655502319336
vertex 225.238403320313 219.231704711914 253.264892578125
endloop
endfacet
facet normal -0.112544669578 -0.663313948704 -0.739829914781
outer loop
vertex 282.672210693359 144.678298950195 223.069793701172
vertex 279.050201416016 145.600906372070 222.793594360352
vertex 281.912292480469 146.948593139648 221.149902343750
endloop
endfacet
facet normal -0.977659810474 -0.186177679967 -0.097566215797
outer loop
vertex 226.503295898438 211.284500122070 252.545700073242
vertex 227.476394653320 207.846206665039 249.355804443359
vertex 227.562393188477 205.777603149414 252.441406250000
endloop
endfacet
facet normal -0.968873795420 -0.210635782930 -0.130062044805
outer loop
vertex 227.562393188477 205.777603149414 252.441406250000
vertex 228.646697998047 203.146102905273 248.625793457031
vertex 229.295806884766 199.477798461914 249.731201171875
endloop
endfacet
facet normal -0.133996419104 -0.629909356974 -0.765022327559
outer loop
vertex 279.050201416016 145.600906372070 222.793594360352
vertex 280.102111816406 143.715103149414 224.162094116211
vertex 277.995086669922 143.932800292969 224.351898193359
endloop
endfacet
facet normal -0.134619353112 -0.653577146334 -0.744791610827
outer loop
vertex 280.102111816406 143.715103149414 224.162094116211
vertex 278.485198974609 142.108596801758 225.864105224609
vertex 277.995086669922 143.932800292969 224.351898193359
endloop
endfacet
facet normal -0.362505803426 -0.612084616515 -0.702810048810
outer loop
vertex 272.056396484375 142.757003784180 227.453292846680
vertex 269.911499023438 142.690307617188 228.617706298828
vertex 270.313598632813 144.949905395508 226.442398071289
endloop
endfacet
facet normal -0.185359719489 -0.701576062141 -0.688064534344
outer loop
vertex 278.917205810547 138.091903686523 229.490295410156
vertex 276.614196777344 136.514099121094 231.719497680664
vertex 276.311187744141 138.266799926758 230.014007568359
endloop
endfacet
facet normal -0.180614070846 -0.705137147983 -0.685682258737
outer loop
vertex 280.326599121094 135.855804443359 231.418594360352
vertex 276.614196777344 136.514099121094 231.719497680664
vertex 278.917205810547 138.091903686523 229.490295410156
endloop
endfacet
facet normal 0.531858371991 -0.820887872893 -0.208013875211
outer loop
vertex 314.193206787109 159.954895019531 213.684402465820
vertex 318.886199951172 162.728302001953 214.738906860352
vertex 317.036590576172 160.794204711914 217.642303466797
endloop
endfacet
facet normal 0.432369542596 -0.859140751508 -0.273740292492
outer loop
vertex 310.802093505859 157.936203002930 214.663894653320
vertex 314.193206787109 159.954895019531 213.684402465820
vertex 312.988006591797 158.083602905273 217.653900146484
endloop
endfacet
facet normal 0.306630015282 -0.905733483629 -0.292617310426
outer loop
vertex 304.650512695313 156.282592773438 211.085403442383
vertex 305.580413818359 155.279205322266 215.165603637695
vertex 302.072113037109 154.491104125977 213.928695678711
endloop
endfacet
facet normal 0.521003825253 -0.852861148814 0.034392948628
outer loop
vertex 317.101409912109 161.944396972656 211.140396118164
vertex 318.431213378906 162.612701416016 207.568099975586
vertex 321.188201904297 164.454605102539 211.478393554688
endloop
endfacet
facet normal 0.076641619018 -0.902043351333 -0.424786834248
outer loop
vertex 293.890289306641 153.472106933594 211.855194091797
vertex 294.445800781250 151.663894653320 215.795196533203
vertex 289.614196777344 151.824600219727 214.582199096680
endloop
endfacet
facet normal 0.170777910813 -0.906973656795 -0.385011286924
outer loop
vertex 299.259613037109 154.676605224609 211.399398803711
vertex 298.386413574219 153.142196655273 214.626693725586
vertex 293.890289306641 153.472106933594 211.855194091797
endloop
endfacet
facet normal 0.101770844033 -0.991723761732 -0.078273084268
outer loop
vertex 293.863006591797 154.857101440430 204.075805664063
vertex 292.128906250000 154.430892944336 207.221206665039
vertex 290.095886230469 154.540298461914 203.191696166992
endloop
endfacet
facet normal 0.739831617501 -0.665191724061 0.100842193486
outer loop
vertex 334.730987548828 176.912094116211 218.857894897461
vertex 331.746612548828 173.443099975586 217.870101928711
vertex 334.066192626953 175.586593627930 214.991699218750
endloop
endfacet
facet normal 0.676652807849 -0.643423103243 0.357977216933
outer loop
vertex 344.736785888672 185.236099243164 210.832199096680
vertex 346.226593017578 187.895599365234 212.796295166016
vertex 342.964385986328 185.308807373047 214.313095092773
endloop
endfacet
facet normal 0.666093331916 -0.676185908162 0.314789279964
outer loop
vertex 341.457305908203 181.470901489258 209.872497558594
vertex 339.928497314453 181.164505004883 212.449295043945
vertex 339.020385742188 179.454193115234 210.697006225586
endloop
endfacet
facet normal 0.704011587686 -0.696020765849 0.141148070872
outer loop
vertex 334.066192626953 175.586593627930 214.991699218750
vertex 333.806701660156 174.667602539063 211.754302978516
vertex 336.928985595703 177.945602416992 212.345397949219
endloop
endfacet
facet normal 0.574403710111 -0.812363529738 0.100627398666
outer loop
vertex 326.065185546875 167.956893920898 211.913406372070
vertex 321.188201904297 164.454605102539 211.478393554688
vertex 323.517303466797 165.597000122070 207.405899047852
endloop
endfacet
facet normal 0.686840590328 -0.707484778546 0.166479102601
outer loop
vertex 332.277191162109 172.558395385742 209.101104736328
vertex 333.806701660156 174.667602539063 211.754302978516
vertex 330.691497802734 171.982406616211 213.195404052734
endloop
endfacet
facet normal 0.453502139425 -0.496235088424 0.740328674680
outer loop
vertex 363.938690185547 218.221801757813 226.886001586914
vertex 367.012390136719 216.635406494141 223.939804077148
vertex 369.380310058594 220.706802368164 225.218307495117
endloop
endfacet
facet normal 0.547068912549 -0.416867635033 0.725904249735
outer loop
vertex 358.931488037109 216.984893798828 229.949295043945
vertex 363.938690185547 218.221801757813 226.886001586914
vertex 361.818206787109 220.990203857422 230.073898315430
endloop
endfacet
facet normal 0.728634700205 -0.579893042024 0.364438655289
outer loop
vertex 346.705902099609 193.741394042969 221.251495361328
vertex 348.948303222656 196.867797851563 221.742904663086
vertex 346.869201660156 195.829193115234 224.247100830078
endloop
endfacet
facet normal 0.607923748140 -0.549584211035 0.573049658781
outer loop
vertex 355.741302490234 208.009994506836 225.414001464844
vertex 353.789306640625 204.405197143555 224.027603149414
vertex 357.398712158203 206.250305175781 221.968093872070
endloop
endfacet
facet normal 0.317414961057 -0.565879652692 0.760938868219
outer loop
vertex 364.739288330078 208.927902221680 219.239196777344
vertex 369.431091308594 210.156997680664 218.196105957031
vertex 367.145690917969 213.115295410156 221.349395751953
endloop
endfacet
facet normal 0.788040024005 -0.588270794595 0.181467332578
outer loop
vertex 337.719696044922 180.915893554688 220.063201904297
vertex 341.143585205078 185.251205444336 219.248596191406
vertex 339.902496337891 185.017303466797 223.879898071289
endloop
endfacet
facet normal 0.660325568742 -0.664378749746 0.350101442660
outer loop
vertex 341.457305908203 181.470901489258 209.872497558594
vertex 344.736785888672 185.236099243164 210.832199096680
vertex 342.964385986328 185.308807373047 214.313095092773
endloop
endfacet
facet normal 0.788010917796 -0.588151591627 0.181979390868
outer loop
vertex 341.143585205078 185.251205444336 219.248596191406
vertex 337.719696044922 180.915893554688 220.063201904297
vertex 339.206695556641 181.551895141602 215.679702758789
endloop
endfacet
facet normal 0.645261297134 -0.715549981102 0.267630497079
outer loop
vertex 335.095092773438 175.295501708984 209.681503295898
vertex 337.741485595703 177.213699340820 208.429595947266
vertex 336.928985595703 177.945602416992 212.345397949219
endloop
endfacet
facet normal 0.315284713699 -0.594821332473 0.739447856000
outer loop
vertex 366.959014892578 205.934600830078 215.884902954102
vertex 364.739288330078 208.927902221680 219.239196777344
vertex 363.209503173828 205.424392700195 217.073196411133
endloop
endfacet
facet normal 0.585033753261 -0.810217189809 -0.035827543640
outer loop
vertex 323.201110839844 165.703201293945 216.111297607422
vertex 321.188201904297 164.454605102539 211.478393554688
vertex 326.065185546875 167.956893920898 211.913406372070
endloop
endfacet
facet normal 0.327213546808 -0.915705830421 0.233268358158
outer loop
vertex 315.463012695313 160.526992797852 203.524505615234
vertex 312.094085693359 158.794006347656 201.447296142578
vertex 314.546600341797 159.201293945313 199.605895996094
endloop
endfacet
facet normal 0.368249408332 -0.903439297488 0.219521773449
outer loop
vertex 315.463012695313 160.526992797852 203.524505615234
vertex 314.546600341797 159.201293945313 199.605895996094
vertex 318.411712646484 160.898605346680 200.107406616211
endloop
endfacet
facet normal 0.420914614408 -0.866294340529 0.269007440316
outer loop
vertex 320.563385009766 163.051300048828 203.673095703125
vertex 315.463012695313 160.526992797852 203.524505615234
vertex 318.411712646484 160.898605346680 200.107406616211
endloop
endfacet
facet normal 0.436047062414 -0.889191451201 0.138569558244
outer loop
vertex 318.431213378906 162.612701416016 207.568099975586
vertex 315.463012695313 160.526992797852 203.524505615234
vertex 320.563385009766 163.051300048828 203.673095703125
endloop
endfacet
facet normal -0.190399411482 -0.635552990881 0.748211507456
outer loop
vertex 219.727798461914 159.541595458984 184.331695556641
vertex 215.599197387695 164.588302612305 187.567901611328
vertex 212.615997314453 161.458602905273 184.150299072266
endloop
endfacet
facet normal -0.178330178090 -0.630373344292 0.755531464857
outer loop
vertex 215.599197387695 164.588302612305 187.567901611328
vertex 219.727798461914 159.541595458984 184.331695556641
vertex 221.983993530273 162.188903808594 187.072998046875
endloop
endfacet
facet normal -0.170389377554 -0.612600222015 0.771808543619
outer loop
vertex 215.599197387695 164.588302612305 187.567901611328
vertex 221.983993530273 162.188903808594 187.072998046875
vertex 218.445602416992 167.906600952148 190.830093383789
endloop
endfacet
facet normal -0.200119238496 -0.608922439497 0.767571334184
outer loop
vertex 217.087097167969 174.228302001953 195.458892822266
vertex 219.518005371094 176.669494628906 198.029296875000
vertex 215.616699218750 177.999801635742 198.067504882813
endloop
endfacet
facet normal -0.027034553575 -0.817053530792 0.575927652343
outer loop
vertex 253.908096313477 122.136199951172 145.880096435547
vertex 254.811294555664 123.509101867676 147.870193481445
vertex 247.648895263672 125.236503601074 149.984603881836
endloop
endfacet
facet normal -0.231967528126 -0.631359978521 0.739983542666
outer loop
vertex 219.518005371094 176.669494628906 198.029296875000
vertex 226.531997680664 173.991104125977 197.942794799805
vertex 219.383102416992 180.337997436523 201.117004394531
endloop
endfacet
facet normal -0.380965757250 -0.704973122885 0.598229042937
outer loop
vertex 229.533493041992 178.788497924805 204.677505493164
vertex 223.620697021484 180.926498413086 203.431594848633
vertex 230.576599121094 174.922195434570 200.785598754883
endloop
endfacet
facet normal -0.376512564927 -0.666022572830 0.643934950855
outer loop
vertex 223.620697021484 180.926498413086 203.431594848633
vertex 229.533493041992 178.788497924805 204.677505493164
vertex 225.360198974609 182.894302368164 206.483993530273
endloop
endfacet
facet normal -0.437924666959 -0.695669248683 0.569443836129
outer loop
vertex 225.360198974609 182.894302368164 206.483993530273
vertex 229.533493041992 178.788497924805 204.677505493164
vertex 228.043594360352 182.597305297852 208.184799194336
endloop
endfacet
facet normal -0.468964866989 -0.683571710318 0.559286751482
outer loop
vertex 228.043594360352 182.597305297852 208.184799194336
vertex 226.152404785156 186.836700439453 211.780502319336
vertex 224.325302124023 185.784301757813 208.962203979492
endloop
endfacet
facet normal -0.525278516252 -0.674422199491 0.518880696498
outer loop
vertex 226.152404785156 186.836700439453 211.780502319336
vertex 228.043594360352 182.597305297852 208.184799194336
vertex 229.921798706055 182.720199584961 210.245895385742
endloop
endfacet
facet normal 0.499741980264 -0.216457338476 0.838691942123
outer loop
vertex 364.306396484375 232.026702880859 232.393493652344
vertex 365.334899902344 227.965499877930 230.732498168945
vertex 369.308410644531 232.160003662109 229.447402954102
endloop
endfacet
facet normal 0.545700671038 -0.154671954571 0.823582032403
outer loop
vertex 364.306396484375 232.026702880859 232.393493652344
vertex 360.579895019531 233.698898315430 235.176696777344
vertex 361.354888916016 229.025497436523 233.785507202148
endloop
endfacet
facet normal 0.294022593311 -0.068029445407 0.953374380388
outer loop
vertex 380.417297363281 231.858398437500 224.601501464844
vertex 386.724212646484 233.833801269531 222.797393798828
vertex 380.596008300781 236.665496826172 224.889404296875
endloop
endfacet
facet normal 0.377759523839 -0.069341512608 0.923303577800
outer loop
vertex 380.417297363281 231.858398437500 224.601501464844
vertex 380.596008300781 236.665496826172 224.889404296875
vertex 375.178894042969 234.655502319336 226.954803466797
endloop
endfacet
facet normal 0.447741176621 0.032754037150 0.893563098952
outer loop
vertex 370.634490966797 237.227600097656 229.137603759766
vertex 375.178894042969 234.655502319336 226.954803466797
vertex 375.193298339844 240.154907226563 226.746002197266
endloop
endfacet
facet normal 0.480281472309 -0.072240492923 0.874134439625
outer loop
vertex 369.308410644531 232.160003662109 229.447402954102
vertex 370.634490966797 237.227600097656 229.137603759766
vertex 365.001007080078 237.015304565430 232.215301513672
endloop
endfacet
facet normal 0.336718815837 -0.151305563754 0.929369176075
outer loop
vertex 380.417297363281 231.858398437500 224.601501464844
vertex 375.178894042969 234.655502319336 226.954803466797
vertex 374.905792236328 229.389999389648 226.196502685547
endloop
endfacet
facet normal 0.334650031583 0.028359816336 0.941915642284
outer loop
vertex 386.724212646484 233.833801269531 222.797393798828
vertex 385.264801025391 238.586502075195 223.172805786133
vertex 380.596008300781 236.665496826172 224.889404296875
endloop
endfacet
facet normal 0.439842734387 -0.150322754119 0.885404675050
outer loop
vertex 375.178894042969 234.655502319336 226.954803466797
vertex 369.308410644531 232.160003662109 229.447402954102
vertex 374.905792236328 229.389999389648 226.196502685547
endloop
endfacet
facet normal 0.317851237214 -0.304412188529 0.897944213455
outer loop
vertex 374.905792236328 229.389999389648 226.196502685547
vertex 374.569610595703 224.205505371094 224.557907104492
vertex 380.099609375000 226.720703125000 223.453094482422
endloop
endfacet
facet normal 0.433622636937 0.242787708693 0.867770440406
outer loop
vertex 366.458099149117 245.771391174732 229.562487127557
vertex 368.522613525391 241.758499145508 229.653594970703
vertex 372.224212646484 245.628692626953 226.721099853516
endloop
endfacet
facet normal 0.433622636937 0.242787708693 0.867770440406
outer loop
vertex 366.458099149117 245.771391174732 229.562487127557
vertex 372.224212646484 245.628692626953 226.721099853516
vertex 370.009094476700 245.814532041550 227.775993882663
endloop
endfacet
facet normal 0.435832344950 0.240349654478 0.867342037888
outer loop
vertex 368.522613525391 241.758499145508 229.653594970703
vertex 375.193298339844 240.154907226563 226.746002197266
vertex 372.224212646484 245.628692626953 226.721099853516
endloop
endfacet
facet normal 0.367517272132 0.203476878535 0.907484553360
outer loop
vertex 372.224212646484 245.628692626953 226.721099853516
vertex 375.193298339844 240.154907226563 226.746002197266
vertex 378.460693359375 244.095001220703 224.539306640625
endloop
endfacet
facet normal 0.352768803069 0.217201556223 0.910152545212
outer loop
vertex 378.460693359375 244.095001220703 224.539306640625
vertex 375.193298339844 240.154907226563 226.746002197266
vertex 380.767913818359 240.482696533203 224.507095336914
endloop
endfacet
facet normal 0.351463350086 0.188177497584 0.917094729540
outer loop
vertex 385.264801025391 238.586502075195 223.172805786133
vertex 384.323394775391 242.543304443359 222.721694946289
vertex 380.767913818359 240.482696533203 224.507095336914
endloop
endfacet
facet normal 0.582458899660 -0.052125820729 0.811187110980
outer loop
vertex 360.579895019531 233.698898315430 235.176696777344
vertex 364.306396484375 232.026702880859 232.393493652344
vertex 365.001007080078 237.015304565430 232.215301513672
endloop
endfacet
facet normal 0.558420953918 -0.799409520164 0.221608793363
outer loop
vertex 324.822998046875 165.407592773438 203.432495117188
vertex 326.673309326172 167.339401245117 205.738601684570
vertex 323.517303466797 165.597000122070 207.405899047852
endloop
endfacet
facet normal 0.408689815596 -0.051238489940 0.911233917157
outer loop
vertex 369.308410644531 232.160003662109 229.447402954102
vertex 375.178894042969 234.655502319336 226.954803466797
vertex 370.634490966797 237.227600097656 229.137603759766
endloop
endfacet
facet normal 0.273988961691 -0.225899646183 0.934825865456
outer loop
vertex 384.924194335938 229.400405883789 222.686599731445
vertex 380.417297363281 231.858398437500 224.601501464844
vertex 380.099609375000 226.720703125000 223.453094482422
endloop
endfacet
facet normal 0.337181420117 -0.359065488808 0.870276200223
outer loop
vertex 380.099609375000 226.720703125000 223.453094482422
vertex 374.569610595703 224.205505371094 224.557907104492
vertex 378.748596191406 222.206207275391 222.113906860352
endloop
endfacet
facet normal 0.507882400714 -0.039980440902 0.860498129800
outer loop
vertex 364.306396484375 232.026702880859 232.393493652344
vertex 369.308410644531 232.160003662109 229.447402954102
vertex 365.001007080078 237.015304565430 232.215301513672
endloop
endfacet
facet normal 0.314600754261 0.080558015540 0.945799540891
outer loop
vertex 380.596008300781 236.665496826172 224.889404296875
vertex 385.264801025391 238.586502075195 223.172805786133
vertex 380.767913818359 240.482696533203 224.507095336914
endloop
endfacet
facet normal 0.416208274316 0.090966430349 0.904707566532
outer loop
vertex 370.634490966797 237.227600097656 229.137603759766
vertex 375.193298339844 240.154907226563 226.746002197266
vertex 368.522613525391 241.758499145508 229.653594970703
endloop
endfacet
facet normal 0.246866474140 -0.120915124988 0.961476196530
outer loop
vertex 386.724212646484 233.833801269531 222.797393798828
vertex 389.020294189453 230.395095825195 221.775405883789
vertex 390.350402832031 232.193801879883 221.660095214844
endloop
endfacet
facet normal 0.339578125322 0.208714311952 0.917128689328
outer loop
vertex 384.323394775391 242.543304443359 222.721694946289
vertex 378.460693359375 244.095001220703 224.539306640625
vertex 380.767913818359 240.482696533203 224.507095336914
endloop
endfacet
facet normal 0.344771132580 0.034712618234 0.938044721895
outer loop
vertex 375.178894042969 234.655502319336 226.954803466797
vertex 380.596008300781 236.665496826172 224.889404296875
vertex 375.193298339844 240.154907226563 226.746002197266
endloop
endfacet
facet normal 0.472420655540 0.120771499802 0.873059544965
outer loop
vertex 365.001007080078 237.015304565430 232.215301513672
vertex 370.634490966797 237.227600097656 229.137603759766
vertex 368.522613525391 241.758499145508 229.653594970703
endloop
endfacet
facet normal 0.433622636937 0.242787708693 0.867770440406
outer loop
vertex 372.224212646484 245.628692626953 226.721099853516
vertex 371.383961805278 245.827546994956 227.085334879698
vertex 370.009094476700 245.814532041550 227.775993882663
endloop
endfacet
facet normal 0.483574655004 0.109956982237 0.868369169821
outer loop
vertex 362.432586669922 242.970703125000 232.891494750977
vertex 365.001007080078 237.015304565430 232.215301513672
vertex 368.522613525391 241.758499145508 229.653594970703
endloop
endfacet
facet normal 0.411206662685 -0.298840999186 0.861163827485
outer loop
vertex 374.569610595703 224.205505371094 224.557907104492
vertex 374.905792236328 229.389999389648 226.196502685547
vertex 369.813293457031 226.322799682617 227.563796997070
endloop
endfacet
facet normal 0.367740595478 0.076261615836 0.926796105078
outer loop
vertex 375.193298339844 240.154907226563 226.746002197266
vertex 380.596008300781 236.665496826172 224.889404296875
vertex 380.767913818359 240.482696533203 224.507095336914
endloop
endfacet
facet normal 0.566677001467 -0.184879692892 0.802930056209
outer loop
vertex 365.334899902344 227.965499877930 230.732498168945
vertex 364.306396484375 232.026702880859 232.393493652344
vertex 361.354888916016 229.025497436523 233.785507202148
endloop
endfacet
facet normal 0.506516446151 -0.224799547232 0.832409907043
outer loop
vertex 369.308410644531 232.160003662109 229.447402954102
vertex 365.334899902344 227.965499877930 230.732498168945
vertex 369.813293457031 226.322799682617 227.563796997070
endloop
endfacet
facet normal 0.278081147203 -0.393110971752 0.876432906421
outer loop
vertex 382.297607421875 220.916107177734 220.409194946289
vertex 382.172912597656 223.772598266602 221.729995727539
vertex 378.748596191406 222.206207275391 222.113906860352
endloop
endfacet
facet normal 0.265752924240 -0.340293707676 0.901984243640
outer loop
vertex 382.172912597656 223.772598266602 221.729995727539
vertex 384.839202880859 225.712799072266 221.676406860352
vertex 380.099609375000 226.720703125000 223.453094482422
endloop
endfacet
facet normal 0.259005686688 -0.345115251761 0.902115024409
outer loop
vertex 382.172912597656 223.772598266602 221.729995727539
vertex 380.099609375000 226.720703125000 223.453094482422
vertex 378.748596191406 222.206207275391 222.113906860352
endloop
endfacet
facet normal 0.290241436099 -0.259051776958 0.921223146488
outer loop
vertex 384.839202880859 225.712799072266 221.676406860352
vertex 384.924194335938 229.400405883789 222.686599731445
vertex 380.099609375000 226.720703125000 223.453094482422
endloop
endfacet
facet normal 0.389675391966 -0.252123998122 0.885768919339
outer loop
vertex 374.905792236328 229.389999389648 226.196502685547
vertex 369.308410644531 232.160003662109 229.447402954102
vertex 369.813293457031 226.322799682617 227.563796997070
endloop
endfacet
facet normal 0.315413380361 -0.151473141346 0.936787215402
outer loop
vertex 384.924194335938 229.400405883789 222.686599731445
vertex 386.724212646484 233.833801269531 222.797393798828
vertex 380.417297363281 231.858398437500 224.601501464844
endloop
endfacet
facet normal 0.362367959438 -0.224601188558 0.904568277175
outer loop
vertex 380.417297363281 231.858398437500 224.601501464844
vertex 374.905792236328 229.389999389648 226.196502685547
vertex 380.099609375000 226.720703125000 223.453094482422
endloop
endfacet
facet normal 0.243876558482 -0.123057497158 0.961967294983
outer loop
vertex 389.020294189453 230.395095825195 221.775405883789
vertex 386.724212646484 233.833801269531 222.797393798828
vertex 384.924194335938 229.400405883789 222.686599731445
endloop
endfacet
facet normal -0.509698949454 -0.695852058162 0.505961356308
outer loop
vertex 229.921798706055 182.720199584961 210.245895385742
vertex 228.043594360352 182.597305297852 208.184799194336
vertex 233.024795532227 178.356002807617 207.369705200195
endloop
endfacet
facet normal -0.590120468740 -0.692769806479 0.414521202843
outer loop
vertex 232.813598632813 181.109603881836 211.671005249023
vertex 229.921798706055 182.720199584961 210.245895385742
vertex 233.024795532227 178.356002807617 207.369705200195
endloop
endfacet
facet normal 0.635393512583 -0.771952895249 0.019073848162
outer loop
vertex 323.201110839844 165.703201293945 216.111297607422
vertex 326.065185546875 167.956893920898 211.913406372070
vertex 327.827911376953 169.544204711914 217.434295654297
endloop
endfacet
facet normal 0.730139010365 -0.679623675737 -0.070772063142
outer loop
vertex 327.827911376953 169.544204711914 217.434295654297
vertex 330.268798828125 171.795196533203 221.000106811523
vertex 327.897094726563 169.136596679688 222.062301635742
endloop
endfacet
facet normal 0.714567645941 -0.697273539864 0.056592313782
outer loop
vertex 334.066192626953 175.586593627930 214.991699218750
vertex 331.746612548828 173.443099975586 217.870101928711
vertex 330.691497802734 171.982406616211 213.195404052734
endloop
endfacet
facet normal -0.191278587909 -0.639124358836 0.744937954296
outer loop
vertex 219.727798461914 159.541595458984 184.331695556641
vertex 212.615997314453 161.458602905273 184.150299072266
vertex 217.484298706055 158.005004882813 182.437301635742
endloop
endfacet
facet normal 0.525709151865 -0.660778201244 0.535725728713
outer loop
vertex 351.523803710938 192.375595092773 212.371704101563
vertex 354.838592529297 195.886306762695 213.449096679688
vertex 351.648712158203 195.074798583984 215.578399658203
endloop
endfacet
facet normal 0.608737532389 -0.637282784415 0.472556101802
outer loop
vertex 346.226593017578 187.895599365234 212.796295166016
vertex 348.341888427734 187.791107177734 209.930496215820
vertex 348.744201660156 191.138504028320 213.926498413086
endloop
endfacet
facet normal 0.551085683584 -0.811263455912 0.195336055172
outer loop
vertex 323.517303466797 165.597000122070 207.405899047852
vertex 326.673309326172 167.339401245117 205.738601684570
vertex 327.003692626953 168.157592773438 208.204605102539
endloop
endfacet
facet normal 0.459451173170 -0.334550806378 0.822788172876
outer loop
vertex 369.813293457031 226.322799682617 227.563796997070
vertex 365.334899902344 227.965499877930 230.732498168945
vertex 365.360595703125 223.205001831055 228.782501220703
endloop
endfacet
facet normal 0.432299152631 -0.600422192531 0.672763430450
outer loop
vertex 361.334899902344 210.969406127930 222.855102539063
vertex 363.274200439453 211.382904052734 221.977996826172
vertex 361.780212402344 212.372299194336 223.820999145508
endloop
endfacet
facet normal 0.482930155113 -0.852667453376 0.199340611103
outer loop
vertex 320.563385009766 163.051300048828 203.673095703125
vertex 324.822998046875 165.407592773438 203.432495117188
vertex 323.517303466797 165.597000122070 207.405899047852
endloop
endfacet
facet normal 0.749590936834 -0.641988230860 0.161135157099
outer loop
vertex 339.206695556641 181.551895141602 215.679702758789
vertex 337.719696044922 180.915893554688 220.063201904297
vertex 336.526489257813 178.583099365234 216.319702148438
endloop
endfacet
facet normal -0.122573731354 -0.842287378812 0.524907279313
outer loop
vertex 264.927001953125 152.865097045898 189.263000488281
vertex 267.326904296875 150.327697753906 185.751800537109
vertex 269.102508544922 152.124404907227 189.049499511719
endloop
endfacet
facet normal 0.666401379512 -0.683004319503 0.299022241520
outer loop
vertex 337.741485595703 177.213699340820 208.429595947266
vertex 341.457305908203 181.470901489258 209.872497558594
vertex 339.020385742188 179.454193115234 210.697006225586
endloop
endfacet
facet normal -0.254747532432 -0.905054502517 -0.340558426989
outer loop
vertex 269.297393798828 156.448303222656 211.226593017578
vertex 274.708587646484 154.846405029297 211.436004638672
vertex 271.894287109375 154.669998168945 214.009994506836
endloop
endfacet
facet normal -0.051273008323 -0.823388561265 0.565156930237
outer loop
vertex 251.067398071289 130.664093017578 157.981292724609
vertex 244.987899780273 129.826202392578 156.208999633789
vertex 252.085800170898 126.806098937988 152.452896118164
endloop
endfacet
facet normal 0.000553814036 -0.797543098182 0.603261717526
outer loop
vertex 245.039225334149 123.604130262301 147.828917916064
vertex 247.648895263672 125.236503601074 149.984603881836
vertex 244.329099720967 123.901806993986 148.223113823857
endloop
endfacet
facet normal 0.568890779584 -0.657738683100 0.493703459232
outer loop
vertex 348.341888427734 187.791107177734 209.930496215820
vertex 351.523803710938 192.375595092773 212.371704101563
vertex 348.744201660156 191.138504028320 213.926498413086
endloop
endfacet
facet normal 0.485053953954 -0.640650571849 0.595222232903
outer loop
vertex 353.867889404297 191.499206542969 209.518203735352
vertex 354.838592529297 195.886306762695 213.449096679688
vertex 351.523803710938 192.375595092773 212.371704101563
endloop
endfacet
facet normal 0.388319790173 -0.642466972723 0.660639031181
outer loop
vertex 358.774597167969 196.705902099609 211.610992431641
vertex 362.732696533203 201.662597656250 214.104797363281
vertex 358.265899658203 200.050292968750 215.162399291992
endloop
endfacet
facet normal 0.306383687389 -0.530905162410 0.790106793180
outer loop
vertex 370.905792236328 213.462295532227 219.945098876953
vertex 374.205108642578 215.387893676758 219.959594726563
vertex 370.522003173828 216.516403198242 222.146102905273
endloop
endfacet
facet normal -0.046320184893 -0.829020655508 0.557296324421
outer loop
vertex 256.960998535156 132.250198364258 160.830596923828
vertex 251.067398071289 130.664093017578 157.981292724609
vertex 263.838897705078 127.272399902344 153.997406005859
endloop
endfacet
facet normal -0.069418262796 -0.839276978492 0.539254353866
outer loop
vertex 272.455291748047 150.146499633789 186.319503784180
vertex 269.951293945313 148.317001342773 183.149795532227
vertex 273.409088134766 147.409301757813 182.182205200195
endloop
endfacet
facet normal -0.074955862455 -0.863302252072 0.499090012174
outer loop
vertex 276.541503906250 150.897598266602 188.232406616211
vertex 272.455291748047 150.146499633789 186.319503784180
vertex 277.691009521484 148.382995605469 184.055404663086
endloop
endfacet
facet normal -0.267912355939 -0.895921734422 -0.354326424819
outer loop
vertex 274.708587646484 154.846405029297 211.436004638672
vertex 275.568511962891 153.319900512695 214.645599365234
vertex 271.894287109375 154.669998168945 214.009994506836
endloop
endfacet
facet normal -0.444093898366 -0.895967819117 -0.004719802973
outer loop
vertex 256.837402343750 162.086807250977 211.638397216797
vertex 255.475906372070 162.779602050781 208.229400634766
vertex 261.063201904297 160.008193969727 208.612594604492
endloop
endfacet
facet normal -0.368266685229 -0.921410993216 -0.124021893754
outer loop
vertex 264.200805664063 158.308303833008 211.925094604492
vertex 261.063201904297 160.008193969727 208.612594604492
vertex 265.888214111328 158.059799194336 208.760803222656
endloop
endfacet
facet normal -0.395587674491 -0.861696979503 -0.317787204441
outer loop
vertex 265.984100341797 156.998901367188 214.000305175781
vertex 268.387603759766 155.419097900391 215.292098999023
vertex 264.830413818359 156.563995361328 216.615707397461
endloop
endfacet
facet normal -0.401315330032 -0.862542962361 -0.308164962258
outer loop
vertex 269.297393798828 156.448303222656 211.226593017578
vertex 268.387603759766 155.419097900391 215.292098999023
vertex 265.984100341797 156.998901367188 214.000305175781
endloop
endfacet
facet normal -0.422575491814 -0.845295317785 -0.326964492643
outer loop
vertex 263.163909912109 158.062103271484 214.896499633789
vertex 265.984100341797 156.998901367188 214.000305175781
vertex 264.830413818359 156.563995361328 216.615707397461
endloop
endfacet
facet normal -0.454948403171 -0.860293010285 -0.230038881295
outer loop
vertex 263.163909912109 158.062103271484 214.896499633789
vertex 259.767791748047 160.092605590820 214.019393920898
vertex 264.200805664063 158.308303833008 211.925094604492
endloop
endfacet
facet normal -0.266261881851 -0.957062232143 0.114614545670
outer loop
vertex 265.518310546875 157.833206176758 202.134002685547
vertex 267.684600830078 157.456100463867 204.017593383789
vertex 265.355102539063 158.307998657227 205.719497680664
endloop
endfacet
facet normal -0.246514424798 -0.943688488623 0.220641507443
outer loop
vertex 270.353210449219 156.519195556641 201.915802001953
vertex 265.518310546875 157.833206176758 202.134002685547
vertex 267.828491210938 156.346801757813 198.357696533203
endloop
endfacet
facet normal 0.851739378237 -0.434781504169 0.292412508611
outer loop
vertex 346.872894287109 201.158401489258 232.147994995117
vertex 346.067199707031 200.429000854492 233.410293579102
vertex 346.153015136719 199.120193481445 231.214294433594
endloop
endfacet
facet normal 0.939546539917 -0.327194664288 0.100975001818
outer loop
vertex 343.578002929688 197.621704101563 241.287002563477
vertex 342.181488037109 192.931900024414 239.084594726563
vertex 343.864501953125 197.249801635742 237.416107177734
endloop
endfacet
facet normal 0.918098124485 -0.388483211045 0.078591529783
outer loop
vertex 342.181488037109 192.931900024414 239.084594726563
vertex 340.239105224609 187.576904296875 235.305206298828
vertex 342.599487304688 192.866806030273 233.879806518555
endloop
endfacet
facet normal 0.938791899489 -0.335165238732 0.079586633293
outer loop
vertex 343.864501953125 197.249801635742 237.416107177734
vertex 342.181488037109 192.931900024414 239.084594726563
vertex 342.599487304688 192.866806030273 233.879806518555
endloop
endfacet
facet normal 0.907614595263 -0.419080780111 0.024638307719
outer loop
vertex 340.239105224609 187.576904296875 235.305206298828
vertex 337.632507324219 181.824600219727 233.483093261719
vertex 339.167510986328 184.988204956055 230.748092651367
endloop
endfacet
facet normal 0.822312073130 -0.473563408395 0.315500479578
outer loop
vertex 348.291107177734 202.218795776367 230.292602539063
vertex 346.153015136719 199.120193481445 231.214294433594
vertex 346.881195068359 198.101806640625 227.787796020508
endloop
endfacet
facet normal 0.934143827311 0.356415546514 0.018527495775
outer loop
vertex 343.149688720703 240.734207153320 263.822601318359
vertex 342.361297607422 242.748794555664 264.817901611328
vertex 343.531494140625 239.631896972656 265.777496337891
endloop
endfacet
facet normal 0.994851227149 0.090350467110 0.045911098157
outer loop
vertex 346.561187744141 228.085601806641 258.136291503906
vertex 346.649291992188 226.065093994141 260.203399658203
vertex 346.874603271484 224.992004394531 257.432891845703
endloop
endfacet
facet normal 0.917336972793 0.361825914630 -0.166056875346
outer loop
vertex 344.606811523438 238.002807617188 271.571594238281
vertex 343.140991210938 242.195297241211 272.609191894531
vertex 345.402709960938 237.729400634766 275.372589111328
endloop
endfacet
facet normal 0.983450565502 0.118066951794 0.137423360850
outer loop
vertex 346.216308593750 230.349197387695 258.659606933594
vertex 346.561187744141 228.085601806641 258.136291503906
vertex 346.489013671875 230.691894531250 256.413604736328
endloop
endfacet
facet normal -0.502108076672 -0.743700217805 0.441358658437
outer loop
vertex 236.119400024414 173.841598510742 203.632995605469
vertex 238.915298461914 170.687500000000 201.498992919922
vertex 240.070999145508 171.112792968750 203.530395507813
endloop
endfacet
facet normal 0.987860423912 0.103766885930 0.115603703458
outer loop
vertex 346.489013671875 230.691894531250 256.413604736328
vertex 346.561187744141 228.085601806641 258.136291503906
vertex 347.035614013672 226.590194702148 255.424499511719
endloop
endfacet
facet normal -0.220133794048 -0.036660237478 0.974780559770
outer loop
vertex 171.451339551738 228.795051862760 217.328694978644
vertex 175.030700683594 232.615493774414 218.280700683594
vertex 171.470046043396 229.331299662590 217.353087035331
endloop
endfacet
facet normal -0.376380405391 -0.701737916944 0.604898079316
outer loop
vertex 230.576599121094 174.922195434570 200.785598754883
vertex 234.199401855469 169.364807128906 196.592697143555
vertex 236.189407348633 171.287994384766 200.061996459961
endloop
endfacet
facet normal -0.183469676532 -0.013008910407 0.982939289093
outer loop
vertex 171.432554972239 228.330462741434 217.319040059886
vertex 171.750701904297 228.313903808594 217.378204345703
vertex 171.451339551738 228.795051862760 217.328694978644
endloop
endfacet
facet normal 0.988283052075 0.133445969676 0.074086315592
outer loop
vertex 346.561187744141 228.085601806641 258.136291503906
vertex 346.216308593750 230.349197387695 258.659606933594
vertex 346.143310546875 229.844192504883 260.542999267578
endloop
endfacet
facet normal -0.188137186343 -0.635362228977 0.748945416639
outer loop
vertex 232.183807373047 162.684494018555 189.612396240234
vertex 229.228393554688 168.335403442383 193.663894653320
vertex 224.804901123047 167.879806518555 192.166198730469
endloop
endfacet
facet normal -0.166719576168 -0.615457303170 0.770335570318
outer loop
vertex 232.183807373047 162.684494018555 189.612396240234
vertex 224.804901123047 167.879806518555 192.166198730469
vertex 226.985198974609 162.217895507813 188.114501953125
endloop
endfacet
facet normal 0.890110368088 -0.454962775143 -0.026690932106
outer loop
vertex 339.167510986328 184.988204956055 230.748092651367
vertex 337.632507324219 181.824600219727 233.483093261719
vertex 336.938201904297 180.740005493164 228.816406250000
endloop
endfacet
facet normal 0.799617756326 -0.548238126236 -0.245043671023
outer loop
vertex 328.298706054688 167.888000488281 228.116394042969
vertex 331.228912353516 171.129501342773 230.425903320313
vertex 329.161987304688 167.417892456055 231.985198974609
endloop
endfacet
facet normal 0.931582631426 -0.231810695744 0.280031430671
outer loop
vertex 348.008605957031 217.996093750000 248.594604492188
vertex 348.124603271484 214.818496704102 245.578292846680
vertex 349.596496582031 219.940200805664 244.921493530273
endloop
endfacet
facet normal 0.905756743995 -0.320409035713 0.277385599015
outer loop
vertex 347.899291992188 212.038192749023 243.263397216797
vertex 346.870513916016 208.887298583984 242.983093261719
vertex 348.212310791016 210.388397216797 240.335601806641
endloop
endfacet
facet normal 0.940290963041 -0.286039536520 0.184483843116
outer loop
vertex 346.870513916016 208.887298583984 242.983093261719
vertex 346.945587158203 210.825302124023 245.605300903320
vertex 346.083099365234 207.583099365234 244.974304199219
endloop
endfacet
facet normal 0.923686522624 -0.320293008584 0.210275049816
outer loop
vertex 346.870513916016 208.887298583984 242.983093261719
vertex 347.899291992188 212.038192749023 243.263397216797
vertex 346.945587158203 210.825302124023 245.605300903320
endloop
endfacet
facet normal 0.953938587227 -0.276444987857 0.116530427308
outer loop
vertex 346.083099365234 207.583099365234 244.974304199219
vertex 346.945587158203 210.825302124023 245.605300903320
vertex 346.122100830078 208.652893066406 247.192901611328
endloop
endfacet
facet normal 0.719329374244 0.401794992790 0.566679834756
outer loop
vertex 348.001892089844 247.104400634766 243.151199340820
vertex 347.889997803497 247.145509856543 243.264087366100
vertex 346.449291327836 247.238799759327 245.026738885575
endloop
endfacet
facet normal 0.787938620500 0.328633220404 0.520723474382
outer loop
vertex 347.602203369141 243.909805297852 245.849792480469
vertex 347.284301757813 242.661102294922 247.118896484375
vertex 348.405303955078 242.343795776367 245.622894287109
endloop
endfacet
facet normal 0.982475103482 -0.073506840863 0.171287522561
outer loop
vertex 347.658599853516 220.577301025391 251.557098388672
vertex 347.203186035156 222.271194458008 254.896194458008
vertex 347.214996337891 218.715606689453 253.302597045898
endloop
endfacet
facet normal 0.996000207887 0.053707905560 0.071407610023
outer loop
vertex 347.203186035156 222.271194458008 254.896194458008
vertex 346.874603271484 224.992004394531 257.432891845703
vertex 346.973999023438 221.973403930664 258.316894531250
endloop
endfacet
facet normal 0.939152764435 0.334739997219 0.077079305368
outer loop
vertex 344.197814941406 238.461395263672 260.057403564453
vertex 342.888092041016 241.762603759766 261.678894042969
vertex 343.850585937500 238.781997680664 262.895812988281
endloop
endfacet
facet normal 0.959554184399 0.267695776068 0.087147797897
outer loop
vertex 344.197814941406 238.461395263672 260.057403564453
vertex 343.850585937500 238.781997680664 262.895812988281
vertex 344.808013916016 235.821792602539 261.446899414063
endloop
endfacet
facet normal 0.956618473888 0.290641939071 0.020207886312
outer loop
vertex 343.850585937500 238.781997680664 262.895812988281
vertex 343.531494140625 239.631896972656 265.777496337891
vertex 344.582611083984 236.270202636719 264.368713378906
endloop
endfacet
facet normal 0.941963653364 0.335672969663 0.005304071833
outer loop
vertex 343.149688720703 240.734207153320 263.822601318359
vertex 343.531494140625 239.631896972656 265.777496337891
vertex 343.850585937500 238.781997680664 262.895812988281
endloop
endfacet
facet normal 0.945560354026 0.316357079389 -0.076379416168
outer loop
vertex 344.462402343750 236.942596435547 266.952697753906
vertex 343.863800048828 239.244903564453 269.078094482422
vertex 344.960296630859 235.969299316406 269.085205078125
endloop
endfacet
facet normal -0.158356110851 -0.608800117711 0.777358192104
outer loop
vertex 218.445602416992 167.906600952148 190.830093383789
vertex 221.983993530273 162.188903808594 187.072998046875
vertex 226.985198974609 162.217895507813 188.114501953125
endloop
endfacet
facet normal -0.187747731365 -0.617396366991 0.763919181192
outer loop
vertex 219.518005371094 176.669494628906 198.029296875000
vertex 217.087097167969 174.228302001953 195.458892822266
vertex 223.562103271484 172.214004516602 195.422302246094
endloop
endfacet
facet normal -0.606832720686 -0.724855939163 0.326094950228
outer loop
vertex 236.434906005859 177.148193359375 210.259994506836
vertex 238.354507446289 173.948501586914 206.719802856445
vertex 239.369293212891 174.273300170898 209.330200195313
endloop
endfacet
facet normal -0.319600035278 -0.666891745993 0.673135362744
outer loop
vertex 223.620697021484 180.926498413086 203.431594848633
vertex 226.531997680664 173.991104125977 197.942794799805
vertex 230.576599121094 174.922195434570 200.785598754883
endloop
endfacet
facet normal -0.387880825321 -0.703776358185 0.595186779934
outer loop
vertex 229.533493041992 178.788497924805 204.677505493164
vertex 230.576599121094 174.922195434570 200.785598754883
vertex 233.106002807617 175.075607299805 202.615402221680
endloop
endfacet
facet normal -0.496120301658 -0.685160501565 0.533310166206
outer loop
vertex 228.043594360352 182.597305297852 208.184799194336
vertex 229.533493041992 178.788497924805 204.677505493164
vertex 233.024795532227 178.356002807617 207.369705200195
endloop
endfacet
facet normal -0.594291584392 -0.690275385759 0.412719522844
outer loop
vertex 236.434906005859 177.148193359375 210.259994506836
vertex 232.813598632813 181.109603881836 211.671005249023
vertex 233.024795532227 178.356002807617 207.369705200195
endloop
endfacet
facet normal -0.215752995025 -0.660732228709 0.718946150335
outer loop
vertex 217.484298706055 158.005004882813 182.437301635742
vertex 212.615997314453 161.458602905273 184.150299072266
vertex 214.996093750000 156.924301147461 180.697402954102
endloop
endfacet
facet normal -0.149319009451 -0.715200767316 0.682782319519
outer loop
vertex 217.661548786384 139.996699402007 164.271033663788
vertex 219.764602661133 146.120101928711 171.145095825195
vertex 213.028758764267 143.830278414280 167.273476719856
endloop
endfacet
facet normal 0.984899998287 -0.107293679119 0.135867802647
outer loop
vertex 347.658599853516 220.577301025391 251.557098388672
vertex 347.214996337891 218.715606689453 253.302597045898
vertex 347.333099365234 217.097793579102 251.168899536133
endloop
endfacet
facet normal 0.996536333071 -0.031232528321 0.077070526424
outer loop
vertex 347.214996337891 218.715606689453 253.302597045898
vertex 347.203186035156 222.271194458008 254.896194458008
vertex 347.016296386719 218.327896118164 255.714706420898
endloop
endfacet
facet normal 0.997378830832 -0.034013882923 0.063863319490
outer loop
vertex 347.203186035156 222.271194458008 254.896194458008
vertex 346.973999023438 221.973403930664 258.316894531250
vertex 347.016296386719 218.327896118164 255.714706420898
endloop
endfacet
facet normal -0.631229147628 -0.729489704954 0.263428422064
outer loop
vertex 239.024795532227 175.310592651367 211.377197265625
vertex 236.434906005859 177.148193359375 210.259994506836
vertex 239.369293212891 174.273300170898 209.330200195313
endloop
endfacet
facet normal -0.040036625439 -0.809014634034 0.586423388467
outer loop
vertex 247.648895263672 125.236503601074 149.984603881836
vertex 252.085800170898 126.806098937988 152.452896118164
vertex 241.849304199219 128.262405395508 153.763107299805
endloop
endfacet
facet normal -0.567841026876 -0.739854492893 0.360793427797
outer loop
vertex 236.434906005859 177.148193359375 210.259994506836
vertex 233.024795532227 178.356002807617 207.369705200195
vertex 238.354507446289 173.948501586914 206.719802856445
endloop
endfacet
facet normal -0.546976567590 -0.723518917474 0.421114011362
outer loop
vertex 233.024795532227 178.356002807617 207.369705200195
vertex 236.119400024414 173.841598510742 203.632995605469
vertex 238.354507446289 173.948501586914 206.719802856445
endloop
endfacet
facet normal -0.494412344383 -0.729778225401 0.472207767251
outer loop
vertex 236.119400024414 173.841598510742 203.632995605469
vertex 233.024795532227 178.356002807617 207.369705200195
vertex 232.962203979492 176.523300170898 204.471801757813
endloop
endfacet
facet normal -0.468183328465 -0.714021180841 0.520555591899
outer loop
vertex 233.106002807617 175.075607299805 202.615402221680
vertex 236.119400024414 173.841598510742 203.632995605469
vertex 232.962203979492 176.523300170898 204.471801757813
endloop
endfacet
facet normal -0.383807813086 -0.710262742396 0.590100329925
outer loop
vertex 230.576599121094 174.922195434570 200.785598754883
vertex 236.189407348633 171.287994384766 200.061996459961
vertex 233.106002807617 175.075607299805 202.615402221680
endloop
endfacet
facet normal -0.467742228794 -0.723268191319 0.508035757432
outer loop
vertex 236.189407348633 171.287994384766 200.061996459961
vertex 236.119400024414 173.841598510742 203.632995605469
vertex 233.106002807617 175.075607299805 202.615402221680
endloop
endfacet
facet normal -0.301859443967 -0.691738275415 0.656032799801
outer loop
vertex 230.576599121094 174.922195434570 200.785598754883
vertex 226.531997680664 173.991104125977 197.942794799805
vertex 234.199401855469 169.364807128906 196.592697143555
endloop
endfacet
facet normal -0.230693309500 -0.654628141818 0.719890681209
outer loop
vertex 226.531997680664 173.991104125977 197.942794799805
vertex 229.228393554688 168.335403442383 193.663894653320
vertex 231.526397705078 169.023696899414 195.026199340820
endloop
endfacet
facet normal -0.222856420933 -0.653517035102 0.723360560496
outer loop
vertex 229.228393554688 168.335403442383 193.663894653320
vertex 226.531997680664 173.991104125977 197.942794799805
vertex 223.562103271484 172.214004516602 195.422302246094
endloop
endfacet
facet normal -0.192151139003 -0.624076911605 0.757367776038
outer loop
vertex 224.804901123047 167.879806518555 192.166198730469
vertex 229.228393554688 168.335403442383 193.663894653320
vertex 223.562103271484 172.214004516602 195.422302246094
endloop
endfacet
facet normal -0.164590126487 -0.615143891687 0.771043502523
outer loop
vertex 224.804901123047 167.879806518555 192.166198730469
vertex 218.445602416992 167.906600952148 190.830093383789
vertex 226.985198974609 162.217895507813 188.114501953125
endloop
endfacet
facet normal -0.155059710913 -0.628640071146 0.762081456933
outer loop
vertex 221.983993530273 162.188903808594 187.072998046875
vertex 227.274093627930 156.921997070313 183.804702758789
vertex 226.985198974609 162.217895507813 188.114501953125
endloop
endfacet
facet normal -0.168280450883 -0.636233876159 0.752919746506
outer loop
vertex 219.727798461914 159.541595458984 184.331695556641
vertex 227.274093627930 156.921997070313 183.804702758789
vertex 221.983993530273 162.188903808594 187.072998046875
endloop
endfacet
facet normal -0.255690838749 -0.007857940335 0.966726666516
outer loop
vertex 175.030700683594 232.615493774414 218.280700683594
vertex 171.750701904297 228.313903808594 217.378204345703
vertex 177.261199951172 229.768096923828 218.847503662109
endloop
endfacet
facet normal -0.197102461697 -0.689310228222 0.697138457455
outer loop
vertex 221.482498168945 154.056900024414 179.696105957031
vertex 214.996093750000 156.924301147461 180.697402954102
vertex 213.663299560547 152.790100097656 176.232803344727
endloop
endfacet
facet normal -0.191378510993 -0.699925227111 0.688098061314
outer loop
vertex 219.764602661133 146.120101928711 171.145095825195
vertex 221.482498168945 154.056900024414 179.696105957031
vertex 213.663299560547 152.790100097656 176.232803344727
endloop
endfacet
facet normal -0.179691834982 -0.695232853749 0.695961294547
outer loop
vertex 219.764602661133 146.120101928711 171.145095825195
vertex 213.663299560547 152.790100097656 176.232803344727
vertex 211.038894653320 148.485595703125 171.255203247070
endloop
endfacet
facet normal 0.897514040775 -0.364501367488 0.248208178170
outer loop
vertex 348.212310791016 210.388397216797 240.335601806641
vertex 346.870513916016 208.887298583984 242.983093261719
vertex 346.824310302734 207.279998779297 240.789794921875
endloop
endfacet
facet normal 0.964449037613 -0.244275656380 0.100833811529
outer loop
vertex 346.083099365234 207.583099365234 244.974304199219
vertex 346.122100830078 208.652893066406 247.192901611328
vertex 345.173492431641 204.451797485352 246.088699340820
endloop
endfacet
facet normal 0.974152141723 -0.225059427168 0.019387083806
outer loop
vertex 345.173492431641 204.451797485352 246.088699340820
vertex 346.122100830078 208.652893066406 247.192901611328
vertex 345.812103271484 207.516403198242 249.576293945313
endloop
endfacet
facet normal -0.110906059662 -0.595830173511 0.795415771949
outer loop
vertex 198.056106567383 184.067596435547 199.210998535156
vertex 189.529205322266 184.424194335938 198.289199829102
vertex 195.422500610352 182.088104248047 197.360992431641
endloop
endfacet
facet normal 0.980512932129 -0.196328957318 -0.007023563699
outer loop
vertex 345.173492431641 204.451797485352 246.088699340820
vertex 345.812103271484 207.516403198242 249.576293945313
vertex 344.892211914063 202.946701049805 248.892807006836
endloop
endfacet
facet normal -0.124882591786 -0.648221771442 0.751141047538
outer loop
vertex 193.192199707031 176.804794311523 192.612396240234
vertex 194.205200195313 179.622802734375 195.212707519531
vertex 189.138900756836 178.397293090820 193.312805175781
endloop
endfacet
facet normal -0.135966864985 -0.667896273733 0.731729170636
outer loop
vertex 193.192199707031 176.804794311523 192.612396240234
vertex 189.138900756836 178.397293090820 193.312805175781
vertex 190.965499877930 174.420898437500 190.022705078125
endloop
endfacet
facet normal -0.217931971621 -0.665815612928 0.713579165424
outer loop
vertex 206.357604980469 162.491302490234 183.271896362305
vertex 200.822494506836 161.326400756836 180.494506835938
vertex 208.740905761719 158.265792846680 180.057098388672
endloop
endfacet
facet normal -0.210024739963 -0.656706901191 0.724310468329
outer loop
vertex 206.357604980469 162.491302490234 183.271896362305
vertex 212.615997314453 161.458602905273 184.150299072266
vertex 207.301803588867 164.973602294922 185.796295166016
endloop
endfacet
facet normal -0.197834795470 -0.638106281764 0.744097955161
outer loop
vertex 204.435302734375 168.633804321289 188.173004150391
vertex 207.301803588867 164.973602294922 185.796295166016
vertex 210.027206420898 166.071594238281 187.462493896484
endloop
endfacet
facet normal -0.188565433095 -0.622227021081 0.759787214738
outer loop
vertex 204.435302734375 168.633804321289 188.173004150391
vertex 210.027206420898 166.071594238281 187.462493896484
vertex 209.798202514648 170.132095336914 190.731002807617
endloop
endfacet
facet normal -0.180090063826 -0.636206003735 0.750206298109
outer loop
vertex 204.435302734375 168.633804321289 188.173004150391
vertex 209.798202514648 170.132095336914 190.731002807617
vertex 202.918594360352 173.146301269531 191.635696411133
endloop
endfacet
facet normal -0.169142478452 -0.616783555970 0.768744994825
outer loop
vertex 202.918594360352 173.146301269531 191.635696411133
vertex 209.798202514648 170.132095336914 190.731002807617
vertex 204.995895385742 175.591003417969 194.054199218750
endloop
endfacet
facet normal -0.157360111969 -0.610819710869 0.775974919682
outer loop
vertex 204.995895385742 175.591003417969 194.054199218750
vertex 209.798202514648 170.132095336914 190.731002807617
vertex 211.392898559570 174.073593139648 194.156997680664
endloop
endfacet
facet normal -0.154663216284 -0.598871108211 0.785768849776
outer loop
vertex 205.950607299805 179.192306518555 196.986999511719
vertex 211.392898559570 174.073593139648 194.156997680664
vertex 211.440597534180 176.899703979492 196.320297241211
endloop
endfacet
facet normal -0.152941826943 -0.595574178387 0.788606489708
outer loop
vertex 205.950607299805 179.192306518555 196.986999511719
vertex 211.440597534180 176.899703979492 196.320297241211
vertex 211.086303710938 179.900695800781 198.518005371094
endloop
endfacet
facet normal -0.228797488332 -0.610735701561 0.758059108627
outer loop
vertex 219.383102416992 180.337997436523 201.117004394531
vertex 213.770202636719 185.378204345703 203.483596801758
vertex 214.592697143555 181.069000244141 200.260101318359
endloop
endfacet
facet normal -0.261846605787 -0.633477238850 0.728109155895
outer loop
vertex 213.770202636719 185.378204345703 203.483596801758
vertex 219.383102416992 180.337997436523 201.117004394531
vertex 218.158706665039 183.788696289063 203.678894042969
endloop
endfacet
facet normal -0.299104452417 -0.632518034067 0.714463059314
outer loop
vertex 218.158706665039 183.788696289063 203.678894042969
vertex 223.620697021484 180.926498413086 203.431594848633
vertex 218.067794799805 186.135192871094 205.718200683594
endloop
endfacet
facet normal 0.699351007194 0.390484058896 0.598690544844
outer loop
vertex 349.755889892578 245.571502685547 242.102096557617
vertex 348.001892089844 247.104400634766 243.151199340820
vertex 348.668701171875 245.185104370117 243.624099731445
endloop
endfacet
facet normal 0.729914635681 0.391625425316 0.560226874458
outer loop
vertex 348.001892089844 247.104400634766 243.151199340820
vertex 347.525787353516 245.506393432617 244.888595581055
vertex 348.668701171875 245.185104370117 243.624099731445
endloop
endfacet
facet normal -0.340237493072 -0.657739103144 0.672025089192
outer loop
vertex 218.067794799805 186.135192871094 205.718200683594
vertex 223.620697021484 180.926498413086 203.431594848633
vertex 221.303298950195 186.205596923828 207.425201416016
endloop
endfacet
facet normal -0.414095027137 -0.651586428348 0.635578818789
outer loop
vertex 224.325302124023 185.784301757813 208.962203979492
vertex 220.826599121094 190.198898315430 211.208496093750
vertex 221.303298950195 186.205596923828 207.425201416016
endloop
endfacet
facet normal 0.755095567038 0.364298686692 0.545084536117
outer loop
vertex 347.525787353516 245.506393432617 244.888595581055
vertex 347.602203369141 243.909805297852 245.849792480469
vertex 348.583892822266 243.792602539063 244.568206787109
endloop
endfacet
facet normal 0.737879383550 0.347391530382 0.578664963472
outer loop
vertex 348.668701171875 245.185104370117 243.624099731445
vertex 347.525787353516 245.506393432617 244.888595581055
vertex 348.583892822266 243.792602539063 244.568206787109
endloop
endfacet
facet normal 0.767658800806 0.312624381303 0.559433608000
outer loop
vertex 347.602203369141 243.909805297852 245.849792480469
vertex 348.405303955078 242.343795776367 245.622894287109
vertex 348.583892822266 243.792602539063 244.568206787109
endloop
endfacet
facet normal -0.467300099446 -0.635680620463 0.614443460235
outer loop
vertex 222.927703857422 191.247894287109 213.891693115234
vertex 220.826599121094 190.198898315430 211.208496093750
vertex 226.152404785156 186.836700439453 211.780502319336
endloop
endfacet
facet normal 0.772318734629 0.345288009544 0.533197864405
outer loop
vertex 347.284301757813 242.661102294922 247.118896484375
vertex 347.602203369141 243.909805297852 245.849792480469
vertex 346.225402832031 245.259201049805 246.970199584961
endloop
endfacet
facet normal -0.037683607110 -0.822495270743 0.567522224552
outer loop
vertex 274.842102050781 134.210403442383 165.000396728516
vertex 269.213806152344 131.450897216797 160.627395629883
vertex 277.103302001953 128.292999267578 156.574600219727
endloop
endfacet
facet normal -0.044747992841 -0.828389254697 0.558362659782
outer loop
vertex 269.213806152344 131.450897216797 160.627395629883
vertex 263.838897705078 127.272399902344 153.997406005859
vertex 277.103302001953 128.292999267578 156.574600219727
endloop
endfacet
facet normal -0.033487712209 -0.832860889014 0.552468381613
outer loop
vertex 263.838897705078 127.272399902344 153.997406005859
vertex 267.468109130859 119.939598083496 143.162994384766
vertex 276.294891357422 121.860603332520 146.593994140625
endloop
endfacet
facet normal -0.027644795959 -0.832111759704 0.553918572191
outer loop
vertex 267.468109130859 119.939598083496 143.162994384766
vertex 263.838897705078 127.272399902344 153.997406005859
vertex 259.819702148438 123.424697875977 148.016693115234
endloop
endfacet
facet normal 0.953985603133 0.246096337056 0.171312760478
outer loop
vertex 344.991912841797 237.572601318359 256.912109375000
vertex 344.197814941406 238.461395263672 260.057403564453
vertex 345.078399658203 235.765197753906 259.026885986328
endloop
endfacet
facet normal 0.956471540043 0.273989727498 0.100458062461
outer loop
vertex 344.197814941406 238.461395263672 260.057403564453
vertex 344.808013916016 235.821792602539 261.446899414063
vertex 345.078399658203 235.765197753906 259.026885986328
endloop
endfacet
facet normal 0.955075152932 0.294999273887 0.028405644844
outer loop
vertex 344.808013916016 235.821792602539 261.446899414063
vertex 343.850585937500 238.781997680664 262.895812988281
vertex 344.582611083984 236.270202636719 264.368713378906
endloop
endfacet
facet normal -0.166070906947 -0.605553383393 0.778283723154
outer loop
vertex 217.087097167969 174.228302001953 195.458892822266
vertex 218.445602416992 167.906600952148 190.830093383789
vertex 224.804901123047 167.879806518555 192.166198730469
endloop
endfacet
facet normal 0.949238413436 0.312359435112 -0.037121661509
outer loop
vertex 344.582611083984 236.270202636719 264.368713378906
vertex 343.531494140625 239.631896972656 265.777496337891
vertex 344.462402343750 236.942596435547 266.952697753906
endloop
endfacet
facet normal 0.962299557876 0.270775583895 -0.025693269103
outer loop
vertex 344.582611083984 236.270202636719 264.368713378906
vertex 344.462402343750 236.942596435547 266.952697753906
vertex 345.394805908203 233.560195922852 266.227996826172
endloop
endfacet
facet normal 0.941086068775 0.314756751168 -0.123633323793
outer loop
vertex 343.863800048828 239.244903564453 269.078094482422
vertex 344.606811523438 238.002807617188 271.571594238281
vertex 344.960296630859 235.969299316406 269.085205078125
endloop
endfacet
facet normal 0.940699274039 0.315613941393 -0.124389371819
outer loop
vertex 344.960296630859 235.969299316406 269.085205078125
vertex 344.606811523438 238.002807617188 271.571594238281
vertex 345.671386718750 234.800598144531 271.497497558594
endloop
endfacet
facet normal 0.933447425727 0.314324337352 -0.172847083722
outer loop
vertex 344.606811523438 238.002807617188 271.571594238281
vertex 345.402709960938 237.729400634766 275.372589111328
vertex 345.671386718750 234.800598144531 271.497497558594
endloop
endfacet
facet normal -0.235890900004 -0.641315570806 0.730116307130
outer loop
vertex 226.531997680664 173.991104125977 197.942794799805
vertex 219.518005371094 176.669494628906 198.029296875000
vertex 223.562103271484 172.214004516602 195.422302246094
endloop
endfacet
facet normal -0.445522151968 -0.722387279880 0.528835163329
outer loop
vertex 229.533493041992 178.788497924805 204.677505493164
vertex 233.106002807617 175.075607299805 202.615402221680
vertex 232.962203979492 176.523300170898 204.471801757813
endloop
endfacet
facet normal -0.463041523206 -0.744549886434 0.480872139345
outer loop
vertex 233.024795532227 178.356002807617 207.369705200195
vertex 229.533493041992 178.788497924805 204.677505493164
vertex 232.962203979492 176.523300170898 204.471801757813
endloop
endfacet
facet normal -0.272616500947 -0.160157193398 0.948699065465
outer loop
vertex 177.261199951172 229.768096923828 218.847503662109
vertex 179.418304443359 227.032806396484 219.005599975586
vertex 181.416000366211 230.146499633789 220.105300903320
endloop
endfacet
facet normal 0.892525175924 -0.354191404157 0.279190364381
outer loop
vertex 347.371612548828 205.187698364258 236.300399780273
vertex 347.485900878906 207.335403442383 238.659698486328
vertex 346.239410400391 204.581802368164 239.151199340820
endloop
endfacet
facet normal 0.882786820882 -0.385339149186 0.268702752093
outer loop
vertex 347.371612548828 205.187698364258 236.300399780273
vertex 346.239410400391 204.581802368164 239.151199340820
vertex 345.689697265625 201.310897827148 236.266494750977
endloop
endfacet
facet normal 0.987654425398 -0.093581494524 0.125623404962
outer loop
vertex 347.333099365234 217.097793579102 251.168899536133
vertex 347.214996337891 218.715606689453 253.302597045898
vertex 346.931213378906 215.325103759766 253.007995605469
endloop
endfacet
facet normal 0.894641871372 -0.357043176133 0.268581630728
outer loop
vertex 347.485900878906 207.335403442383 238.659698486328
vertex 346.824310302734 207.279998779297 240.789794921875
vertex 346.239410400391 204.581802368164 239.151199340820
endloop
endfacet
facet normal 0.929007851606 -0.317167910851 0.190653948244
outer loop
vertex 346.239410400391 204.581802368164 239.151199340820
vertex 346.824310302734 207.279998779297 240.789794921875
vertex 345.701904296875 205.044403076172 242.539901733398
endloop
endfacet
facet normal 0.929614794374 -0.306322529326 0.204897150075
outer loop
vertex 346.824310302734 207.279998779297 240.789794921875
vertex 346.870513916016 208.887298583984 242.983093261719
vertex 345.701904296875 205.044403076172 242.539901733398
endloop
endfacet
facet normal 0.964418404687 -0.243518547983 0.102936181630
outer loop
vertex 346.083099365234 207.583099365234 244.974304199219
vertex 345.173492431641 204.451797485352 246.088699340820
vertex 345.701904296875 205.044403076172 242.539901733398
endloop
endfacet
facet normal 0.936989604143 -0.304654301125 0.170986077017
outer loop
vertex 346.870513916016 208.887298583984 242.983093261719
vertex 346.083099365234 207.583099365234 244.974304199219
vertex 345.701904296875 205.044403076172 242.539901733398
endloop
endfacet
facet normal 0.954290957487 -0.283460049362 0.094758476531
outer loop
vertex 345.701904296875 205.044403076172 242.539901733398
vertex 345.173492431641 204.451797485352 246.088699340820
vertex 344.525604248047 201.286407470703 243.144500732422
endloop
endfacet
facet normal 0.971865279487 -0.232717700020 0.036336629243
outer loop
vertex 344.525604248047 201.286407470703 243.144500732422
vertex 345.173492431641 204.451797485352 246.088699340820
vertex 343.742004394531 198.359603881836 245.358093261719
endloop
endfacet
facet normal 0.867907722142 -0.250161313626 -0.429133432642
outer loop
vertex 340.184814453125 176.791000366211 250.668701171875
vertex 339.792907714844 173.324600219727 251.896804809570
vertex 337.380615234375 172.377899169922 247.569900512695
endloop
endfacet
facet normal 0.973842725022 -0.225992696094 -0.023614576722
outer loop
vertex 345.173492431641 204.451797485352 246.088699340820
vertex 344.892211914063 202.946701049805 248.892807006836
vertex 343.742004394531 198.359603881836 245.358093261719
endloop
endfacet
facet normal 0.883670601923 -0.209958179684 -0.418382396955
outer loop
vertex 340.184814453125 176.791000366211 250.668701171875
vertex 341.789703369141 180.717605590820 252.087905883789
vertex 342.483306884766 179.474700927734 254.176605224609
endloop
endfacet
facet normal -0.139220472213 -0.304112963059 0.942408067567
outer loop
vertex 173.104438424289 222.300780370616 216.501176621975
vertex 173.828934142315 220.902383855577 216.156945833950
vertex 176.241592407227 223.767395019531 217.437896728516
endloop
endfacet
facet normal 0.674868547022 -0.520782652990 -0.522817245876
outer loop
vertex 320.040100097656 154.273696899414 232.844802856445
vertex 316.988189697266 150.780303955078 232.385101318359
vertex 316.759399414063 153.382705688477 229.497497558594
endloop
endfacet
facet normal 0.904957885564 -0.185347626330 -0.383011073951
outer loop
vertex 341.789703369141 180.717605590820 252.087905883789
vertex 342.400299072266 183.877395629883 252.001495361328
vertex 344.265197753906 185.321792602539 255.708801269531
endloop
endfacet
facet normal 0.929952825026 -0.167618380369 -0.327248868276
outer loop
vertex 342.400299072266 183.877395629883 252.001495361328
vertex 341.659210205078 184.809295654297 249.418197631836
vertex 344.508911132813 190.333206176758 254.686904907227
endloop
endfacet
facet normal 0.866256383962 -0.132597320698 -0.481682289262
outer loop
vertex 343.046636611627 180.258766731423 254.973858841591
vertex 342.640562014220 179.153512545558 254.547829126137
vertex 342.483306884766 179.474700927734 254.176605224609
endloop
endfacet
facet normal 0.948456421334 0.157125997329 -0.275212350367
outer loop
vertex 349.256721738507 216.842456612572 269.054656058584
vertex 348.134887695313 220.571792602539 267.317687988281
vertex 349.191596647222 218.248710036278 269.633084535599
endloop
endfacet
facet normal 0.759118575676 -0.500959236347 -0.415666731388
outer loop
vertex 324.176300048828 158.871597290039 234.153793334961
vertex 326.666687011719 158.804306030273 238.783004760742
vertex 322.551208496094 155.092407226563 235.740600585938
endloop
endfacet
facet normal 0.716471666245 -0.508584777774 -0.477503796095
outer loop
vertex 320.040100097656 154.273696899414 232.844802856445
vertex 324.176300048828 158.871597290039 234.153793334961
vertex 322.551208496094 155.092407226563 235.740600585938
endloop
endfacet
facet normal 0.945673013890 0.042427817704 -0.322339000254
outer loop
vertex 349.012819351548 208.530473372920 265.750473267805
vertex 349.012816966210 208.530456663632 265.750464070384
vertex 348.061401367188 208.266006469727 262.924407958984
endloop
endfacet
facet normal -0.223557702385 -0.967701164133 -0.116517855460
outer loop
vertex 269.297393798828 156.448303222656 211.226593017578
vertex 269.475006103516 157.001296997070 206.293106079102
vertex 273.750610351563 155.806594848633 208.011901855469
endloop
endfacet
facet normal -0.215299480965 -0.660653074629 0.719154815377
outer loop
vertex 214.996093750000 156.924301147461 180.697402954102
vertex 212.615997314453 161.458602905273 184.150299072266
vertex 208.740905761719 158.265792846680 180.057098388672
endloop
endfacet
facet normal -0.202236798519 -0.322454889218 0.924728674663
outer loop
vertex 176.241592407227 223.767395019531 217.437896728516
vertex 178.597702026367 221.500503540039 217.162704467773
vertex 180.613906860352 223.917892456055 218.446594238281
endloop
endfacet
facet normal -0.173768587564 -0.294679355048 0.939664065336
outer loop
vertex 176.241592407227 223.767395019531 217.437896728516
vertex 175.274200439453 219.811706542969 216.018493652344
vertex 178.597702026367 221.500503540039 217.162704467773
endloop
endfacet
facet normal 0.965134399644 0.050870526391 -0.256764055445
outer loop
vertex 348.306091308594 213.576599121094 264.896301269531
vertex 348.061401367188 208.266006469727 262.924407958984
vertex 347.395385742188 210.339599609375 260.831787109375
endloop
endfacet
facet normal 0.835933443899 -0.378246420834 -0.397674392560
outer loop
vertex 334.095092773438 167.526596069336 244.547195434570
vertex 331.280395507813 165.026504516602 241.008499145508
vertex 335.122497558594 171.283493041992 243.133499145508
endloop
endfacet
facet normal 0.827644604539 -0.404400482863 -0.389184606631
outer loop
vertex 334.095092773438 167.526596069336 244.547195434570
vertex 335.682098388672 167.448303222656 248.003494262695
vertex 331.151702880859 162.117996215820 243.907806396484
endloop
endfacet
facet normal 0.711216069652 0.351161101269 0.608980774100
outer loop
vertex 349.755889892578 245.571502685547 242.102096557617
vertex 349.498504638672 243.961807250977 243.330902099609
vertex 350.691406250000 243.409698486328 242.256103515625
endloop
endfacet
facet normal 0.720398677145 0.344379431398 0.602020392676
outer loop
vertex 349.755889892578 245.571502685547 242.102096557617
vertex 348.668701171875 245.185104370117 243.624099731445
vertex 349.498504638672 243.961807250977 243.330902099609
endloop
endfacet
facet normal 0.728473179368 0.353498174120 0.586826948798
outer loop
vertex 348.668701171875 245.185104370117 243.624099731445
vertex 348.583892822266 243.792602539063 244.568206787109
vertex 349.498504638672 243.961807250977 243.330902099609
endloop
endfacet
facet normal 0.745822127938 0.303771423585 0.592850972582
outer loop
vertex 349.498504638672 243.961807250977 243.330902099609
vertex 348.583892822266 243.792602539063 244.568206787109
vertex 349.821014404297 241.861999511719 244.001098632813
endloop
endfacet
facet normal 0.758843360997 0.319568165859 0.567479462924
outer loop
vertex 348.583892822266 243.792602539063 244.568206787109
vertex 348.405303955078 242.343795776367 245.622894287109
vertex 349.821014404297 241.861999511719 244.001098632813
endloop
endfacet
facet normal 0.763327018563 0.274557462767 0.584764963357
outer loop
vertex 349.821014404297 241.861999511719 244.001098632813
vertex 348.405303955078 242.343795776367 245.622894287109
vertex 348.755004882813 239.504104614258 246.499694824219
endloop
endfacet
facet normal 0.970629821909 0.217239467714 0.103367124796
outer loop
vertex 345.078399658203 235.765197753906 259.026885986328
vertex 344.808013916016 235.821792602539 261.446899414063
vertex 345.700195312500 232.788299560547 259.444488525391
endloop
endfacet
facet normal 0.970535435393 0.237884841942 0.038363662768
outer loop
vertex 344.808013916016 235.821792602539 261.446899414063
vertex 344.582611083984 236.270202636719 264.368713378906
vertex 345.482788085938 232.868804931641 262.687103271484
endloop
endfacet
facet normal 0.967544653361 0.245771328999 0.058769018998
outer loop
vertex 345.700195312500 232.788299560547 259.444488525391
vertex 344.808013916016 235.821792602539 261.446899414063
vertex 345.482788085938 232.868804931641 262.687103271484
endloop
endfacet
facet normal 0.962737846423 0.268921148919 -0.028587667443
outer loop
vertex 344.582611083984 236.270202636719 264.368713378906
vertex 345.394805908203 233.560195922852 266.227996826172
vertex 345.482788085938 232.868804931641 262.687103271484
endloop
endfacet
facet normal 0.953712690206 0.285179649972 -0.095418403793
outer loop
vertex 345.394805908203 233.560195922852 266.227996826172
vertex 344.960296630859 235.969299316406 269.085205078125
vertex 345.771392822266 233.207000732422 268.936401367188
endloop
endfacet
facet normal 0.954489287545 0.283174003274 -0.093609208047
outer loop
vertex 344.462402343750 236.942596435547 266.952697753906
vertex 344.960296630859 235.969299316406 269.085205078125
vertex 345.394805908203 233.560195922852 266.227996826172
endloop
endfacet
facet normal 0.935678168570 0.309659475843 -0.169166704416
outer loop
vertex 345.671386718750 234.800598144531 271.497497558594
vertex 345.402709960938 237.729400634766 275.372589111328
vertex 346.675201416016 232.859100341797 273.495788574219
endloop
endfacet
facet normal 0.911072641730 0.340557139217 -0.232309010631
outer loop
vertex 345.402709960938 237.729400634766 275.372589111328
vertex 346.494530846989 235.962420701981 277.064174413681
vertex 346.799600996220 234.920992957061 276.733904888062
endloop
endfacet
facet normal 0.879606327927 -0.384064165207 0.280690977543
outer loop
vertex 347.371612548828 205.187698364258 236.300399780273
vertex 345.689697265625 201.310897827148 236.266494750977
vertex 347.148193359375 202.737304687500 233.647705078125
endloop
endfacet
facet normal 0.867299805907 -0.431660172872 0.247912367240
outer loop
vertex 345.689697265625 201.310897827148 236.266494750977
vertex 346.067199707031 200.429000854492 233.410293579102
vertex 347.148193359375 202.737304687500 233.647705078125
endloop
endfacet
facet normal 0.852971050725 -0.429897903807 0.296020571799
outer loop
vertex 346.067199707031 200.429000854492 233.410293579102
vertex 346.872894287109 201.158401489258 232.147994995117
vertex 347.148193359375 202.737304687500 233.647705078125
endloop
endfacet
facet normal 0.924887565960 -0.326828168231 0.194335634361
outer loop
vertex 345.689697265625 201.310897827148 236.266494750977
vertex 346.239410400391 204.581802368164 239.151199340820
vertex 344.851501464844 201.175292968750 240.027603149414
endloop
endfacet
facet normal -0.158656853371 -0.666452066417 0.728470758540
outer loop
vertex 221.482498168945 154.056900024414 179.696105957031
vertex 219.727798461914 159.541595458984 184.331695556641
vertex 217.484298706055 158.005004882813 182.437301635742
endloop
endfacet
facet normal 0.925180673538 -0.327681711517 0.191482159086
outer loop
vertex 346.239410400391 204.581802368164 239.151199340820
vertex 345.701904296875 205.044403076172 242.539901733398
vertex 344.851501464844 201.175292968750 240.027603149414
endloop
endfacet
facet normal 0.953475829928 -0.280800418711 0.109703995343
outer loop
vertex 345.701904296875 205.044403076172 242.539901733398
vertex 344.525604248047 201.286407470703 243.144500732422
vertex 344.851501464844 201.175292968750 240.027603149414
endloop
endfacet
facet normal 0.947406319379 -0.300616925218 0.109775818253
outer loop
vertex 344.525604248047 201.286407470703 243.144500732422
vertex 343.578002929688 197.621704101563 241.287002563477
vertex 344.851501464844 201.175292968750 240.027603149414
endloop
endfacet
facet normal 0.967266651461 -0.253665246325 0.007011973918
outer loop
vertex 343.578002929688 197.621704101563 241.287002563477
vertex 344.525604248047 201.286407470703 243.144500732422
vertex 343.742004394531 198.359603881836 245.358093261719
endloop
endfacet
facet normal 0.757777740255 -0.473396748980 -0.449075065472
outer loop
vertex 326.666687011719 158.804306030273 238.783004760742
vertex 326.459899902344 155.236404418945 242.195205688477
vertex 322.731292724609 153.053695678711 238.204406738281
endloop
endfacet
facet normal 0.717854621958 -0.509699206451 -0.474227224732
outer loop
vertex 322.551208496094 155.092407226563 235.740600585938
vertex 322.731292724609 153.053695678711 238.204406738281
vertex 319.377197265625 151.188507080078 235.131896972656
endloop
endfacet
facet normal 0.975272197424 -0.006087307795 -0.220923257300
outer loop
vertex 347.395385742188 210.339599609375 260.831787109375
vertex 347.022399902344 204.479095458984 259.346710205078
vertex 346.495086669922 207.164199829102 256.944885253906
endloop
endfacet
facet normal 0.937141565448 0.082698686651 -0.339008279450
outer loop
vertex 348.306091308594 213.576599121094 264.896301269531
vertex 349.132326287295 209.881403596955 266.278896778320
vertex 349.132323008128 209.881398650616 266.278886506890
endloop
endfacet
facet normal 0.991656038166 -0.050418781042 -0.118643366809
outer loop
vertex 346.939605712891 212.548492431641 258.372192382813
vertex 346.495086669922 207.164199829102 256.944885253906
vertex 346.448303222656 209.997299194336 255.349899291992
endloop
endfacet
facet normal 0.992337317119 -0.073044713891 -0.099654999003
outer loop
vertex 346.939605712891 212.548492431641 258.372192382813
vertex 346.448303222656 209.997299194336 255.349899291992
vertex 346.786499023438 214.101196289063 255.709503173828
endloop
endfacet
facet normal 0.946551566576 0.042387863934 -0.319755220135
outer loop
vertex 348.061401367188 208.266006469727 262.924407958984
vertex 348.243286132813 203.139892578125 262.783294677734
vertex 347.022399902344 204.479095458984 259.346710205078
endloop
endfacet
facet normal -0.275685520293 -0.103224922650 0.955689337204
outer loop
vertex 184.876602172852 230.136505126953 221.102493286133
vertex 183.573898315430 231.877899169922 220.914794921875
vertex 181.416000366211 230.146499633789 220.105300903320
endloop
endfacet
facet normal 0.955806281536 -0.253520331683 0.148868376759
outer loop
vertex 346.122100830078 208.652893066406 247.192901611328
vertex 346.945587158203 210.825302124023 245.605300903320
vertex 346.926910400391 212.884796142578 249.232498168945
endloop
endfacet
facet normal 0.989448270624 -0.122193055581 0.077852276314
outer loop
vertex 346.926910400391 212.884796142578 249.232498168945
vertex 346.931213378906 215.325103759766 253.007995605469
vertex 346.406707763672 210.860000610352 252.665893554688
endloop
endfacet
facet normal 0.979028106998 -0.201298422576 0.031351407892
outer loop
vertex 345.812103271484 207.516403198242 249.576293945313
vertex 346.122100830078 208.652893066406 247.192901611328
vertex 346.926910400391 212.884796142578 249.232498168945
endloop
endfacet
facet normal 0.979058998986 -0.201419861579 0.029555301836
outer loop
vertex 345.812103271484 207.516403198242 249.576293945313
vertex 346.926910400391 212.884796142578 249.232498168945
vertex 346.406707763672 210.860000610352 252.665893554688
endloop
endfacet
facet normal 0.843982452587 -0.194721123235 -0.499777254275
outer loop
vertex 340.245622143375 173.801493551550 252.475506273079
vertex 339.945451986936 173.165262752678 252.216489345189
vertex 339.792907714844 173.324600219727 251.896804809570
endloop
endfacet
facet normal -0.196398481543 -0.977968822052 0.070743335671
outer loop
vertex 270.353210449219 156.519195556641 201.915802001953
vertex 275.135589599609 155.485702514648 200.905502319336
vertex 273.912109375000 155.980895996094 204.354507446289
endloop
endfacet
facet normal 0.836984088935 -0.270256679426 -0.475835015625
outer loop
vertex 335.682098388672 167.448303222656 248.003494262695
vertex 339.792907714844 173.324600219727 251.896804809570
vertex 337.255809471739 168.354029173399 250.257201144233
endloop
endfacet
facet normal -0.259568727664 -0.429600015831 0.864909187150
outer loop
vertex 191.470993041992 221.019302368164 220.130096435547
vertex 190.403305053711 218.012496948242 218.316192626953
vertex 194.936996459961 217.804306030273 219.573394775391
endloop
endfacet
facet normal 0.907720660794 -0.330620499380 -0.258327867946
outer loop
vertex 338.417388916016 180.879196166992 241.605194091797
vertex 337.174011230469 176.525299072266 242.808502197266
vertex 335.909790039063 175.916198730469 239.145797729492
endloop
endfacet
facet normal -0.195016120874 -0.978395827711 0.068631748611
outer loop
vertex 270.353210449219 156.519195556641 201.915802001953
vertex 273.912109375000 155.980895996094 204.354507446289
vertex 269.475006103516 157.001296997070 206.293106079102
endloop
endfacet
facet normal -0.247349635957 -0.967247151614 -0.057018464439
outer loop
vertex 269.475006103516 157.001296997070 206.293106079102
vertex 273.912109375000 155.980895996094 204.354507446289
vertex 273.750610351563 155.806594848633 208.011901855469
endloop
endfacet
facet normal 0.910973954581 -0.372294813092 -0.177547250669
outer loop
vertex 338.417388916016 180.879196166992 241.605194091797
vertex 335.909790039063 175.916198730469 239.145797729492
vertex 336.390289306641 178.356201171875 236.494796752930
endloop
endfacet
facet normal -0.135596949764 -0.981107463709 -0.137991347078
outer loop
vertex 281.994384765625 154.527496337891 207.052993774414
vertex 277.605712890625 154.881805419922 208.846405029297
vertex 277.451599121094 155.322097778320 205.867401123047
endloop
endfacet
facet normal -0.203927230574 -0.969936303717 -0.132805313755
outer loop
vertex 277.451599121094 155.322097778320 205.867401123047
vertex 277.605712890625 154.881805419922 208.846405029297
vertex 273.750610351563 155.806594848633 208.011901855469
endloop
endfacet
facet normal -0.220216137928 -0.670936454714 0.708060114914
outer loop
vertex 200.822494506836 161.326400756836 180.494506835938
vertex 204.784301757813 153.643707275391 174.446792602539
vertex 208.740905761719 158.265792846680 180.057098388672
endloop
endfacet
facet normal -0.272054232299 -0.943638431331 -0.188502004243
outer loop
vertex 274.708587646484 154.846405029297 211.436004638672
vertex 269.297393798828 156.448303222656 211.226593017578
vertex 273.750610351563 155.806594848633 208.011901855469
endloop
endfacet
facet normal 0.883003022497 -0.402736912272 0.241057341216
outer loop
vertex 346.067199707031 200.429000854492 233.410293579102
vertex 345.689697265625 201.310897827148 236.266494750977
vertex 344.729400634766 197.671005249023 233.702896118164
endloop
endfacet
facet normal 0.915803347684 -0.362860451552 0.172152609827
outer loop
vertex 345.689697265625 201.310897827148 236.266494750977
vertex 343.864501953125 197.249801635742 237.416107177734
vertex 344.729400634766 197.671005249023 233.702896118164
endloop
endfacet
facet normal 0.914415345933 -0.356924913909 0.190916685895
outer loop
vertex 343.864501953125 197.249801635742 237.416107177734
vertex 345.689697265625 201.310897827148 236.266494750977
vertex 344.851501464844 201.175292968750 240.027603149414
endloop
endfacet
facet normal 0.947380395732 -0.304300709729 0.099355240629
outer loop
vertex 343.578002929688 197.621704101563 241.287002563477
vertex 343.864501953125 197.249801635742 237.416107177734
vertex 344.851501464844 201.175292968750 240.027603149414
endloop
endfacet
facet normal 0.814049128580 -0.452407563044 -0.364213417050
outer loop
vertex 331.280395507813 165.026504516602 241.008499145508
vertex 328.663909912109 163.467697143555 237.096694946289
vertex 332.030792236328 167.759994506836 239.290298461914
endloop
endfacet
facet normal 0.854996010413 -0.423180607613 -0.299833279537
outer loop
vertex 335.122497558594 171.283493041992 243.133499145508
vertex 331.280395507813 165.026504516602 241.008499145508
vertex 332.030792236328 167.759994506836 239.290298461914
endloop
endfacet
facet normal 0.958325076108 -0.095177004568 -0.269359214254
outer loop
vertex 343.772888183594 194.820693969727 250.420394897461
vertex 345.488403320313 200.449295043945 254.535003662109
vertex 344.644897460938 194.620101928711 253.593704223633
endloop
endfacet
facet normal 0.950602967870 -0.151708773819 -0.270810718812
outer loop
vertex 343.772888183594 194.820693969727 250.420394897461
vertex 344.644897460938 194.620101928711 253.593704223633
vertex 342.919586181641 189.963394165039 250.146194458008
endloop
endfacet
facet normal 0.855074703486 -0.329811059449 -0.400089885555
outer loop
vertex 334.095092773438 167.526596069336 244.547195434570
vertex 337.380615234375 172.377899169922 247.569900512695
vertex 335.682098388672 167.448303222656 248.003494262695
endloop
endfacet
facet normal 0.853464713070 -0.329574409897 -0.403706195006
outer loop
vertex 337.380615234375 172.377899169922 247.569900512695
vertex 339.792907714844 173.324600219727 251.896804809570
vertex 335.682098388672 167.448303222656 248.003494262695
endloop
endfacet
facet normal 0.961932797503 -0.201751966571 -0.184340546468
outer loop
vertex 343.772888183594 194.820693969727 250.420394897461
vertex 342.122802734375 190.455093383789 246.587799072266
vertex 343.165405273438 194.888305664063 247.176406860352
endloop
endfacet
facet normal 0.969174452582 -0.211053509902 -0.127111354415
outer loop
vertex 343.165405273438 194.888305664063 247.176406860352
vertex 342.122802734375 190.455093383789 246.587799072266
vertex 342.078308105469 192.236694335938 243.290405273438
endloop
endfacet
facet normal 0.957001436227 -0.289746817435 0.013965416085
outer loop
vertex 343.578002929688 197.621704101563 241.287002563477
vertex 343.742004394531 198.359603881836 245.358093261719
vertex 342.821594238281 195.172103881836 242.298095703125
endloop
endfacet
facet normal 0.956794785296 -0.290518780357 0.011940564939
outer loop
vertex 342.181488037109 192.931900024414 239.084594726563
vertex 343.578002929688 197.621704101563 241.287002563477
vertex 342.821594238281 195.172103881836 242.298095703125
endloop
endfacet
facet normal 0.967807353818 -0.251064946202 -0.017757215009
outer loop
vertex 342.078308105469 192.236694335938 243.290405273438
vertex 342.181488037109 192.931900024414 239.084594726563
vertex 342.821594238281 195.172103881836 242.298095703125
endloop
endfacet
facet normal 0.915845794599 -0.052801016051 -0.398043381078
outer loop
vertex 346.191802978516 190.735794067383 258.505615234375
vertex 344.508911132813 190.333206176758 254.686904907227
vertex 347.160400390625 195.833496093750 260.058013916016
endloop
endfacet
facet normal 0.720145702362 -0.496262789069 -0.484884946719
outer loop
vertex 319.377197265625 151.188507080078 235.131896972656
vertex 322.731292724609 153.053695678711 238.204406738281
vertex 319.179504394531 148.302505493164 237.792007446289
endloop
endfacet
facet normal 0.772393670215 -0.531945718422 -0.347047217053
outer loop
vertex 328.663909912109 163.467697143555 237.096694946289
vertex 324.176300048828 158.871597290039 234.153793334961
vertex 327.104614257813 163.563995361328 233.478698730469
endloop
endfacet
facet normal 0.807735259741 -0.473123869196 -0.351735063034
outer loop
vertex 331.280395507813 165.026504516602 241.008499145508
vertex 326.666687011719 158.804306030273 238.783004760742
vertex 328.663909912109 163.467697143555 237.096694946289
endloop
endfacet
facet normal 0.978398133311 -0.026423198031 -0.205033917536
outer loop
vertex 347.395385742188 210.339599609375 260.831787109375
vertex 346.495086669922 207.164199829102 256.944885253906
vertex 346.939605712891 212.548492431641 258.372192382813
endloop
endfacet
facet normal 0.984512772120 -0.073379093846 -0.159217179096
outer loop
vertex 346.448303222656 209.997299194336 255.349899291992
vertex 346.495086669922 207.164199829102 256.944885253906
vertex 345.678192138672 205.423706054688 252.695800781250
endloop
endfacet
facet normal -0.194831074324 -0.641859744858 0.741658223448
outer loop
vertex 207.301803588867 164.973602294922 185.796295166016
vertex 212.615997314453 161.458602905273 184.150299072266
vertex 210.027206420898 166.071594238281 187.462493896484
endloop
endfacet
facet normal -0.165380355211 -0.608029581366 0.776498143136
outer loop
vertex 209.798202514648 170.132095336914 190.731002807617
vertex 218.445602416992 167.906600952148 190.830093383789
vertex 211.392898559570 174.073593139648 194.156997680664
endloop
endfacet
facet normal 0.884622918257 0.392450408174 0.251843144871
outer loop
vertex 343.101898193359 243.343002319336 256.563293457031
vertex 343.212890625000 244.595199584961 254.222106933594
vertex 342.052307128906 245.723907470703 256.539886474609
endloop
endfacet
facet normal 0.903652238382 0.367933899337 0.219174081010
outer loop
vertex 343.101898193359 243.343002319336 256.563293457031
vertex 343.630615234375 241.076705932617 258.187896728516
vertex 344.528900146484 240.936706542969 254.719299316406
endloop
endfacet
facet normal 0.912719398027 0.356296821931 0.199989687600
outer loop
vertex 343.630615234375 241.076705932617 258.187896728516
vertex 343.101898193359 243.343002319336 256.563293457031
vertex 342.148284912109 244.404205322266 259.024810791016
endloop
endfacet
facet normal 0.833414509235 0.480483018057 0.273050041486
outer loop
vertex 342.897573554580 247.257072087271 251.394255047480
vertex 342.398467681914 247.251601129980 252.927273594980
vertex 343.237487792969 246.639495849609 251.443496704102
endloop
endfacet
facet normal -0.179607715486 -0.610812834645 0.771134715579
outer loop
vertex 211.086303710938 179.900695800781 198.518005371094
vertex 215.616699218750 177.999801635742 198.067504882813
vertex 214.592697143555 181.069000244141 200.260101318359
endloop
endfacet
facet normal -0.129632448569 -0.639232561424 0.758008681147
outer loop
vertex 189.138900756836 178.397293090820 193.312805175781
vertex 194.205200195313 179.622802734375 195.212707519531
vertex 189.792694091797 181.315795898438 195.885803222656
endloop
endfacet
facet normal 0.711580070079 0.310462028850 0.630291307657
outer loop
vertex 350.691406250000 243.409698486328 242.256103515625
vertex 349.498504638672 243.961807250977 243.330902099609
vertex 349.821014404297 241.861999511719 244.001098632813
endloop
endfacet
facet normal 0.732467355962 0.214609340382 0.646091637054
outer loop
vertex 349.821014404297 241.861999511719 244.001098632813
vertex 350.908508300781 238.957794189453 243.732894897461
vertex 351.961700439453 241.076904296875 241.835006713867
endloop
endfacet
facet normal 0.731337758004 0.286520133061 0.618911380626
outer loop
vertex 350.691406250000 243.409698486328 242.256103515625
vertex 349.821014404297 241.861999511719 244.001098632813
vertex 351.961700439453 241.076904296875 241.835006713867
endloop
endfacet
facet normal 0.797725899689 0.265423819271 0.541464297187
outer loop
vertex 348.405303955078 242.343795776367 245.622894287109
vertex 347.284301757813 242.661102294922 247.118896484375
vertex 348.755004882813 239.504104614258 246.499694824219
endloop
endfacet
facet normal 0.788167491859 0.242909441655 0.565497133442
outer loop
vertex 349.821014404297 241.861999511719 244.001098632813
vertex 348.755004882813 239.504104614258 246.499694824219
vertex 350.908508300781 238.957794189453 243.732894897461
endloop
endfacet
facet normal -0.122171074264 -0.617075383229 0.777362335096
outer loop
vertex 195.422500610352 182.088104248047 197.360992431641
vertex 189.529205322266 184.424194335938 198.289199829102
vertex 194.205200195313 179.622802734375 195.212707519531
endloop
endfacet
facet normal -0.300528319509 -0.634993411810 0.711664314217
outer loop
vertex 219.383102416992 180.337997436523 201.117004394531
vertex 223.620697021484 180.926498413086 203.431594848633
vertex 218.158706665039 183.788696289063 203.678894042969
endloop
endfacet
facet normal 0.993168217965 -0.116690951498 0.000335653782
outer loop
vertex 346.931213378906 215.325103759766 253.007995605469
vertex 346.786499023438 214.101196289063 255.709503173828
vertex 346.406707763672 210.860000610352 252.665893554688
endloop
endfacet
facet normal 0.983335372465 0.171016568932 0.061683696469
outer loop
vertex 346.143310546875 229.844192504883 260.542999267578
vertex 345.700195312500 232.788299560547 259.444488525391
vertex 345.482788085938 232.868804931641 262.687103271484
endloop
endfacet
facet normal 0.986377552976 0.022007408389 -0.163018394549
outer loop
vertex 347.395385742188 210.339599609375 260.831787109375
vertex 346.939605712891 212.548492431641 258.372192382813
vertex 347.488800048828 216.195098876953 262.187500000000
endloop
endfacet
facet normal 0.965297912917 0.240015901461 -0.102918931028
outer loop
vertex 345.394805908203 233.560195922852 266.227996826172
vertex 345.771392822266 233.207000732422 268.936401367188
vertex 346.229187011719 230.704803466797 267.394805908203
endloop
endfacet
facet normal -0.112061174786 -0.563076678373 0.818771608800
outer loop
vertex 189.529205322266 184.424194335938 198.289199829102
vertex 198.056106567383 184.067596435547 199.210998535156
vertex 191.071502685547 189.750305175781 202.163101196289
endloop
endfacet
facet normal 0.953002224479 0.272521430442 -0.132358717459
outer loop
vertex 345.771392822266 233.207000732422 268.936401367188
vertex 345.671386718750 234.800598144531 271.497497558594
vertex 346.600494384766 230.958801269531 270.277099609375
endloop
endfacet
facet normal 0.947844025934 0.285905874439 -0.140888372350
outer loop
vertex 344.960296630859 235.969299316406 269.085205078125
vertex 345.671386718750 234.800598144531 271.497497558594
vertex 345.771392822266 233.207000732422 268.936401367188
endloop
endfacet
facet normal 0.938301566691 0.287818315389 -0.191704948480
outer loop
vertex 345.671386718750 234.800598144531 271.497497558594
vertex 346.675201416016 232.859100341797 273.495788574219
vertex 346.600494384766 230.958801269531 270.277099609375
endloop
endfacet
facet normal -0.182865782404 -0.958734612922 -0.217687959271
outer loop
vertex 277.605712890625 154.881805419922 208.846405029297
vertex 274.708587646484 154.846405029297 211.436004638672
vertex 273.750610351563 155.806594848633 208.011901855469
endloop
endfacet
facet normal -0.299008896559 -0.953911289329 -0.025434855401
outer loop
vertex 265.888214111328 158.059799194336 208.760803222656
vertex 265.355102539063 158.307998657227 205.719497680664
vertex 269.475006103516 157.001296997070 206.293106079102
endloop
endfacet
facet normal -0.274270500321 -0.147074906633 0.950339236532
outer loop
vertex 184.876602172852 230.136505126953 221.102493286133
vertex 181.416000366211 230.146499633789 220.105300903320
vertex 182.743606567383 228.206405639648 220.188201904297
endloop
endfacet
facet normal -0.282749571062 -0.153023714840 0.946908877750
outer loop
vertex 181.416000366211 230.146499633789 220.105300903320
vertex 179.418304443359 227.032806396484 219.005599975586
vertex 182.743606567383 228.206405639648 220.188201904297
endloop
endfacet
facet normal -0.209475377561 -0.250048173225 0.945302056098
outer loop
vertex 179.418304443359 227.032806396484 219.005599975586
vertex 176.241592407227 223.767395019531 217.437896728516
vertex 180.613906860352 223.917892456055 218.446594238281
endloop
endfacet
facet normal -0.063241009038 -0.833621257638 0.548704085633
outer loop
vertex 251.067398071289 130.664093017578 157.981292724609
vertex 246.065994262695 133.246307373047 161.327896118164
vertex 242.634704589844 132.313003540039 159.514495849609
endloop
endfacet
facet normal -0.055093788559 -0.816343690840 0.574932737707
outer loop
vertex 244.987899780273 129.826202392578 156.208999633789
vertex 251.067398071289 130.664093017578 157.981292724609
vertex 242.634704589844 132.313003540039 159.514495849609
endloop
endfacet
facet normal 0.930801991156 0.350828814941 -0.102600174793
outer loop
vertex 343.140991210938 242.195297241211 272.609191894531
vertex 344.606811523438 238.002807617188 271.571594238281
vertex 343.863800048828 239.244903564453 269.078094482422
endloop
endfacet
facet normal 0.919678323865 0.389593289002 -0.049080034420
outer loop
vertex 341.072439511201 246.275153957749 270.096054188863
vertex 342.505004882813 242.655395507813 268.206604003906
vertex 341.190002441406 245.545806884766 266.509490966797
endloop
endfacet
facet normal -0.042366555749 -0.816202971421 0.576209844066
outer loop
vertex 252.085800170898 126.806098937988 152.452896118164
vertex 244.987899780273 129.826202392578 156.208999633789
vertex 241.849304199219 128.262405395508 153.763107299805
endloop
endfacet
facet normal -0.567113918098 -0.688063591389 0.452714367018
outer loop
vertex 229.636093139648 184.538192749023 212.651092529297
vertex 226.152404785156 186.836700439453 211.780502319336
vertex 229.921798706055 182.720199584961 210.245895385742
endloop
endfacet
facet normal -0.374149677927 -0.927313406948 -0.010092759852
outer loop
vertex 265.888214111328 158.059799194336 208.760803222656
vertex 261.063201904297 160.008193969727 208.612594604492
vertex 265.355102539063 158.307998657227 205.719497680664
endloop
endfacet
facet normal -0.043233450526 -0.788802309453 0.613124608345
outer loop
vertex 232.662802270758 129.732053325384 155.006080578267
vertex 233.973841217680 129.026435758353 154.190729143645
vertex 236.642395019531 131.816894531250 157.968902587891
endloop
endfacet
facet normal -0.013979283341 -0.784105668155 0.620469887105
outer loop
vertex 244.329099720967 123.901806993986 148.223113823857
vertex 247.648895263672 125.236503601074 149.984603881836
vertex 238.999664783478 126.380661014284 151.235640048981
endloop
endfacet
facet normal 0.976593039774 0.160604535156 0.143081158620
outer loop
vertex 346.216308593750 230.349197387695 258.659606933594
vertex 346.489013671875 230.691894531250 256.413604736328
vertex 345.700195312500 232.788299560547 259.444488525391
endloop
endfacet
facet normal 0.936626192233 -0.349520888871 -0.023801770230
outer loop
vertex 338.901885986328 183.791793823242 238.267196655273
vertex 340.239105224609 187.576904296875 235.305206298828
vertex 340.691314697266 188.485992431641 239.750503540039
endloop
endfacet
facet normal 0.997736846291 -0.014290148203 -0.065703707788
outer loop
vertex 346.939605712891 212.548492431641 258.372192382813
vertex 346.786499023438 214.101196289063 255.709503173828
vertex 347.044494628906 217.614303588867 258.863189697266
endloop
endfacet
facet normal -0.626307828379 -0.741523235744 0.240586356561
outer loop
vertex 241.771697998047 172.685195922852 210.689498901367
vertex 239.369293212891 174.273300170898 209.330200195313
vertex 241.192703247070 172.307495117188 208.018096923828
endloop
endfacet
facet normal 0.939732807424 -0.321174406775 -0.117257200560
outer loop
vertex 338.901885986328 183.791793823242 238.267196655273
vertex 340.691314697266 188.485992431641 239.750503540039
vertex 340.420288085938 186.656906127930 242.588394165039
endloop
endfacet
facet normal 0.957971861463 -0.273954604874 -0.085081062014
outer loop
vertex 340.691314697266 188.485992431641 239.750503540039
vertex 342.078308105469 192.236694335938 243.290405273438
vertex 340.420288085938 186.656906127930 242.588394165039
endloop
endfacet
facet normal 0.797148757457 -0.440803660626 -0.412608762950
outer loop
vertex 326.666687011719 158.804306030273 238.783004760742
vertex 331.151702880859 162.117996215820 243.907806396484
vertex 326.459899902344 155.236404418945 242.195205688477
endloop
endfacet
facet normal 0.806756082219 -0.402848538162 -0.432270377315
outer loop
vertex 333.607696533203 163.077499389648 247.691604614258
vertex 333.720484456407 162.972090171736 248.000337989002
vertex 332.108534914702 160.766303426764 247.047572884326
endloop
endfacet
facet normal 0.836984088935 -0.270256679426 -0.475835015625
outer loop
vertex 339.792907714844 173.324600219727 251.896804809570
vertex 338.616265037913 170.781001448631 251.271784305573
vertex 337.255809471739 168.354029173399 250.257201144233
endloop
endfacet
facet normal 0.932219200130 0.358158702183 -0.051862384820
outer loop
vertex 343.863800048828 239.244903564453 269.078094482422
vertex 343.531494140625 239.631896972656 265.777496337891
vertex 342.505004882813 242.655395507813 268.206604003906
endloop
endfacet
facet normal 0.946174936024 0.321334651868 0.038691497108
outer loop
vertex 342.888092041016 241.762603759766 261.678894042969
vertex 343.149688720703 240.734207153320 263.822601318359
vertex 343.850585937500 238.781997680664 262.895812988281
endloop
endfacet
facet normal 0.885970474832 -0.240618143611 -0.396433130163
outer loop
vertex 339.792907714844 173.324600219727 251.896804809570
vertex 340.184814453125 176.791000366211 250.668701171875
vertex 342.483306884766 179.474700927734 254.176605224609
endloop
endfacet
facet normal 0.949232921045 -0.105669207890 -0.296295258327
outer loop
vertex 344.508911132813 190.333206176758 254.686904907227
vertex 344.644897460938 194.620101928711 253.593704223633
vertex 346.263885498047 197.997802734375 257.575805664063
endloop
endfacet
facet normal 0.875994354016 -0.423431430719 -0.230953924434
outer loop
vertex 336.390289306641 178.356201171875 236.494796752930
vertex 335.909790039063 175.916198730469 239.145797729492
vertex 333.183197021484 172.533798217773 235.005294799805
endloop
endfacet
facet normal 0.842253006000 -0.474493227173 -0.255863344876
outer loop
vertex 333.183197021484 172.533798217773 235.005294799805
vertex 334.110198974609 171.866500854492 239.294296264648
vertex 330.759094238281 167.651306152344 236.080093383789
endloop
endfacet
facet normal 0.786073899775 -0.597353143187 -0.158924656415
outer loop
vertex 331.228912353516 171.129501342773 230.425903320313
vertex 328.298706054688 167.888000488281 228.116394042969
vertex 330.943511962891 172.013595581055 225.691192626953
endloop
endfacet
facet normal 0.929885433120 -0.255179289389 -0.264946431452
outer loop
vertex 341.659210205078 184.809295654297 249.418197631836
vertex 339.470001220703 178.404495239258 247.903396606445
vertex 339.553985595703 181.134902954102 245.568405151367
endloop
endfacet
facet normal 0.929807537407 -0.244511847179 -0.275085259457
outer loop
vertex 341.659210205078 184.809295654297 249.418197631836
vertex 339.553985595703 181.134902954102 245.568405151367
vertex 340.805114746094 185.451004028320 245.960906982422
endloop
endfacet
facet normal 0.932313284979 -0.184011156318 -0.311338775295
outer loop
vertex 344.508911132813 190.333206176758 254.686904907227
vertex 341.659210205078 184.809295654297 249.418197631836
vertex 342.919586181641 189.963394165039 250.146194458008
endloop
endfacet
facet normal 0.912794287061 -0.123757621442 -0.389217986022
outer loop
vertex 344.265197753906 185.321792602539 255.708801269531
vertex 344.508911132813 190.333206176758 254.686904907227
vertex 346.191802978516 190.735794067383 258.505615234375
endloop
endfacet
facet normal 0.943675013096 -0.192782495421 -0.268909611426
outer loop
vertex 342.919586181641 189.963394165039 250.146194458008
vertex 341.659210205078 184.809295654297 249.418197631836
vertex 340.805114746094 185.451004028320 245.960906982422
endloop
endfacet
facet normal 0.845249394064 -0.427696052774 -0.320358468401
outer loop
vertex 334.110198974609 171.866500854492 239.294296264648
vertex 332.030792236328 167.759994506836 239.290298461914
vertex 330.759094238281 167.651306152344 236.080093383789
endloop
endfacet
facet normal 0.891678711786 -0.365535750122 -0.267006910641
outer loop
vertex 335.122497558594 171.283493041992 243.133499145508
vertex 337.174011230469 176.525299072266 242.808502197266
vertex 339.470001220703 178.404495239258 247.903396606445
endloop
endfacet
facet normal 0.880707504855 -0.400631470833 -0.252683033603
outer loop
vertex 333.183197021484 172.533798217773 235.005294799805
vertex 335.909790039063 175.916198730469 239.145797729492
vertex 334.110198974609 171.866500854492 239.294296264648
endloop
endfacet
facet normal 0.908486388736 -0.287404898396 -0.303398921983
outer loop
vertex 339.470001220703 178.404495239258 247.903396606445
vertex 337.174011230469 176.525299072266 242.808502197266
vertex 339.553985595703 181.134902954102 245.568405151367
endloop
endfacet
facet normal 0.956472760993 0.013001681174 -0.291531840054
outer loop
vertex 347.395385742188 210.339599609375 260.831787109375
vertex 348.061401367188 208.266006469727 262.924407958984
vertex 347.022399902344 204.479095458984 259.346710205078
endloop
endfacet
facet normal 0.959226928030 -0.155175962762 -0.236228959112
outer loop
vertex 343.772888183594 194.820693969727 250.420394897461
vertex 342.919586181641 189.963394165039 250.146194458008
vertex 342.122802734375 190.455093383789 246.587799072266
endloop
endfacet
facet normal 0.970644517429 -0.153736394168 -0.184971192064
outer loop
vertex 343.772888183594 194.820693969727 250.420394897461
vertex 343.165405273438 194.888305664063 247.176406860352
vertex 344.408996582031 199.358703613281 249.986694335938
endloop
endfacet
facet normal 0.905084394405 -0.126782752341 -0.405892070277
outer loop
vertex 344.265197753906 185.321792602539 255.708801269531
vertex 342.400299072266 183.877395629883 252.001495361328
vertex 344.508911132813 190.333206176758 254.686904907227
endloop
endfacet
facet normal 0.954963601993 -0.227616113085 -0.190356045169
outer loop
vertex 340.420288085938 186.656906127930 242.588394165039
vertex 342.122802734375 190.455093383789 246.587799072266
vertex 340.805114746094 185.451004028320 245.960906982422
endloop
endfacet
facet normal 0.937802788907 -0.009547751121 -0.347037129955
outer loop
vertex 348.243286132813 203.139892578125 262.783294677734
vertex 347.160400390625 195.833496093750 260.058013916016
vertex 346.263885498047 197.997802734375 257.575805664063
endloop
endfacet
facet normal 0.758703803389 -0.468528940045 -0.452602663562
outer loop
vertex 322.731292724609 153.053695678711 238.204406738281
vertex 326.459899902344 155.236404418945 242.195205688477
vertex 322.459991455078 150.604598999023 240.284896850586
endloop
endfacet
facet normal 0.796655470628 -0.444038006832 -0.410085734460
outer loop
vertex 326.666687011719 158.804306030273 238.783004760742
vertex 331.280395507813 165.026504516602 241.008499145508
vertex 331.151702880859 162.117996215820 243.907806396484
endloop
endfacet
facet normal 0.786641492524 -0.424965708053 -0.447883142369
outer loop
vertex 326.459899902344 155.236404418945 242.195205688477
vertex 328.931145158302 156.662210822105 245.182737708092
vertex 327.199921474374 154.541030970963 244.154738121338
endloop
endfacet
facet normal 0.884212113141 -0.401665057871 -0.238399077724
outer loop
vertex 335.909790039063 175.916198730469 239.145797729492
vertex 337.174011230469 176.525299072266 242.808502197266
vertex 334.110198974609 171.866500854492 239.294296264648
endloop
endfacet
facet normal 0.913779395761 -0.362371752309 -0.183559061371
outer loop
vertex 338.417388916016 180.879196166992 241.605194091797
vertex 336.390289306641 178.356201171875 236.494796752930
vertex 338.901885986328 183.791793823242 238.267196655273
endloop
endfacet
facet normal 0.940063487334 -0.016959815740 -0.340577457316
outer loop
vertex 347.022399902344 204.479095458984 259.346710205078
vertex 348.243286132813 203.139892578125 262.783294677734
vertex 346.263885498047 197.997802734375 257.575805664063
endloop
endfacet
facet normal 0.946332945494 -0.321754061917 -0.030467686386
outer loop
vertex 340.239105224609 187.576904296875 235.305206298828
vertex 342.181488037109 192.931900024414 239.084594726563
vertex 340.691314697266 188.485992431641 239.750503540039
endloop
endfacet
facet normal 0.960704806779 -0.037277717855 -0.275057532133
outer loop
vertex 345.488403320313 200.449295043945 254.535003662109
vertex 347.022399902344 204.479095458984 259.346710205078
vertex 346.263885498047 197.997802734375 257.575805664063
endloop
endfacet
facet normal 0.967146198013 0.042597955026 -0.250626506770
outer loop
vertex 348.306091308594 213.576599121094 264.896301269531
vertex 347.395385742188 210.339599609375 260.831787109375
vertex 347.488800048828 216.195098876953 262.187500000000
endloop
endfacet
facet normal 0.946370907743 -0.321690330820 -0.029957236766
outer loop
vertex 342.181488037109 192.931900024414 239.084594726563
vertex 342.078308105469 192.236694335938 243.290405273438
vertex 340.691314697266 188.485992431641 239.750503540039
endloop
endfacet
facet normal 0.974630412887 0.094142298287 -0.203058577630
outer loop
vertex 348.134887695313 220.571792602539 267.317687988281
vertex 348.306091308594 213.576599121094 264.896301269531
vertex 347.488800048828 216.195098876953 262.187500000000
endloop
endfacet
facet normal 0.999480855628 0.012439037589 -0.029720188049
outer loop
vertex 347.044494628906 217.614303588867 258.863189697266
vertex 346.973999023438 221.973403930664 258.316894531250
vertex 347.094696044922 222.594604492188 262.635894775391
endloop
endfacet
facet normal 0.975509686149 0.165004915410 -0.145444938446
outer loop
vertex 348.134887695313 220.571792602539 267.317687988281
vertex 347.094696044922 222.594604492188 262.635894775391
vertex 347.086914062500 226.843597412109 267.404113769531
endloop
endfacet
facet normal 0.818643560124 -0.484798170532 -0.307885458111
outer loop
vertex 332.030792236328 167.759994506836 239.290298461914
vertex 328.663909912109 163.467697143555 237.096694946289
vertex 330.759094238281 167.651306152344 236.080093383789
endloop
endfacet
facet normal 0.746796920300 -0.577847943539 -0.329220464094
outer loop
vertex 327.104614257813 163.563995361328 233.478698730469
vertex 323.811309814453 160.769805908203 230.912597656250
vertex 326.079803466797 163.955993652344 230.466003417969
endloop
endfacet
facet normal 0.969000569403 -0.154270664603 -0.192972688586
outer loop
vertex 345.488403320313 200.449295043945 254.535003662109
vertex 343.772888183594 194.820693969727 250.420394897461
vertex 344.408996582031 199.358703613281 249.986694335938
endloop
endfacet
facet normal 0.882117757612 -0.451870776873 -0.132970157230
outer loop
vertex 336.390289306641 178.356201171875 236.494796752930
vertex 333.183197021484 172.533798217773 235.005294799805
vertex 334.420288085938 176.165802001953 230.869506835938
endloop
endfacet
facet normal 0.964949759585 0.164058801606 -0.204833276328
outer loop
vertex 348.144104003906 227.282302856445 272.735809326172
vertex 348.134887695313 220.571792602539 267.317687988281
vertex 347.086914062500 226.843597412109 267.404113769531
endloop
endfacet
facet normal 0.913632312085 -0.327488819476 -0.240888089021
outer loop
vertex 337.174011230469 176.525299072266 242.808502197266
vertex 338.417388916016 180.879196166992 241.605194091797
vertex 339.553985595703 181.134902954102 245.568405151367
endloop
endfacet
facet normal 0.907896398594 0.095115423419 -0.408261173329
outer loop
vertex 348.243286132813 203.139892578125 262.783294677734
vertex 348.718700588277 204.688355326653 264.201283454895
vertex 348.645424088464 203.769720877306 263.824309632859
endloop
endfacet
facet normal 0.753479290259 -0.526807148666 -0.393374105992
outer loop
vertex 327.104614257813 163.563995361328 233.478698730469
vertex 324.176300048828 158.871597290039 234.153793334961
vertex 323.811309814453 160.769805908203 230.912597656250
endloop
endfacet
facet normal 0.979808128554 0.073371861217 -0.185990863217
outer loop
vertex 348.134887695313 220.571792602539 267.317687988281
vertex 347.488800048828 216.195098876953 262.187500000000
vertex 347.094696044922 222.594604492188 262.635894775391
endloop
endfacet
facet normal 0.994280829747 0.098228570452 -0.041913954054
outer loop
vertex 346.973999023438 221.973403930664 258.316894531250
vertex 346.649291992188 226.065093994141 260.203399658203
vertex 347.094696044922 222.594604492188 262.635894775391
endloop
endfacet
facet normal 0.716617437505 -0.508143269222 -0.477755027402
outer loop
vertex 320.040100097656 154.273696899414 232.844802856445
vertex 322.551208496094 155.092407226563 235.740600585938
vertex 319.377197265625 151.188507080078 235.131896972656
endloop
endfacet
facet normal 0.966899048166 -0.253781997835 -0.026475049195
outer loop
vertex 343.742004394531 198.359603881836 245.358093261719
vertex 342.078308105469 192.236694335938 243.290405273438
vertex 342.821594238281 195.172103881836 242.298095703125
endloop
endfacet
facet normal 0.809707096104 -0.407564764996 -0.422214851529
outer loop
vertex 331.151702880859 162.117996215820 243.907806396484
vertex 333.607696533203 163.077499389648 247.691604614258
vertex 330.827770616837 159.032599330807 246.264921026442
endloop
endfacet
facet normal -0.131016883919 -0.991304523597 -0.012244085303
outer loop
vertex 277.250000000000 155.382995605469 203.094192504883
vertex 280.152099609375 154.990707397461 203.800903320313
vertex 277.451599121094 155.322097778320 205.867401123047
endloop
endfacet
facet normal -0.159367579659 -0.985944581871 -0.050152328281
outer loop
vertex 280.152099609375 154.990707397461 203.800903320313
vertex 281.994384765625 154.527496337891 207.052993774414
vertex 277.451599121094 155.322097778320 205.867401123047
endloop
endfacet
facet normal 0.945352025178 -0.218629191947 -0.241890109184
outer loop
vertex 342.122802734375 190.455093383789 246.587799072266
vertex 342.919586181641 189.963394165039 250.146194458008
vertex 340.805114746094 185.451004028320 245.960906982422
endloop
endfacet
facet normal 0.828061185689 -0.476242347676 -0.295817340659
outer loop
vertex 329.161987304688 167.417892456055 231.985198974609
vertex 333.183197021484 172.533798217773 235.005294799805
vertex 330.759094238281 167.651306152344 236.080093383789
endloop
endfacet
facet normal 0.953274905915 0.264423759281 -0.146106226018
outer loop
vertex 346.229187011719 230.704803466797 267.394805908203
vertex 345.771392822266 233.207000732422 268.936401367188
vertex 346.600494384766 230.958801269531 270.277099609375
endloop
endfacet
facet normal -0.271975125751 -0.322877938668 0.906520472849
outer loop
vertex 191.645492553711 223.811904907227 221.384704589844
vertex 188.993194580078 225.689193725586 221.257598876953
vertex 189.013900756836 223.048599243164 220.323303222656
endloop
endfacet
facet normal -0.647957533810 -0.750915722009 -0.127579829201
outer loop
vertex 250.770904541016 165.747299194336 216.633697509766
vertex 251.109695434570 165.001602172852 219.302093505859
vertex 248.989196777344 166.669799804688 220.253005981445
endloop
endfacet
facet normal -0.247338513681 -0.384169490365 0.889515296284
outer loop
vertex 191.470993041992 221.019302368164 220.130096435547
vertex 191.645492553711 223.811904907227 221.384704589844
vertex 189.013900756836 223.048599243164 220.323303222656
endloop
endfacet
facet normal -0.243290168543 -0.436231914430 0.866320732018
outer loop
vertex 190.403305053711 218.012496948242 218.316192626953
vertex 191.470993041992 221.019302368164 220.130096435547
vertex 187.929092407227 220.731704711914 218.990600585938
endloop
endfacet
facet normal -0.253029503658 -0.390638509767 0.885086224594
outer loop
vertex 191.470993041992 221.019302368164 220.130096435547
vertex 189.013900756836 223.048599243164 220.323303222656
vertex 187.929092407227 220.731704711914 218.990600585938
endloop
endfacet
facet normal -0.255117636057 -0.389583491345 0.884951803797
outer loop
vertex 187.929092407227 220.731704711914 218.990600585938
vertex 189.013900756836 223.048599243164 220.323303222656
vertex 185.162506103516 223.593307495117 219.452804565430
endloop
endfacet
facet normal 0.934329197311 -0.288214543439 -0.209669568612
outer loop
vertex 338.417388916016 180.879196166992 241.605194091797
vertex 340.420288085938 186.656906127930 242.588394165039
vertex 340.805114746094 185.451004028320 245.960906982422
endloop
endfacet
facet normal 0.943513497660 -0.305082593521 -0.129255138639
outer loop
vertex 338.417388916016 180.879196166992 241.605194091797
vertex 338.901885986328 183.791793823242 238.267196655273
vertex 340.420288085938 186.656906127930 242.588394165039
endloop
endfacet
facet normal -0.230206150004 -0.426415542518 0.874742769961
outer loop
vertex 190.403305053711 218.012496948242 218.316192626953
vertex 187.929092407227 220.731704711914 218.990600585938
vertex 186.808593750000 217.878601074219 217.304901123047
endloop
endfacet
facet normal -0.221328766505 -0.430169615643 0.875195794606
outer loop
vertex 186.808593750000 217.878601074219 217.304901123047
vertex 187.929092407227 220.731704711914 218.990600585938
vertex 184.933197021484 220.320404052734 218.030807495117
endloop
endfacet
facet normal -0.223797005478 -0.464240255004 0.856969011093
outer loop
vertex 190.403305053711 218.012496948242 218.316192626953
vertex 186.808593750000 217.878601074219 217.304901123047
vertex 189.203994750977 215.191696166992 216.474899291992
endloop
endfacet
facet normal -0.194442909050 -0.413739463951 0.889388335369
outer loop
vertex 186.808593750000 217.878601074219 217.304901123047
vertex 184.933197021484 220.320404052734 218.030807495117
vertex 183.065902709961 217.921493530273 216.506607055664
endloop
endfacet
facet normal -0.196775616107 -0.445260525378 0.873511546258
outer loop
vertex 189.203994750977 215.191696166992 216.474899291992
vertex 186.808593750000 217.878601074219 217.304901123047
vertex 185.639007568359 214.526992797852 215.332992553711
endloop
endfacet
facet normal -0.191478312249 -0.447214443504 0.873690618846
outer loop
vertex 186.808593750000 217.878601074219 217.304901123047
vertex 183.065902709961 217.921493530273 216.506607055664
vertex 185.639007568359 214.526992797852 215.332992553711
endloop
endfacet
facet normal 0.885335221500 -0.364402827292 -0.288776946853
outer loop
vertex 337.174011230469 176.525299072266 242.808502197266
vertex 335.122497558594 171.283493041992 243.133499145508
vertex 334.110198974609 171.866500854492 239.294296264648
endloop
endfacet
facet normal 0.899389658887 -0.234184990400 -0.369128205042
outer loop
vertex 341.789703369141 180.717605590820 252.087905883789
vertex 340.184814453125 176.791000366211 250.668701171875
vertex 339.470001220703 178.404495239258 247.903396606445
endloop
endfacet
facet normal -0.143280865433 -0.418658975167 0.896769343874
outer loop
vertex 185.639007568359 214.526992797852 215.332992553711
vertex 183.065902709961 217.921493530273 216.506607055664
vertex 180.223602294922 214.587707519531 214.496093750000
endloop
endfacet
facet normal 0.988883911979 0.125192198563 0.080221705596
outer loop
vertex 346.649291992188 226.065093994141 260.203399658203
vertex 346.561187744141 228.085601806641 258.136291503906
vertex 346.143310546875 229.844192504883 260.542999267578
endloop
endfacet
facet normal -0.141251289939 -0.450967459579 0.881292473298
outer loop
vertex 185.639007568359 214.526992797852 215.332992553711
vertex 180.223602294922 214.587707519531 214.496093750000
vertex 183.921905517578 210.749694824219 213.124893188477
endloop
endfacet
facet normal 0.979953724924 0.179636022937 0.086148686990
outer loop
vertex 346.143310546875 229.844192504883 260.542999267578
vertex 346.216308593750 230.349197387695 258.659606933594
vertex 345.700195312500 232.788299560547 259.444488525391
endloop
endfacet
facet normal 0.967607377264 -0.222858008029 -0.118618176181
outer loop
vertex 343.742004394531 198.359603881836 245.358093261719
vertex 343.165405273438 194.888305664063 247.176406860352
vertex 342.078308105469 192.236694335938 243.290405273438
endloop
endfacet
facet normal 0.910388849308 -0.229802013718 -0.344068565183
outer loop
vertex 341.659210205078 184.809295654297 249.418197631836
vertex 342.400299072266 183.877395629883 252.001495361328
vertex 339.470001220703 178.404495239258 247.903396606445
endloop
endfacet
facet normal 0.972524189400 -0.112468218515 -0.203832286100
outer loop
vertex 345.678192138672 205.423706054688 252.695800781250
vertex 345.488403320313 200.449295043945 254.535003662109
vertex 344.408996582031 199.358703613281 249.986694335938
endloop
endfacet
facet normal -0.192301454137 -0.458850363957 0.867454030040
outer loop
vertex 189.203994750977 215.191696166992 216.474899291992
vertex 185.639007568359 214.526992797852 215.332992553711
vertex 191.199005126953 210.091400146484 214.219299316406
endloop
endfacet
facet normal -0.233755468623 -0.459824800275 0.856691037622
outer loop
vertex 190.403305053711 218.012496948242 218.316192626953
vertex 189.203994750977 215.191696166992 216.474899291992
vertex 192.373092651367 214.908493041992 217.187606811523
endloop
endfacet
facet normal -0.255879990758 -0.469607548491 0.844981763549
outer loop
vertex 194.936996459961 217.804306030273 219.573394775391
vertex 190.403305053711 218.012496948242 218.316192626953
vertex 192.373092651367 214.908493041992 217.187606811523
endloop
endfacet
facet normal 0.986430959479 -0.045658592875 0.157699889276
outer loop
vertex 347.203186035156 222.271194458008 254.896194458008
vertex 347.658599853516 220.577301025391 251.557098388672
vertex 347.735595703125 224.753494262695 252.284606933594
endloop
endfacet
facet normal -0.659296962070 -0.725486024241 -0.197477959366
outer loop
vertex 251.109695434570 165.001602172852 219.302093505859
vertex 251.332595825195 164.162902832031 221.639099121094
vertex 248.989196777344 166.669799804688 220.253005981445
endloop
endfacet
facet normal 0.748062727166 0.196039498977 0.634011570135
outer loop
vertex 351.961700439453 241.076904296875 241.835006713867
vertex 350.908508300781 238.957794189453 243.732894897461
vertex 353.032714843750 237.455795288086 241.690994262695
endloop
endfacet
facet normal 0.797717334098 -0.486190463363 -0.356743448734
outer loop
vertex 328.663909912109 163.467697143555 237.096694946289
vertex 327.104614257813 163.563995361328 233.478698730469
vertex 330.759094238281 167.651306152344 236.080093383789
endloop
endfacet
facet normal -0.327055822522 -0.033920455923 0.944396045960
outer loop
vertex 181.416000366211 230.146499633789 220.105300903320
vertex 183.573898315430 231.877899169922 220.914794921875
vertex 180.939300537109 233.305999755859 220.053695678711
endloop
endfacet
facet normal 0.972862429380 -0.211156580229 -0.094612853924
outer loop
vertex 343.165405273438 194.888305664063 247.176406860352
vertex 343.742004394531 198.359603881836 245.358093261719
vertex 344.408996582031 199.358703613281 249.986694335938
endloop
endfacet
facet normal -0.239664294203 -0.133422216579 0.961644184825
outer loop
vertex 179.418304443359 227.032806396484 219.005599975586
vertex 177.261199951172 229.768096923828 218.847503662109
vertex 175.364395141602 226.816802978516 217.965301513672
endloop
endfacet
facet normal -0.230402697962 -0.229816964728 0.945567956043
outer loop
vertex 176.241592407227 223.767395019531 217.437896728516
vertex 179.418304443359 227.032806396484 219.005599975586
vertex 175.364395141602 226.816802978516 217.965301513672
endloop
endfacet
facet normal -0.177832411771 -0.217156243171 0.959801437473
outer loop
vertex 176.241592407227 223.767395019531 217.437896728516
vertex 175.364395141602 226.816802978516 217.965301513672
vertex 172.415298461914 224.960906982422 216.998992919922
endloop
endfacet
facet normal 0.984121779906 -0.093361009208 -0.150957094150
outer loop
vertex 346.495086669922 207.164199829102 256.944885253906
vertex 345.488403320313 200.449295043945 254.535003662109
vertex 345.678192138672 205.423706054688 252.695800781250
endloop
endfacet
facet normal -0.134894286834 -0.227632600017 0.964358300005
outer loop
vertex 172.412578687858 223.907013385675 216.749845459327
vertex 172.415298461914 224.960906982422 216.998992919922
vertex 172.103211285819 224.773079984350 216.911002465572
endloop
endfacet
facet normal 0.972141037123 0.215730125691 -0.091664152265
outer loop
vertex 346.229187011719 230.704803466797 267.394805908203
vertex 347.086914062500 226.843597412109 267.404113769531
vertex 346.294799804688 228.926696777344 263.905914306641
endloop
endfacet
facet normal 0.989426129488 -0.132911975418 -0.058054638714
outer loop
vertex 346.406707763672 210.860000610352 252.665893554688
vertex 346.448303222656 209.997299194336 255.349899291992
vertex 345.678192138672 205.423706054688 252.695800781250
endloop
endfacet
facet normal 0.999865236640 0.015487524248 -0.005444736082
outer loop
vertex 347.016296386719 218.327896118164 255.714706420898
vertex 346.973999023438 221.973403930664 258.316894531250
vertex 347.044494628906 217.614303588867 258.863189697266
endloop
endfacet
facet normal 0.998301558598 -0.054249550951 -0.021236391473
outer loop
vertex 346.786499023438 214.101196289063 255.709503173828
vertex 347.016296386719 218.327896118164 255.714706420898
vertex 347.044494628906 217.614303588867 258.863189697266
endloop
endfacet
facet normal 0.887906400657 -0.087507595873 -0.451624450553
outer loop
vertex 344.661152503804 184.761684787321 256.595787004368
vertex 344.265197753906 185.321792602539 255.708801269531
vertex 344.765062426879 185.124322772026 256.729811429977
endloop
endfacet
facet normal 0.962734270142 -0.048868356080 -0.265997385077
outer loop
vertex 346.495086669922 207.164199829102 256.944885253906
vertex 347.022399902344 204.479095458984 259.346710205078
vertex 345.488403320313 200.449295043945 254.535003662109
endloop
endfacet
facet normal 0.994575381749 0.026277383476 0.100644468980
outer loop
vertex 347.035614013672 226.590194702148 255.424499511719
vertex 346.874603271484 224.992004394531 257.432891845703
vertex 347.203186035156 222.271194458008 254.896194458008
endloop
endfacet
facet normal 0.977452773350 0.012138086120 0.210804987454
outer loop
vertex 347.035614013672 226.590194702148 255.424499511719
vertex 347.203186035156 222.271194458008 254.896194458008
vertex 347.735595703125 224.753494262695 252.284606933594
endloop
endfacet
facet normal 0.979394065544 0.032501252573 0.199326197373
outer loop
vertex 347.035614013672 226.590194702148 255.424499511719
vertex 347.735595703125 224.753494262695 252.284606933594
vertex 347.411407470703 228.767501831055 253.223007202148
endloop
endfacet
facet normal 0.862487040744 -0.366993190019 -0.348471093532
outer loop
vertex 337.380615234375 172.377899169922 247.569900512695
vertex 334.095092773438 167.526596069336 244.547195434570
vertex 335.122497558594 171.283493041992 243.133499145508
endloop
endfacet
facet normal 0.979741225649 0.150308672516 -0.132342108679
outer loop
vertex 347.086914062500 226.843597412109 267.404113769531
vertex 347.094696044922 222.594604492188 262.635894775391
vertex 346.294799804688 228.926696777344 263.905914306641
endloop
endfacet
facet normal -0.184333899155 -0.639406096452 0.746445481896
outer loop
vertex 212.615997314453 161.458602905273 184.150299072266
vertex 215.599197387695 164.588302612305 187.567901611328
vertex 210.027206420898 166.071594238281 187.462493896484
endloop
endfacet
facet normal -0.180226280453 -0.622924597345 0.761238092752
outer loop
vertex 210.027206420898 166.071594238281 187.462493896484
vertex 215.599197387695 164.588302612305 187.567901611328
vertex 209.798202514648 170.132095336914 190.731002807617
endloop
endfacet
facet normal -0.167015569680 -0.614631274625 0.770930733424
outer loop
vertex 215.599197387695 164.588302612305 187.567901611328
vertex 218.445602416992 167.906600952148 190.830093383789
vertex 209.798202514648 170.132095336914 190.731002807617
endloop
endfacet
facet normal 0.772090054287 -0.541245617119 -0.333061751063
outer loop
vertex 329.161987304688 167.417892456055 231.985198974609
vertex 327.104614257813 163.563995361328 233.478698730469
vertex 326.079803466797 163.955993652344 230.466003417969
endloop
endfacet
facet normal 0.770438689122 -0.589176111125 -0.243507158793
outer loop
vertex 328.298706054688 167.888000488281 228.116394042969
vertex 329.161987304688 167.417892456055 231.985198974609
vertex 327.250213623047 165.884994506836 229.645401000977
endloop
endfacet
facet normal -0.340965573644 -0.933835404440 0.108138406704
outer loop
vertex 262.439208984375 159.229705810547 204.485000610352
vertex 265.518310546875 157.833206176758 202.134002685547
vertex 265.355102539063 158.307998657227 205.719497680664
endloop
endfacet
facet normal 0.724406457431 -0.524204745871 -0.447710474345
outer loop
vertex 324.176300048828 158.871597290039 234.153793334961
vertex 320.040100097656 154.273696899414 232.844802856445
vertex 320.694793701172 157.180297851563 230.500900268555
endloop
endfacet
facet normal -0.362153362523 -0.916953318628 0.167456124017
outer loop
vertex 258.420410156250 160.744094848633 204.086105346680
vertex 261.773895263672 159.015792846680 201.874801635742
vertex 262.439208984375 159.229705810547 204.485000610352
endloop
endfacet
facet normal -0.161636553809 -0.595416604405 0.786989638859
outer loop
vertex 211.440597534180 176.899703979492 196.320297241211
vertex 217.087097167969 174.228302001953 195.458892822266
vertex 211.086303710938 179.900695800781 198.518005371094
endloop
endfacet
facet normal -0.176956785963 -0.605609375997 0.775837340946
outer loop
vertex 217.087097167969 174.228302001953 195.458892822266
vertex 215.616699218750 177.999801635742 198.067504882813
vertex 211.086303710938 179.900695800781 198.518005371094
endloop
endfacet
facet normal -0.308597194491 -0.949715642024 0.052990290131
outer loop
vertex 265.355102539063 158.307998657227 205.719497680664
vertex 267.684600830078 157.456100463867 204.017593383789
vertex 269.475006103516 157.001296997070 206.293106079102
endloop
endfacet
facet normal -0.201544045927 -0.612996784297 0.763946948416
outer loop
vertex 215.616699218750 177.999801635742 198.067504882813
vertex 219.518005371094 176.669494628906 198.029296875000
vertex 214.592697143555 181.069000244141 200.260101318359
endloop
endfacet
facet normal -0.228883090047 -0.631764300085 0.740598676902
outer loop
vertex 219.518005371094 176.669494628906 198.029296875000
vertex 219.383102416992 180.337997436523 201.117004394531
vertex 214.592697143555 181.069000244141 200.260101318359
endloop
endfacet
facet normal -0.387610423914 -0.658305532255 0.645284422155
outer loop
vertex 223.620697021484 180.926498413086 203.431594848633
vertex 225.360198974609 182.894302368164 206.483993530273
vertex 221.303298950195 186.205596923828 207.425201416016
endloop
endfacet
facet normal -0.407333407833 -0.674172279095 0.616093526149
outer loop
vertex 225.360198974609 182.894302368164 206.483993530273
vertex 224.325302124023 185.784301757813 208.962203979492
vertex 221.303298950195 186.205596923828 207.425201416016
endloop
endfacet
facet normal -0.483418117149 -0.669871920303 0.563541067183
outer loop
vertex 226.152404785156 186.836700439453 211.780502319336
vertex 220.826599121094 190.198898315430 211.208496093750
vertex 224.325302124023 185.784301757813 208.962203979492
endloop
endfacet
facet normal -0.590664763936 -0.771305405198 0.237071948058
outer loop
vertex 244.244598388672 169.990707397461 208.084304809570
vertex 241.771697998047 172.685195922852 210.689498901367
vertex 241.192703247070 172.307495117188 208.018096923828
endloop
endfacet
facet normal -0.631256826020 -0.729470880639 0.263414224945
outer loop
vertex 241.771697998047 172.685195922852 210.689498901367
vertex 239.024795532227 175.310592651367 211.377197265625
vertex 239.369293212891 174.273300170898 209.330200195313
endloop
endfacet
facet normal 0.880924035243 -0.284482114213 -0.378209956009
outer loop
vertex 337.380615234375 172.377899169922 247.569900512695
vertex 335.122497558594 171.283493041992 243.133499145508
vertex 339.470001220703 178.404495239258 247.903396606445
endloop
endfacet
facet normal 0.988459248768 0.069541571592 0.134581883423
outer loop
vertex 346.561187744141 228.085601806641 258.136291503906
vertex 346.874603271484 224.992004394531 257.432891845703
vertex 347.035614013672 226.590194702148 255.424499511719
endloop
endfacet
facet normal 0.819647288312 -0.357040150424 -0.447996265329
outer loop
vertex 335.682098388672 167.448303222656 248.003494262695
vertex 334.255293781687 163.751536634100 248.339250570134
vertex 333.607696533203 163.077499389648 247.691604614258
endloop
endfacet
facet normal 0.899291512151 -0.184620771551 -0.396471874015
outer loop
vertex 342.400299072266 183.877395629883 252.001495361328
vertex 341.789703369141 180.717605590820 252.087905883789
vertex 339.470001220703 178.404495239258 247.903396606445
endloop
endfacet
facet normal -0.299230828271 -0.953121879196 0.044939902196
outer loop
vertex 267.684600830078 157.456100463867 204.017593383789
vertex 270.353210449219 156.519195556641 201.915802001953
vertex 269.475006103516 157.001296997070 206.293106079102
endloop
endfacet
facet normal 0.873465492963 0.430293745457 0.227827402267
outer loop
vertex 342.052307128906 245.723907470703 256.539886474609
vertex 343.212890625000 244.595199584961 254.222106933594
vertex 341.696429243549 247.187296897641 255.140404841418
endloop
endfacet
facet normal 0.854807292231 0.414361898481 0.312423927117
outer loop
vertex 341.876986695674 247.202962552291 254.418579742651
vertex 343.212890625000 244.595199584961 254.222106933594
vertex 343.237487792969 246.639495849609 251.443496704102
endloop
endfacet
facet normal 0.979335393385 -0.184879940063 -0.081985334218
outer loop
vertex 344.892211914063 202.946701049805 248.892807006836
vertex 345.812103271484 207.516403198242 249.576293945313
vertex 345.678192138672 205.423706054688 252.695800781250
endloop
endfacet
facet normal 0.946371379469 -0.086685238005 -0.311234448021
outer loop
vertex 344.644897460938 194.620101928711 253.593704223633
vertex 345.488403320313 200.449295043945 254.535003662109
vertex 346.263885498047 197.997802734375 257.575805664063
endloop
endfacet
facet normal 0.991024235455 0.133428146648 -0.008239807161
outer loop
vertex 346.649291992188 226.065093994141 260.203399658203
vertex 346.143310546875 229.844192504883 260.542999267578
vertex 346.294799804688 228.926696777344 263.905914306641
endloop
endfacet
facet normal 0.919386111375 -0.064242015952 -0.388074917506
outer loop
vertex 347.160400390625 195.833496093750 260.058013916016
vertex 344.508911132813 190.333206176758 254.686904907227
vertex 346.263885498047 197.997802734375 257.575805664063
endloop
endfacet
facet normal 0.944150744009 0.273691465898 -0.183500283600
outer loop
vertex 346.600494384766 230.958801269531 270.277099609375
vertex 346.675201416016 232.859100341797 273.495788574219
vertex 348.144104003906 227.282302856445 272.735809326172
endloop
endfacet
facet normal 0.992284062107 0.068356058702 -0.103439785996
outer loop
vertex 347.488800048828 216.195098876953 262.187500000000
vertex 347.044494628906 217.614303588867 258.863189697266
vertex 347.094696044922 222.594604492188 262.635894775391
endloop
endfacet
facet normal 0.970459502349 0.105082916140 0.217177197319
outer loop
vertex 346.489013671875 230.691894531250 256.413604736328
vertex 347.411407470703 228.767501831055 253.223007202148
vertex 346.945190429688 231.607604980469 253.932098388672
endloop
endfacet
facet normal 0.968918626356 0.072051916399 0.236654213663
outer loop
vertex 346.489013671875 230.691894531250 256.413604736328
vertex 347.035614013672 226.590194702148 255.424499511719
vertex 347.411407470703 228.767501831055 253.223007202148
endloop
endfacet
facet normal 0.996082274892 -0.078521415041 -0.040675410576
outer loop
vertex 346.786499023438 214.101196289063 255.709503173828
vertex 346.448303222656 209.997299194336 255.349899291992
vertex 346.406707763672 210.860000610352 252.665893554688
endloop
endfacet
facet normal 0.899964311433 0.398476331603 0.176863934424
outer loop
vertex 343.101898193359 243.343002319336 256.563293457031
vertex 342.052307128906 245.723907470703 256.539886474609
vertex 342.148284912109 244.404205322266 259.024810791016
endloop
endfacet
facet normal 0.904325216408 0.357079669944 0.233858958095
outer loop
vertex 343.212890625000 244.595199584961 254.222106933594
vertex 343.101898193359 243.343002319336 256.563293457031
vertex 344.528900146484 240.936706542969 254.719299316406
endloop
endfacet
facet normal 0.919324241738 0.375542031703 0.117520725730
outer loop
vertex 342.888092041016 241.762603759766 261.678894042969
vertex 342.148284912109 244.404205322266 259.024810791016
vertex 340.975006103516 246.125000000000 262.704101562500
endloop
endfacet
facet normal 0.947382906801 0.102149838758 -0.303366178640
outer loop
vertex 348.306091308594 213.576599121094 264.896301269531
vertex 349.185725712358 211.698174476624 267.010807991028
vertex 349.155032428518 210.295878459089 266.442773000052
endloop
endfacet
facet normal -0.172305765064 -0.437568990512 0.882521445557
outer loop
vertex 185.639007568359 214.526992797852 215.332992553711
vertex 183.921905517578 210.749694824219 213.124893188477
vertex 191.199005126953 210.091400146484 214.219299316406
endloop
endfacet
facet normal -0.252374871809 -0.472329419391 0.844518705333
outer loop
vertex 194.936996459961 217.804306030273 219.573394775391
vertex 192.373092651367 214.908493041992 217.187606811523
vertex 196.495498657227 212.918395996094 217.306503295898
endloop
endfacet
facet normal 0.876072838967 -0.282089574165 -0.391052238163
outer loop
vertex 340.184814453125 176.791000366211 250.668701171875
vertex 337.380615234375 172.377899169922 247.569900512695
vertex 339.470001220703 178.404495239258 247.903396606445
endloop
endfacet
facet normal 0.899193667182 -0.391453592991 0.195486146400
outer loop
vertex 344.729400634766 197.671005249023 233.702896118164
vertex 342.599487304688 192.866806030273 233.879806518555
vertex 344.354492187500 194.921493530273 229.921600341797
endloop
endfacet
facet normal 0.675424870136 -0.534535732873 -0.508008656504
outer loop
vertex 316.988189697266 150.780303955078 232.385101318359
vertex 319.377197265625 151.188507080078 235.131896972656
vertex 315.120086669922 146.543304443359 234.359603881836
endloop
endfacet
facet normal 0.767556909448 -0.486137640898 0.417763790750
outer loop
vertex 348.935089111328 205.887100219727 233.378097534180
vertex 348.291107177734 202.218795776367 230.292602539063
vertex 351.273193359375 206.751007080078 230.087600708008
endloop
endfacet
facet normal 0.891248405799 -0.433552746441 0.133072518628
outer loop
vertex 342.599487304688 192.866806030273 233.879806518555
vertex 340.948211669922 188.768096923828 231.585494995117
vertex 342.287689208984 191.025299072266 229.968399047852
endloop
endfacet
facet normal 0.874428185058 -0.462079573772 0.147843892935
outer loop
vertex 344.354492187500 194.921493530273 229.921600341797
vertex 342.599487304688 192.866806030273 233.879806518555
vertex 342.287689208984 191.025299072266 229.968399047852
endloop
endfacet
facet normal 0.828733901432 -0.501215851795 0.248963432109
outer loop
vertex 345.149902343750 194.466903686523 226.358703613281
vertex 344.354492187500 194.921493530273 229.921600341797
vertex 343.009399414063 191.008407592773 226.521194458008
endloop
endfacet
facet normal 0.798826931260 -0.507477102606 0.323020934654
outer loop
vertex 346.869201660156 195.829193115234 224.247100830078
vertex 346.881195068359 198.101806640625 227.787796020508
vertex 345.149902343750 194.466903686523 226.358703613281
endloop
endfacet
facet normal 0.869196322396 -0.458867263715 0.184224285653
outer loop
vertex 344.354492187500 194.921493530273 229.921600341797
vertex 342.287689208984 191.025299072266 229.968399047852
vertex 343.009399414063 191.008407592773 226.521194458008
endloop
endfacet
facet normal 0.652134848545 -0.552695260525 0.518891210474
outer loop
vertex 353.789306640625 204.405197143555 224.027603149414
vertex 355.741302490234 208.009994506836 225.414001464844
vertex 353.142913818359 206.344100952148 226.905197143555
endloop
endfacet
facet normal 0.670159616199 -0.527332959426 -0.522308375118
outer loop
vertex 319.377197265625 151.188507080078 235.131896972656
vertex 319.179504394531 148.302505493164 237.792007446289
vertex 315.120086669922 146.543304443359 234.359603881836
endloop
endfacet
facet normal 0.808609395325 -0.538710899669 0.236519369969
outer loop
vertex 343.009399414063 191.008407592773 226.521194458008
vertex 342.472991943359 188.608200073242 222.888198852539
vertex 344.783905029297 192.291900634766 223.377899169922
endloop
endfacet
facet normal 0.700328478737 -0.512380164399 -0.496997574441
outer loop
vertex 319.179504394531 148.302505493164 237.792007446289
vertex 318.539604328790 145.904645323753 239.362388849258
vertex 317.105522600382 144.705920716938 238.577424124691
endloop
endfacet
facet normal -0.207014045436 -0.678414653057 0.704910450703
outer loop
vertex 204.784301757813 153.643707275391 174.446792602539
vertex 213.663299560547 152.790100097656 176.232803344727
vertex 208.740905761719 158.265792846680 180.057098388672
endloop
endfacet
facet normal -0.210290564860 -0.664310238110 0.717265491902
outer loop
vertex 212.615997314453 161.458602905273 184.150299072266
vertex 206.357604980469 162.491302490234 183.271896362305
vertex 208.740905761719 158.265792846680 180.057098388672
endloop
endfacet
facet normal -0.161733689811 -0.605385339237 0.779327148646
outer loop
vertex 218.445602416992 167.906600952148 190.830093383789
vertex 217.087097167969 174.228302001953 195.458892822266
vertex 211.392898559570 174.073593139648 194.156997680664
endloop
endfacet
facet normal -0.163175618449 -0.597947506594 0.784749958205
outer loop
vertex 211.392898559570 174.073593139648 194.156997680664
vertex 217.087097167969 174.228302001953 195.458892822266
vertex 211.440597534180 176.899703979492 196.320297241211
endloop
endfacet
facet normal -0.284475611536 -0.665523941180 0.690037325192
outer loop
vertex 219.383102416992 180.337997436523 201.117004394531
vertex 226.531997680664 173.991104125977 197.942794799805
vertex 223.620697021484 180.926498413086 203.431594848633
endloop
endfacet
facet normal -0.449403350087 -0.668789339114 0.592247793426
outer loop
vertex 225.360198974609 182.894302368164 206.483993530273
vertex 228.043594360352 182.597305297852 208.184799194336
vertex 224.325302124023 185.784301757813 208.962203979492
endloop
endfacet
facet normal -0.592586544232 -0.674890586534 0.439731604280
outer loop
vertex 232.813598632813 181.109603881836 211.671005249023
vertex 229.636093139648 184.538192749023 212.651092529297
vertex 229.921798706055 182.720199584961 210.245895385742
endloop
endfacet
facet normal -0.217824919348 -0.682843092065 0.697336085492
outer loop
vertex 213.663299560547 152.790100097656 176.232803344727
vertex 214.996093750000 156.924301147461 180.697402954102
vertex 208.740905761719 158.265792846680 180.057098388672
endloop
endfacet
facet normal 0.763059142976 -0.641372223357 -0.079890020821
outer loop
vertex 330.943511962891 172.013595581055 225.691192626953
vertex 330.268798828125 171.795196533203 221.000106811523
vertex 332.956298828125 174.880401611328 221.900802612305
endloop
endfacet
facet normal 0.594376048926 -0.358460783601 0.719877058311
outer loop
vertex 361.818206787109 220.990203857422 230.073898315430
vertex 361.892486572266 224.752700805664 231.886093139648
vertex 359.008209228516 221.580001831055 232.687698364258
endloop
endfacet
facet normal 0.829638327696 0.388496042819 0.400962678975
outer loop
vertex 343.237487792969 246.639495849609 251.443496704102
vertex 344.893493652344 243.068695068359 251.476806640625
vertex 345.011505126953 245.023193359375 249.338897705078
endloop
endfacet
facet normal -0.044647621958 -0.803244899370 0.593973249810
outer loop
vertex 269.951293945313 148.317001342773 183.149795532227
vertex 270.330810546875 145.912902832031 179.927200317383
vertex 273.409088134766 147.409301757813 182.182205200195
endloop
endfacet
facet normal -0.206531426141 -0.683585389706 0.700039845292
outer loop
vertex 211.038894653320 148.485595703125 171.255203247070
vertex 213.663299560547 152.790100097656 176.232803344727
vertex 204.784301757813 153.643707275391 174.446792602539
endloop
endfacet
facet normal -0.094237347861 -0.745276302174 0.660062539223
outer loop
vertex 224.130905151367 137.120193481445 162.370895385742
vertex 222.885926096745 136.047638535512 160.982128028467
vertex 226.341600955102 133.694044502658 158.818053961203
endloop
endfacet
facet normal -0.327604978794 -0.702539706062 0.631753859724
outer loop
vertex 238.775299072266 165.010498046875 194.099899291992
vertex 241.484603881836 161.141998291016 191.202896118164
vertex 242.594299316406 163.390701293945 194.279006958008
endloop
endfacet
facet normal -0.443306260680 -0.752767082503 0.486642865705
outer loop
vertex 243.431304931641 165.164398193359 197.157897949219
vertex 243.923492431641 166.730895996094 200.029403686523
vertex 240.585800170898 168.292297363281 199.404205322266
endloop
endfacet
facet normal -0.582300631455 -0.758717162283 0.292017537597
outer loop
vertex 242.133697509766 170.665893554688 205.629302978516
vertex 244.244598388672 169.990707397461 208.084304809570
vertex 241.192703247070 172.307495117188 208.018096923828
endloop
endfacet
facet normal -0.579462947843 -0.750143852504 0.318601463631
outer loop
vertex 239.369293212891 174.273300170898 209.330200195313
vertex 238.354507446289 173.948501586914 206.719802856445
vertex 241.192703247070 172.307495117188 208.018096923828
endloop
endfacet
facet normal 0.619697944980 -0.252388492234 0.743151738191
outer loop
vertex 361.892486572266 224.752700805664 231.886093139648
vertex 361.354888916016 229.025497436523 233.785507202148
vertex 358.533111572266 225.532104492188 234.952102661133
endloop
endfacet
facet normal -0.086898435213 -0.854400132064 0.512297839432
outer loop
vertex 269.102508544922 152.124404907227 189.049499511719
vertex 267.326904296875 150.327697753906 185.751800537109
vertex 272.455291748047 150.146499633789 186.319503784180
endloop
endfacet
facet normal 0.872784650732 -0.487827351104 -0.016475101234
outer loop
vertex 336.938201904297 180.740005493164 228.816406250000
vertex 337.632507324219 181.824600219727 233.483093261719
vertex 334.420288085938 176.165802001953 230.869506835938
endloop
endfacet
facet normal 0.755759923407 -0.318348632169 0.572259632132
outer loop
vertex 354.664794921875 218.850906372070 235.710998535156
vertex 353.579193115234 221.194396972656 238.448394775391
vertex 352.199310302734 216.483001708984 237.649795532227
endloop
endfacet
facet normal 0.860866002556 -0.289690662758 0.418316919995
outer loop
vertex 349.596496582031 219.940200805664 244.921493530273
vertex 349.598785400391 215.151306152344 241.600402832031
vertex 351.346984863281 219.481994628906 241.001800537109
endloop
endfacet
facet normal 0.864526436838 -0.169758462142 0.473049790761
outer loop
vertex 349.596496582031 219.940200805664 244.921493530273
vertex 351.929595947266 224.508804321289 242.297103881836
vertex 349.818603515625 224.887298583984 246.290893554688
endloop
endfacet
facet normal 0.932217291903 -0.134819218276 0.335849220724
outer loop
vertex 349.596496582031 219.940200805664 244.921493530273
vertex 349.818603515625 224.887298583984 246.290893554688
vertex 348.556304931641 222.641906738281 248.893295288086
endloop
endfacet
facet normal -0.026721766118 -0.783088172433 0.621336351271
outer loop
vertex 270.330810546875 145.912902832031 179.927200317383
vertex 271.728698730469 143.176300048828 176.538299560547
vertex 273.614898681641 145.208297729492 179.180404663086
endloop
endfacet
facet normal 0.718585201348 -0.494763607951 -0.488716973975
outer loop
vertex 322.731292724609 153.053695678711 238.204406738281
vertex 322.459991455078 150.604598999023 240.284896850586
vertex 319.179504394531 148.302505493164 237.792007446289
endloop
endfacet
facet normal -0.047219648092 -0.838043669494 0.543555988704
outer loop
vertex 272.455291748047 150.146499633789 186.319503784180
vertex 273.409088134766 147.409301757813 182.182205200195
vertex 277.691009521484 148.382995605469 184.055404663086
endloop
endfacet
facet normal 0.710474390973 -0.569429254989 -0.413493002763
outer loop
vertex 323.811309814453 160.769805908203 230.912597656250
vertex 324.176300048828 158.871597290039 234.153793334961
vertex 320.694793701172 157.180297851563 230.500900268555
endloop
endfacet
facet normal -0.090252141353 -0.830026342919 0.550373346958
outer loop
vertex 267.326904296875 150.327697753906 185.751800537109
vertex 269.951293945313 148.317001342773 183.149795532227
vertex 272.455291748047 150.146499633789 186.319503784180
endloop
endfacet
facet normal -0.182410629540 -0.667739274148 0.721699815707
outer loop
vertex 204.784301757813 153.643707275391 174.446792602539
vertex 205.473825335503 151.059716939926 172.230281850694
vertex 208.534855691241 148.010418062115 170.182654689183
endloop
endfacet
facet normal 0.627094401607 -0.553270163598 -0.548310803783
outer loop
vertex 316.759399414063 153.382705688477 229.497497558594
vertex 316.988189697266 150.780303955078 232.385101318359
vertex 313.973907470703 149.257003784180 230.474792480469
endloop
endfacet
facet normal 0.821937339581 -0.358512652502 -0.442592010545
outer loop
vertex 331.151702880859 162.117996215820 243.907806396484
vertex 335.682098388672 167.448303222656 248.003494262695
vertex 333.607696533203 163.077499389648 247.691604614258
endloop
endfacet
facet normal 0.775062149567 -0.578449624366 -0.254312202577
outer loop
vertex 329.161987304688 167.417892456055 231.985198974609
vertex 326.079803466797 163.955993652344 230.466003417969
vertex 327.250213623047 165.884994506836 229.645401000977
endloop
endfacet
facet normal -0.291876154366 -0.633826390367 0.716290735237
outer loop
vertex 218.158706665039 183.788696289063 203.678894042969
vertex 218.067794799805 186.135192871094 205.718200683594
vertex 215.929595947266 186.014694213867 204.740295410156
endloop
endfacet
facet normal -0.255065792891 -0.612265356332 0.748379966816
outer loop
vertex 213.770202636719 185.378204345703 203.483596801758
vertex 218.158706665039 183.788696289063 203.678894042969
vertex 215.929595947266 186.014694213867 204.740295410156
endloop
endfacet
facet normal -0.214169320015 -0.655243759033 0.724421920301
outer loop
vertex 206.357604980469 162.491302490234 183.271896362305
vertex 207.301803588867 164.973602294922 185.796295166016
vertex 203.361602783203 165.218704223633 184.853103637695
endloop
endfacet
facet normal -0.039204202202 -0.807105412028 0.589104306897
outer loop
vertex 273.409088134766 147.409301757813 182.182205200195
vertex 270.330810546875 145.912902832031 179.927200317383
vertex 273.614898681641 145.208297729492 179.180404663086
endloop
endfacet
facet normal -0.047105185148 -0.861455914052 0.505642966604
outer loop
vertex 280.805999755859 150.317398071289 187.641204833984
vertex 276.541503906250 150.897598266602 188.232406616211
vertex 277.691009521484 148.382995605469 184.055404663086
endloop
endfacet
facet normal -0.230306227277 -0.487948712401 0.841941266208
outer loop
vertex 196.495498657227 212.918395996094 217.306503295898
vertex 191.199005126953 210.091400146484 214.219299316406
vertex 200.504699707031 206.950195312500 214.944305419922
endloop
endfacet
facet normal -0.126767754435 -0.759753641184 0.637733754119
outer loop
vertex 224.130905151367 137.120193481445 162.370895385742
vertex 228.437194824219 133.244705200195 158.609893798828
vertex 230.939300537109 136.264801025391 162.705200195313
endloop
endfacet
facet normal -0.172719519395 -0.472881676778 0.864031762950
outer loop
vertex 191.199005126953 210.091400146484 214.219299316406
vertex 183.921905517578 210.749694824219 213.124893188477
vertex 186.378097534180 207.042602539063 211.587005615234
endloop
endfacet
facet normal -0.143929125190 -0.763593140390 0.629452081473
outer loop
vertex 233.101898193359 138.871002197266 166.361297607422
vertex 229.215301513672 139.754196166992 166.544006347656
vertex 230.939300537109 136.264801025391 162.705200195313
endloop
endfacet
facet normal -0.248326081894 -0.463582527727 0.850544177005
outer loop
vertex 192.373092651367 214.908493041992 217.187606811523
vertex 191.199005126953 210.091400146484 214.219299316406
vertex 196.495498657227 212.918395996094 217.306503295898
endloop
endfacet
facet normal -0.233496333109 -0.468219284320 0.852203123800
outer loop
vertex 189.203994750977 215.191696166992 216.474899291992
vertex 191.199005126953 210.091400146484 214.219299316406
vertex 192.373092651367 214.908493041992 217.187606811523
endloop
endfacet
facet normal -0.264242179972 -0.530888796838 0.805191378317
outer loop
vertex 200.504699707031 206.950195312500 214.944305419922
vertex 201.445098876953 200.140701293945 210.763198852539
vertex 206.789703369141 200.598205566406 212.818801879883
endloop
endfacet
facet normal -0.288160587121 -0.720550359684 0.630690617648
outer loop
vertex 241.484603881836 161.141998291016 191.202896118164
vertex 246.018798828125 160.025604248047 191.999099731445
vertex 242.594299316406 163.390701293945 194.279006958008
endloop
endfacet
facet normal -0.348901794274 -0.742483001680 0.571827360458
outer loop
vertex 242.594299316406 163.390701293945 194.279006958008
vertex 246.018798828125 160.025604248047 191.999099731445
vertex 245.955596923828 162.378097534180 195.015106201172
endloop
endfacet
facet normal -0.348980588967 -0.749149546634 0.563016434309
outer loop
vertex 243.431304931641 165.164398193359 197.157897949219
vertex 242.594299316406 163.390701293945 194.279006958008
vertex 245.955596923828 162.378097534180 195.015106201172
endloop
endfacet
facet normal -0.401315625006 -0.758471400201 0.513485057430
outer loop
vertex 247.768005371094 163.426300048828 197.979904174805
vertex 243.431304931641 165.164398193359 197.157897949219
vertex 245.955596923828 162.378097534180 195.015106201172
endloop
endfacet
facet normal -0.224232436463 -0.532225603978 0.816367393340
outer loop
vertex 201.445098876953 200.140701293945 210.763198852539
vertex 200.504699707031 206.950195312500 214.944305419922
vertex 196.103103637695 204.204696655273 211.945404052734
endloop
endfacet
facet normal -0.033362682196 -0.826227287858 0.562348113036
outer loop
vertex 284.370788574219 147.883895874023 183.718399047852
vertex 277.691009521484 148.382995605469 184.055404663086
vertex 279.921203613281 145.376205444336 179.770004272461
endloop
endfacet
facet normal -0.044162675082 -0.828464634558 0.558297418422
outer loop
vertex 279.921203613281 145.376205444336 179.770004272461
vertex 277.691009521484 148.382995605469 184.055404663086
vertex 276.189208984375 146.012298583984 180.418701171875
endloop
endfacet
facet normal -0.031549808717 -0.807074339208 0.589606326765
outer loop
vertex 273.409088134766 147.409301757813 182.182205200195
vertex 273.614898681641 145.208297729492 179.180404663086
vertex 276.189208984375 146.012298583984 180.418701171875
endloop
endfacet
facet normal -0.030430681581 -0.795593540553 0.605066022719
outer loop
vertex 279.921203613281 145.376205444336 179.770004272461
vertex 276.189208984375 146.012298583984 180.418701171875
vertex 276.127410888672 143.274505615234 176.815704345703
endloop
endfacet
facet normal -0.042648397482 -0.795136828583 0.604928539600
outer loop
vertex 276.189208984375 146.012298583984 180.418701171875
vertex 273.614898681641 145.208297729492 179.180404663086
vertex 276.127410888672 143.274505615234 176.815704345703
endloop
endfacet
facet normal -0.030687626235 -0.795424268194 0.605275559695
outer loop
vertex 279.921203613281 145.376205444336 179.770004272461
vertex 276.127410888672 143.274505615234 176.815704345703
vertex 280.732788085938 141.744400024414 175.038406372070
endloop
endfacet
facet normal -0.014569025995 -0.776117046356 0.630420553153
outer loop
vertex 280.732788085938 141.744400024414 175.038406372070
vertex 276.127410888672 143.274505615234 176.815704345703
vertex 276.701385498047 140.036804199219 172.843002319336
endloop
endfacet
facet normal -0.024971052684 -0.776691585028 0.629385913629
outer loop
vertex 276.127410888672 143.274505615234 176.815704345703
vertex 273.502197265625 140.873092651367 173.748092651367
vertex 276.701385498047 140.036804199219 172.843002319336
endloop
endfacet
facet normal -0.117772221772 -0.446089229454 0.887205783989
outer loop
vertex 186.378097534180 207.042602539063 211.587005615234
vertex 183.921905517578 210.749694824219 213.124893188477
vertex 182.181503295898 207.424392700195 211.221893310547
endloop
endfacet
facet normal -0.022763392791 -0.768450248377 0.639504529865
outer loop
vertex 280.732788085938 141.744400024414 175.038406372070
vertex 276.701385498047 140.036804199219 172.843002319336
vertex 279.340515136719 138.903900146484 171.575607299805
endloop
endfacet
facet normal -0.038232926261 -0.783254166360 0.620524902183
outer loop
vertex 276.701385498047 140.036804199219 172.843002319336
vertex 276.821014404297 137.444702148438 169.578506469727
vertex 279.340515136719 138.903900146484 171.575607299805
endloop
endfacet
facet normal -0.025403626485 -0.791636334475 0.610464224751
outer loop
vertex 279.340515136719 138.903900146484 171.575607299805
vertex 276.821014404297 137.444702148438 169.578506469727
vertex 279.874206542969 136.303207397461 168.225296020508
endloop
endfacet
facet normal -0.038514226327 -0.783250719580 0.620511856975
outer loop
vertex 273.013000488281 138.029006958008 170.079696655273
vertex 276.821014404297 137.444702148438 169.578506469727
vertex 276.701385498047 140.036804199219 172.843002319336
endloop
endfacet
facet normal -0.031936148398 -0.787832646998 0.615060812237
outer loop
vertex 273.502197265625 140.873092651367 173.748092651367
vertex 273.013000488281 138.029006958008 170.079696655273
vertex 276.701385498047 140.036804199219 172.843002319336
endloop
endfacet
facet normal -0.041174642914 -0.807575039024 0.588325764458
outer loop
vertex 276.821014404297 137.444702148438 169.578506469727
vertex 274.842102050781 134.210403442383 165.000396728516
vertex 279.874206542969 136.303207397461 168.225296020508
endloop
endfacet
facet normal -0.018753063220 -0.818988220977 0.573503806893
outer loop
vertex 254.811294555664 123.509101867676 147.870193481445
vertex 253.908096313477 122.136199951172 145.880096435547
vertex 260.091400146484 120.412803649902 143.621200561523
endloop
endfacet
facet normal -0.015923319100 -0.815476789895 0.578570698403
outer loop
vertex 253.908096313477 122.136199951172 145.880096435547
vertex 257.490550644924 119.013679213948 141.577599557355
vertex 259.586423729698 118.323232084889 140.662118780436
endloop
endfacet
facet normal 0.963476199118 -0.048503120098 0.263364882006
outer loop
vertex 347.735595703125 224.753494262695 252.284606933594
vertex 348.556304931641 222.641906738281 248.893295288086
vertex 348.628509521484 227.682205200195 249.557403564453
endloop
endfacet
facet normal 0.879846970171 -0.063143376728 0.471043759174
outer loop
vertex 349.818603515625 224.887298583984 246.290893554688
vertex 351.929595947266 224.508804321289 242.297103881836
vertex 350.490509033203 229.625396728516 245.671005249023
endloop
endfacet
facet normal 0.780895176415 -0.115121391510 0.613962367469
outer loop
vertex 351.929595947266 224.508804321289 242.297103881836
vertex 355.227691650391 225.665695190430 238.319198608398
vertex 353.648101806641 230.623596191406 241.257904052734
endloop
endfacet
facet normal 0.918598044704 -0.064530993043 0.389888937010
outer loop
vertex 348.556304931641 222.641906738281 248.893295288086
vertex 349.818603515625 224.887298583984 246.290893554688
vertex 348.628509521484 227.682205200195 249.557403564453
endloop
endfacet
facet normal 0.708498894143 -0.515328904404 0.482146696851
outer loop
vertex 351.273193359375 206.751007080078 230.087600708008
vertex 353.142913818359 206.344100952148 226.905197143555
vertex 354.290985107422 209.352706909180 228.433807373047
endloop
endfacet
facet normal 0.659288532049 -0.390795153918 0.642353313359
outer loop
vertex 358.931488037109 216.984893798828 229.949295043945
vertex 356.695709228516 219.001205444336 233.470703125000
vertex 354.711486816406 215.401596069336 233.317306518555
endloop
endfacet
facet normal 0.690430001519 -0.406099227750 0.598656688114
outer loop
vertex 356.695709228516 219.001205444336 233.470703125000
vertex 354.664794921875 218.850906372070 235.710998535156
vertex 354.711486816406 215.401596069336 233.317306518555
endloop
endfacet
facet normal 0.707699092616 -0.341195283789 0.618666123714
outer loop
vertex 354.664794921875 218.850906372070 235.710998535156
vertex 356.695709228516 219.001205444336 233.470703125000
vertex 356.264099121094 222.003494262695 235.620193481445
endloop
endfacet
facet normal -0.378097598169 -0.660092004927 0.649092251757
outer loop
vertex 221.303298950195 186.205596923828 207.425201416016
vertex 220.826599121094 190.198898315430 211.208496093750
vertex 215.682601928711 191.013198852539 209.040206909180
endloop
endfacet
facet normal -0.348407244063 -0.638012575338 0.686696691411
outer loop
vertex 218.067794799805 186.135192871094 205.718200683594
vertex 221.303298950195 186.205596923828 207.425201416016
vertex 215.682601928711 191.013198852539 209.040206909180
endloop
endfacet
facet normal -0.188891093752 -0.596394107897 0.780150128352
outer loop
vertex 211.086303710938 179.900695800781 198.518005371094
vertex 214.592697143555 181.069000244141 200.260101318359
vertex 208.054092407227 185.921493530273 202.386505126953
endloop
endfacet
facet normal -0.154686683370 -0.598886865133 0.785752220970
outer loop
vertex 204.995895385742 175.591003417969 194.054199218750
vertex 211.392898559570 174.073593139648 194.156997680664
vertex 205.950607299805 179.192306518555 196.986999511719
endloop
endfacet
facet normal -0.221518620826 -0.659683715025 0.718155203809
outer loop
vertex 200.822494506836 161.326400756836 180.494506835938
vertex 206.357604980469 162.491302490234 183.271896362305
vertex 203.361602783203 165.218704223633 184.853103637695
endloop
endfacet
facet normal -0.185362898260 -0.484631662401 0.854852471334
outer loop
vertex 196.103103637695 204.204696655273 211.945404052734
vertex 191.199005126953 210.091400146484 214.219299316406
vertex 191.013595581055 203.274902343750 210.314697265625
endloop
endfacet
facet normal -0.079163978962 -0.356520002775 0.930927791000
outer loop
vertex 178.035706270793 213.959439262702 214.069430415492
vertex 176.457504272461 216.580200195313 214.938903808594
vertex 176.609992980957 216.194301843643 214.804082537051
endloop
endfacet
facet normal -0.131815190482 -0.768675496783 0.625909527171
outer loop
vertex 235.887405395508 136.688095092773 164.267105102539
vertex 233.101898193359 138.871002197266 166.361297607422
vertex 230.939300537109 136.264801025391 162.705200195313
endloop
endfacet
facet normal -0.159014825206 -0.552451085592 0.818237180403
outer loop
vertex 199.869293212891 189.039093017578 202.963302612305
vertex 203.806900024414 190.002502441406 204.378997802734
vertex 200.470397949219 194.661193847656 206.876007080078
endloop
endfacet
facet normal -0.145423215177 -0.554635195554 0.819287427183
outer loop
vertex 199.869293212891 189.039093017578 202.963302612305
vertex 200.470397949219 194.661193847656 206.876007080078
vertex 192.996597290039 194.681701660156 205.563293457031
endloop
endfacet
facet normal -0.324425611685 -0.585783816641 0.742701381879
outer loop
vertex 211.715393066406 200.582702636719 214.958206176758
vertex 206.789703369141 200.598205566406 212.818801879883
vertex 211.664001464844 196.358200073242 211.603805541992
endloop
endfacet
facet normal -0.041807072564 -0.822940148070 0.566587752583
outer loop
vertex 263.838897705078 127.272399902344 153.997406005859
vertex 251.067398071289 130.664093017578 157.981292724609
vertex 252.085800170898 126.806098937988 152.452896118164
endloop
endfacet
facet normal -0.045626139311 -0.828018695817 0.558841028191
outer loop
vertex 269.213806152344 131.450897216797 160.627395629883
vertex 263.326995849609 132.212493896484 161.275207519531
vertex 263.838897705078 127.272399902344 153.997406005859
endloop
endfacet
facet normal -0.116330065603 -0.613678693764 0.780939035173
outer loop
vertex 194.205200195313 179.622802734375 195.212707519531
vertex 189.529205322266 184.424194335938 198.289199829102
vertex 189.792694091797 181.315795898438 195.885803222656
endloop
endfacet
facet normal -0.313630429654 -0.751893638364 0.579906811637
outer loop
vertex 246.018798828125 160.025604248047 191.999099731445
vertex 249.690704345703 160.036193847656 193.998703002930
vertex 245.955596923828 162.378097534180 195.015106201172
endloop
endfacet
facet normal -0.304421512769 -0.768287005389 0.563083137658
outer loop
vertex 246.018798828125 160.025604248047 191.999099731445
vertex 250.309799194336 156.766906738281 189.872695922852
vertex 249.690704345703 160.036193847656 193.998703002930
endloop
endfacet
facet normal -0.359080842362 -0.789040230457 0.498474135106
outer loop
vertex 249.690704345703 160.036193847656 193.998703002930
vertex 247.768005371094 163.426300048828 197.979904174805
vertex 245.955596923828 162.378097534180 195.015106201172
endloop
endfacet
facet normal -0.091473639162 -0.643819783605 0.759689844329
outer loop
vertex 186.172698974609 181.623397827148 195.689697265625
vertex 185.497854639695 180.695415316155 194.821995832572
vertex 185.597524046898 180.036097764969 194.275240386461
endloop
endfacet
facet normal -0.105976759244 -0.786605417769 0.608293385823
outer loop
vertex 240.873306274414 135.146606445313 163.142395019531
vertex 235.887405395508 136.688095092773 164.267105102539
vertex 237.075500488281 134.304901123047 161.392303466797
endloop
endfacet
facet normal -0.096593043447 -0.472314362204 0.876121525368
outer loop
vertex 185.415818491746 197.305590850493 206.273586133839
vertex 189.101303100586 199.265502929688 207.736495971680
vertex 185.086876153946 199.649170041084 207.500736178692
endloop
endfacet
facet normal -0.160491942004 -0.487312861577 0.858352207135
outer loop
vertex 191.199005126953 210.091400146484 214.219299316406
vertex 186.378097534180 207.042602539063 211.587005615234
vertex 191.013595581055 203.274902343750 210.314697265625
endloop
endfacet
facet normal -0.334664740192 -0.548089905180 0.766548737858
outer loop
vertex 211.715393066406 200.582702636719 214.958206176758
vertex 207.246200561523 205.241500854492 216.338104248047
vertex 206.789703369141 200.598205566406 212.818801879883
endloop
endfacet
facet normal 0.609164570571 -0.554437123518 -0.567025574403
outer loop
vertex 313.973907470703 149.257003784180 230.474792480469
vertex 315.120086669922 146.543304443359 234.359603881836
vertex 312.055908203125 146.384994506836 231.222503662109
endloop
endfacet
facet normal 0.610198490302 -0.552143084870 -0.568151226579
outer loop
vertex 312.055908203125 146.384994506836 231.222503662109
vertex 315.120086669922 146.543304443359 234.359603881836
vertex 311.362091064453 143.633407592773 233.151397705078
endloop
endfacet
facet normal -0.430164428444 -0.627798396582 0.648712369044
outer loop
vertex 219.600906372070 194.697494506836 214.749298095703
vertex 215.909606933594 195.336105346680 212.919601440430
vertex 220.826599121094 190.198898315430 211.208496093750
endloop
endfacet
facet normal -0.293383363906 -0.629930521425 0.719106209096
outer loop
vertex 215.929595947266 186.014694213867 204.740295410156
vertex 218.067794799805 186.135192871094 205.718200683594
vertex 213.718505859375 188.647598266602 206.144607543945
endloop
endfacet
facet normal -0.254685156046 -0.612856755391 0.748025446533
outer loop
vertex 213.770202636719 185.378204345703 203.483596801758
vertex 215.929595947266 186.014694213867 204.740295410156
vertex 213.718505859375 188.647598266602 206.144607543945
endloop
endfacet
facet normal -0.206625132628 -0.574176948968 0.792229061472
outer loop
vertex 208.054092407227 185.921493530273 202.386505126953
vertex 213.770202636719 185.378204345703 203.483596801758
vertex 209.790496826172 187.741699218750 204.158599853516
endloop
endfacet
facet normal 0.913655551683 -0.077355288961 0.399061013066
outer loop
vertex 348.628509521484 227.682205200195 249.557403564453
vertex 349.818603515625 224.887298583984 246.290893554688
vertex 350.490509033203 229.625396728516 245.671005249023
endloop
endfacet
facet normal -0.204831975692 -0.611067587966 0.764617724534
outer loop
vertex 214.592697143555 181.069000244141 200.260101318359
vertex 213.770202636719 185.378204345703 203.483596801758
vertex 208.054092407227 185.921493530273 202.386505126953
endloop
endfacet
facet normal -0.028614168905 -0.819406099222 0.572498798162
outer loop
vertex 247.648895263672 125.236503601074 149.984603881836
vertex 254.811294555664 123.509101867676 147.870193481445
vertex 252.085800170898 126.806098937988 152.452896118164
endloop
endfacet
facet normal -0.142299980263 -0.602085954990 0.785648279079
outer loop
vertex 204.995895385742 175.591003417969 194.054199218750
vertex 205.950607299805 179.192306518555 196.986999511719
vertex 199.768402099609 179.648300170898 196.216705322266
endloop
endfacet
facet normal -0.184602016645 -0.636614199286 0.748761949299
outer loop
vertex 204.435302734375 168.633804321289 188.173004150391
vertex 202.918594360352 173.146301269531 191.635696411133
vertex 198.686294555664 172.164505004883 189.757507324219
endloop
endfacet
facet normal -0.215624661965 -0.644947298532 0.733177323210
outer loop
vertex 207.301803588867 164.973602294922 185.796295166016
vertex 204.435302734375 168.633804321289 188.173004150391
vertex 203.361602783203 165.218704223633 184.853103637695
endloop
endfacet
facet normal -0.203307845718 -0.671366903930 0.712693763251
outer loop
vertex 198.487097020969 158.660636187503 177.317110240051
vertex 200.822494506836 161.326400756836 180.494506835938
vertex 195.852100849152 161.800712347031 179.523426466230
endloop
endfacet
facet normal -0.018410821897 -0.828684210610 0.559413550714
outer loop
vertex 264.318189095107 117.042230087347 138.767327375945
vertex 264.318190045746 117.042230961766 138.767328702547
vertex 260.091400146484 120.412803649902 143.621200561523
endloop
endfacet
facet normal -0.303161863227 -0.898511562046 -0.317442683888
outer loop
vertex 362.456207275391 219.812500000000 329.915802001953
vertex 361.945495605469 219.665405273438 330.819885253906
vertex 361.489501953125 220.030593872070 330.221710205078
endloop
endfacet
facet normal 0.120533629646 -0.969833223193 -0.211884787832
outer loop
vertex 360.012786865234 220.300598144531 329.475097656250
vertex 361.619995117188 220.742004394531 328.368988037109
vertex 361.033813476563 220.395004272461 329.623809814453
endloop
endfacet
facet normal -0.223372347736 -0.898672015019 -0.377482984634
outer loop
vertex 361.489501953125 220.030593872070 330.221710205078
vertex 361.033813476563 220.395004272461 329.623809814453
vertex 362.770599365234 220.596405029297 328.116607666016
endloop
endfacet
facet normal -0.191731635348 -0.919270192663 -0.343775061468
outer loop
vertex 361.033813476563 220.395004272461 329.623809814453
vertex 361.619995117188 220.742004394531 328.368988037109
vertex 362.770599365234 220.596405029297 328.116607666016
endloop
endfacet
facet normal -0.214060754554 -0.593128153521 0.776129491039
outer loop
vertex 200.470397949219 194.661193847656 206.876007080078
vertex 206.830902099609 190.291900634766 205.291198730469
vertex 208.374404907227 193.918106079102 208.488098144531
endloop
endfacet
facet normal -0.188181136058 -0.565259609099 0.803162146988
outer loop
vertex 200.470397949219 194.661193847656 206.876007080078
vertex 203.806900024414 190.002502441406 204.378997802734
vertex 206.830902099609 190.291900634766 205.291198730469
endloop
endfacet
facet normal -0.253005125365 -0.338324699107 -0.906380055227
outer loop
vertex 364.567901611328 216.301895141602 331.220306396484
vertex 364.136688232422 215.215194702148 331.746307373047
vertex 362.773193359375 215.746994018555 331.928405761719
endloop
endfacet
facet normal -0.303353222398 -0.567977559846 0.765100198649
outer loop
vertex 211.664001464844 196.358200073242 211.603805541992
vertex 206.789703369141 200.598205566406 212.818801879883
vertex 208.374404907227 193.918106079102 208.488098144531
endloop
endfacet
facet normal -0.288686575256 -0.581757350045 0.760406764131
outer loop
vertex 215.682601928711 191.013198852539 209.040206909180
vertex 211.664001464844 196.358200073242 211.603805541992
vertex 208.374404907227 193.918106079102 208.488098144531
endloop
endfacet
facet normal -0.155765942173 -0.559546920725 0.814029615411
outer loop
vertex 199.869293212891 189.039093017578 202.963302612305
vertex 208.054092407227 185.921493530273 202.386505126953
vertex 203.806900024414 190.002502441406 204.378997802734
endloop
endfacet
facet normal -0.135717678107 -0.584643496650 0.799857920930
outer loop
vertex 198.056106567383 184.067596435547 199.210998535156
vertex 205.950607299805 179.192306518555 196.986999511719
vertex 204.619903564453 183.667800903320 200.032501220703
endloop
endfacet
facet normal -0.119664004952 -0.588252187421 0.799774899527
outer loop
vertex 198.056106567383 184.067596435547 199.210998535156
vertex 195.422500610352 182.088104248047 197.360992431641
vertex 199.768402099609 179.648300170898 196.216705322266
endloop
endfacet
facet normal -0.137500052403 -0.613692668358 0.777479931827
outer loop
vertex 199.768402099609 179.648300170898 196.216705322266
vertex 194.205200195313 179.622802734375 195.212707519531
vertex 199.738296508789 176.582702636719 193.791595458984
endloop
endfacet
facet normal -0.159484759248 -0.641163433059 0.750649094901
outer loop
vertex 199.738296508789 176.582702636719 193.791595458984
vertex 194.205200195313 179.622802734375 195.212707519531
vertex 196.712799072266 175.873001098633 192.542602539063
endloop
endfacet
facet normal -0.173832897024 -0.648847180687 0.740796503789
outer loop
vertex 198.686294555664 172.164505004883 189.757507324219
vertex 196.712799072266 175.873001098633 192.542602539063
vertex 194.632904052734 174.121002197266 190.520004272461
endloop
endfacet
facet normal -0.181841184393 -0.660600341770 0.728382435340
outer loop
vertex 198.686294555664 172.164505004883 189.757507324219
vertex 194.632904052734 174.121002197266 190.520004272461
vertex 193.234893798828 169.546401977539 186.022094726563
endloop
endfacet
facet normal -0.153342020215 -0.668589479285 0.727649869804
outer loop
vertex 194.632904052734 174.121002197266 190.520004272461
vertex 190.965499877930 174.420898437500 190.022705078125
vertex 193.234893798828 169.546401977539 186.022094726563
endloop
endfacet
facet normal -0.115184616687 -0.664118355537 0.738701099172
outer loop
vertex 187.645164315927 174.061934300917 189.182248428253
vertex 189.138900756836 178.397293090820 193.312805175781
vertex 187.034305700918 175.448052121326 190.333166943202
endloop
endfacet
facet normal -0.152596135158 -0.668464848049 0.727921126536
outer loop
vertex 193.234893798828 169.546401977539 186.022094726563
vertex 190.965499877930 174.420898437500 190.022705078125
vertex 189.469666177092 170.735895708366 186.325115967362
endloop
endfacet
facet normal 0.004831493028 -0.788056835395 0.615583528746
outer loop
vertex 253.908096313477 122.136199951172 145.880096435547
vertex 245.297864079475 123.495197955455 147.687435150146
vertex 250.897693205132 121.240370322221 144.756902119054
endloop
endfacet
facet normal -0.302330150165 0.016914105063 0.953053195447
outer loop
vertex 183.573898315430 231.877899169922 220.914794921875
vertex 187.227294921875 233.581405639648 222.043502807617
vertex 180.939300537109 233.305999755859 220.053695678711
endloop
endfacet
facet normal 0.822905857683 -0.536658467852 -0.186610927529
outer loop
vertex 329.161987304688 167.417892456055 231.985198974609
vertex 331.228912353516 171.129501342773 230.425903320313
vertex 333.183197021484 172.533798217773 235.005294799805
endloop
endfacet
facet normal -0.303247672092 0.047411340869 0.951731587228
outer loop
vertex 180.939300537109 233.305999755859 220.053695678711
vertex 187.227294921875 233.581405639648 222.043502807617
vertex 184.033401489258 236.707702636719 220.870101928711
endloop
endfacet
facet normal 0.832664294098 -0.409004954836 -0.373343166876
outer loop
vertex 331.280395507813 165.026504516602 241.008499145508
vertex 334.095092773438 167.526596069336 244.547195434570
vertex 331.151702880859 162.117996215820 243.907806396484
endloop
endfacet
facet normal -0.022236974114 -0.777901186323 0.627993042398
outer loop
vertex 271.728698730469 143.176300048828 176.538299560547
vertex 273.502197265625 140.873092651367 173.748092651367
vertex 276.127410888672 143.274505615234 176.815704345703
endloop
endfacet
facet normal 0.566755668520 -0.574580895954 -0.590461519665
outer loop
vertex 312.573089599609 151.212203979492 227.227600097656
vertex 313.973907470703 149.257003784180 230.474792480469
vertex 310.678588867188 147.953002929688 228.580703735352
endloop
endfacet
facet normal 0.569660860972 -0.541417031847 -0.618347880325
outer loop
vertex 313.973907470703 149.257003784180 230.474792480469
vertex 312.055908203125 146.384994506836 231.222503662109
vertex 310.678588867188 147.953002929688 228.580703735352
endloop
endfacet
facet normal -0.021517495399 -0.785015013376 0.619102920495
outer loop
vertex 273.614898681641 145.208297729492 179.180404663086
vertex 271.728698730469 143.176300048828 176.538299560547
vertex 276.127410888672 143.274505615234 176.815704345703
endloop
endfacet
facet normal -0.058188559844 -0.825140618856 0.561922637574
outer loop
vertex 277.691009521484 148.382995605469 184.055404663086
vertex 273.409088134766 147.409301757813 182.182205200195
vertex 276.189208984375 146.012298583984 180.418701171875
endloop
endfacet
facet normal -0.216690345939 -0.538918057388 0.814010209640
outer loop
vertex 201.445098876953 200.140701293945 210.763198852539
vertex 200.470397949219 194.661193847656 206.876007080078
vertex 208.374404907227 193.918106079102 208.488098144531
endloop
endfacet
facet normal -0.119246048023 -0.531624381466 0.838543914808
outer loop
vertex 191.071502685547 189.750305175781 202.163101196289
vertex 199.869293212891 189.039093017578 202.963302612305
vertex 192.996597290039 194.681701660156 205.563293457031
endloop
endfacet
facet normal -0.120006815343 -0.569822524939 0.812957965914
outer loop
vertex 191.071502685547 189.750305175781 202.163101196289
vertex 198.056106567383 184.067596435547 199.210998535156
vertex 199.869293212891 189.039093017578 202.963302612305
endloop
endfacet
facet normal -0.094621673306 -0.613941917993 0.783659403231
outer loop
vertex 189.792694091797 181.315795898438 195.885803222656
vertex 189.529205322266 184.424194335938 198.289199829102
vertex 186.172698974609 181.623397827148 195.689697265625
endloop
endfacet
facet normal -0.095920340612 -0.646084587301 0.757214628959
outer loop
vertex 189.138900756836 178.397293090820 193.312805175781
vertex 189.792694091797 181.315795898438 195.885803222656
vertex 186.172698974609 181.623397827148 195.689697265625
endloop
endfacet
facet normal -0.091473639163 -0.643819783605 0.759689844329
outer loop
vertex 186.137528519631 177.877100643898 192.510561162414
vertex 186.172698974609 181.623397827148 195.689697265625
vertex 185.597524046898 180.036097764969 194.275240386461
endloop
endfacet
facet normal -0.236181395607 -0.373248568640 0.897164340786
outer loop
vertex 187.929092407227 220.731704711914 218.990600585938
vertex 185.162506103516 223.593307495117 219.452804565430
vertex 184.933197021484 220.320404052734 218.030807495117
endloop
endfacet
facet normal -0.342515983509 0.141267179272 0.928830654695
outer loop
vertex 184.676729039779 238.920523262593 220.770784621621
vertex 188.770492553711 238.376800537109 222.363098144531
vertex 186.349226937219 239.428311203287 221.310305458574
endloop
endfacet
facet normal -0.201849601088 -0.378356374459 0.903384299425
outer loop
vertex 184.933197021484 220.320404052734 218.030807495117
vertex 185.162506103516 223.593307495117 219.452804565430
vertex 181.888305664063 221.059692382813 217.660095214844
endloop
endfacet
facet normal -0.206757911986 -0.404956578269 0.890652196735
outer loop
vertex 183.065902709961 217.921493530273 216.506607055664
vertex 184.933197021484 220.320404052734 218.030807495117
vertex 181.888305664063 221.059692382813 217.660095214844
endloop
endfacet
facet normal -0.330093885057 0.137879847660 0.933823952711
outer loop
vertex 184.033401489258 236.707702636719 220.870101928711
vertex 184.676729039779 238.920523262593 220.770784621621
vertex 183.939501643181 238.688215613365 220.544485315832
endloop
endfacet
facet normal -0.252812482820 0.081825787036 0.964048955762
outer loop
vertex 173.857123548388 233.518705909240 217.896279341805
vertex 175.030700683594 232.615493774414 218.280700683594
vertex 175.367191433907 234.739840030670 218.188633530996
endloop
endfacet
facet normal -0.150551359033 -0.506084493292 0.849242470642
outer loop
vertex 192.996597290039 194.681701660156 205.563293457031
vertex 200.470397949219 194.661193847656 206.876007080078
vertex 193.998092651367 198.484298706055 208.006896972656
endloop
endfacet
facet normal -0.388867953137 -0.603934063540 0.695733686060
outer loop
vertex 220.826599121094 190.198898315430 211.208496093750
vertex 215.909606933594 195.336105346680 212.919601440430
vertex 215.682601928711 191.013198852539 209.040206909180
endloop
endfacet
facet normal -0.294929114391 -0.632165435805 0.716507975712
outer loop
vertex 218.067794799805 186.135192871094 205.718200683594
vertex 215.682601928711 191.013198852539 209.040206909180
vertex 213.718505859375 188.647598266602 206.144607543945
endloop
endfacet
facet normal -0.252699500408 -0.567825519906 0.783401009341
outer loop
vertex 206.789703369141 200.598205566406 212.818801879883
vertex 201.445098876953 200.140701293945 210.763198852539
vertex 208.374404907227 193.918106079102 208.488098144531
endloop
endfacet
facet normal -0.043233450526 -0.788802309453 0.613124608345
outer loop
vertex 233.973841217680 129.026435758353 154.190729143645
vertex 241.849304199219 128.262405395508 153.763107299805
vertex 236.642395019531 131.816894531250 157.968902587891
endloop
endfacet
facet normal -0.161030316184 -0.520634241207 0.838456453343
outer loop
vertex 193.998092651367 198.484298706055 208.006896972656
vertex 200.470397949219 194.661193847656 206.876007080078
vertex 196.576797485352 200.208206176758 209.572601318359
endloop
endfacet
facet normal -0.301195096028 -0.557004316734 0.773968801224
outer loop
vertex 207.246200561523 205.241500854492 216.338104248047
vertex 200.504699707031 206.950195312500 214.944305419922
vertex 206.789703369141 200.598205566406 212.818801879883
endloop
endfacet
facet normal -0.091063285238 -0.805790545202 0.585157308205
outer loop
vertex 242.634704589844 132.313003540039 159.514495849609
vertex 240.873306274414 135.146606445313 163.142395019531
vertex 237.075500488281 134.304901123047 161.392303466797
endloop
endfacet
facet normal -0.179157320064 -0.646441988318 0.741630238331
outer loop
vertex 198.686294555664 172.164505004883 189.757507324219
vertex 202.918594360352 173.146301269531 191.635696411133
vertex 199.551498413086 174.604797363281 192.093597412109
endloop
endfacet
facet normal -0.201799107530 -0.655271528594 0.727939794223
outer loop
vertex 204.435302734375 168.633804321289 188.173004150391
vertex 198.686294555664 172.164505004883 189.757507324219
vertex 199.003601074219 167.015197753906 185.210205078125
endloop
endfacet
facet normal 0.839792634337 -0.534564425133 0.094811427025
outer loop
vertex 337.208587646484 180.923095703125 224.657302856445
vertex 339.902496337891 185.017303466797 223.879898071289
vertex 338.755493164063 183.807006835938 227.215606689453
endloop
endfacet
facet normal 0.872273278002 -0.485259057744 0.060522519455
outer loop
vertex 339.167510986328 184.988204956055 230.748092651367
vertex 336.938201904297 180.740005493164 228.816406250000
vertex 338.755493164063 183.807006835938 227.215606689453
endloop
endfacet
facet normal 0.789393541210 -0.538008406423 0.295643013978
outer loop
vertex 346.869201660156 195.829193115234 224.247100830078
vertex 345.149902343750 194.466903686523 226.358703613281
vertex 344.783905029297 192.291900634766 223.377899169922
endloop
endfacet
facet normal 0.780878641171 -0.496698204370 0.378839598694
outer loop
vertex 348.674896240234 200.662200927734 227.447494506836
vertex 346.881195068359 198.101806640625 227.787796020508
vertex 348.893188476563 199.216293334961 225.101806640625
endloop
endfacet
facet normal 0.781277199626 -0.497169093866 0.377397442292
outer loop
vertex 348.291107177734 202.218795776367 230.292602539063
vertex 346.881195068359 198.101806640625 227.787796020508
vertex 348.674896240234 200.662200927734 227.447494506836
endloop
endfacet
facet normal 0.646220382247 -0.504695223638 0.572435104449
outer loop
vertex 358.931488037109 216.984893798828 229.949295043945
vertex 354.711486816406 215.401596069336 233.317306518555
vertex 355.987915039063 212.840698242188 229.618499755859
endloop
endfacet
facet normal 0.684317417045 -0.467350381298 0.559726088217
outer loop
vertex 355.987915039063 212.840698242188 229.618499755859
vertex 354.711486816406 215.401596069336 233.317306518555
vertex 353.070709228516 211.008102416992 231.654907226563
endloop
endfacet
facet normal 0.700395113330 -0.529031084703 0.479137555032
outer loop
vertex 353.142913818359 206.344100952148 226.905197143555
vertex 351.273193359375 206.751007080078 230.087600708008
vertex 350.746795654297 202.943695068359 226.653305053711
endloop
endfacet
facet normal 0.851062221636 -0.393393208762 0.347756924021
outer loop
vertex 348.212310791016 210.388397216797 240.335601806641
vertex 347.485900878906 207.335403442383 238.659698486328
vertex 349.149108886719 209.036697387695 236.513900756836
endloop
endfacet
facet normal -0.303259543896 -0.948052089159 -0.096077496206
outer loop
vertex 377.477294921875 225.558898925781 339.774291992188
vertex 377.997314453125 225.442092895508 339.285491943359
vertex 378.343505859375 225.227600097656 340.309295654297
endloop
endfacet
facet normal -0.257386629880 -0.775801081834 0.576094440334
outer loop
vertex 250.309799194336 156.766906738281 189.872695922852
vertex 254.438400268555 157.288299560547 192.419403076172
vertex 249.690704345703 160.036193847656 193.998703002930
endloop
endfacet
facet normal -0.030539936259 -0.819892015281 0.571703065911
outer loop
vertex 252.085800170898 126.806098937988 152.452896118164
vertex 254.811294555664 123.509101867676 147.870193481445
vertex 259.819702148438 123.424697875977 148.016693115234
endloop
endfacet
facet normal -0.040732223929 -0.827612944606 0.559819345731
outer loop
vertex 263.838897705078 127.272399902344 153.997406005859
vertex 252.085800170898 126.806098937988 152.452896118164
vertex 259.819702148438 123.424697875977 148.016693115234
endloop
endfacet
facet normal -0.039351514147 -0.864738568134 0.500678207150
outer loop
vertex 280.805999755859 150.317398071289 187.641204833984
vertex 277.691009521484 148.382995605469 184.055404663086
vertex 284.370788574219 147.883895874023 183.718399047852
endloop
endfacet
facet normal -0.034459409016 -0.862992289132 0.504040532129
outer loop
vertex 284.211700439453 150.247695922852 187.754699707031
vertex 280.805999755859 150.317398071289 187.641204833984
vertex 284.370788574219 147.883895874023 183.718399047852
endloop
endfacet
facet normal -0.137864036587 -0.611129879282 0.779431701988
outer loop
vertex 195.422500610352 182.088104248047 197.360992431641
vertex 194.205200195313 179.622802734375 195.212707519531
vertex 199.768402099609 179.648300170898 196.216705322266
endloop
endfacet
facet normal -0.154322955086 -0.639492095447 0.753149577039
outer loop
vertex 194.205200195313 179.622802734375 195.212707519531
vertex 193.192199707031 176.804794311523 192.612396240234
vertex 196.712799072266 175.873001098633 192.542602539063
endloop
endfacet
facet normal -0.159813511878 -0.658883131641 0.735073234623
outer loop
vertex 196.712799072266 175.873001098633 192.542602539063
vertex 193.192199707031 176.804794311523 192.612396240234
vertex 194.632904052734 174.121002197266 190.520004272461
endloop
endfacet
facet normal -0.124548756562 -0.451581201874 0.883494213537
outer loop
vertex 184.154494126347 203.056675092728 209.236207031036
vertex 186.378097534180 207.042602539063 211.587005615234
vertex 184.139285044830 203.104686845270 209.258603253244
endloop
endfacet
facet normal -0.048304974388 -0.432030504397 0.900564418973
outer loop
vertex 182.403680847573 206.921354192279 210.992486401934
vertex 182.181503295898 207.424392700195 211.221893310547
vertex 182.148933650889 207.409202508576 211.212859085073
endloop
endfacet
facet normal -0.210050753603 -0.517419460678 0.829551555132
outer loop
vertex 201.445098876953 200.140701293945 210.763198852539
vertex 196.103103637695 204.204696655273 211.945404052734
vertex 196.576797485352 200.208206176758 209.572601318359
endloop
endfacet
facet normal -0.118172456425 -0.454759937968 0.882739298639
outer loop
vertex 186.378097534180 207.042602539063 211.587005615234
vertex 184.025451540947 203.457787632942 209.425270929360
vertex 184.139285044830 203.104686845270 209.258603253244
endloop
endfacet
facet normal -0.128572573783 -0.511939144263 0.849345280697
outer loop
vertex 189.101303100586 199.265502929688 207.736495971680
vertex 192.996597290039 194.681701660156 205.563293457031
vertex 193.998092651367 198.484298706055 208.006896972656
endloop
endfacet
facet normal -0.126217295132 -0.493252003043 0.860680925723
outer loop
vertex 191.013595581055 203.274902343750 210.314697265625
vertex 189.101303100586 199.265502929688 207.736495971680
vertex 193.998092651367 198.484298706055 208.006896972656
endloop
endfacet
facet normal -0.206815045169 -0.541351303218 0.814963989140
outer loop
vertex 200.470397949219 194.661193847656 206.876007080078
vertex 201.445098876953 200.140701293945 210.763198852539
vertex 196.576797485352 200.208206176758 209.572601318359
endloop
endfacet
facet normal -0.169566816014 -0.511457602656 0.842412141171
outer loop
vertex 191.013595581055 203.274902343750 210.314697265625
vertex 193.998092651367 198.484298706055 208.006896972656
vertex 196.576797485352 200.208206176758 209.572601318359
endloop
endfacet
facet normal -0.173759588442 -0.517900920589 0.837607450944
outer loop
vertex 196.103103637695 204.204696655273 211.945404052734
vertex 191.013595581055 203.274902343750 210.314697265625
vertex 196.576797485352 200.208206176758 209.572601318359
endloop
endfacet
facet normal -0.086207109636 -0.775939605565 0.624888840326
outer loop
vertex 230.939300537109 136.264801025391 162.705200195313
vertex 228.437194824219 133.244705200195 158.609893798828
vertex 236.642395019531 131.816894531250 157.968902587891
endloop
endfacet
facet normal -0.126819934956 -0.794701072955 0.593605010712
outer loop
vertex 230.939300537109 136.264801025391 162.705200195313
vertex 236.642395019531 131.816894531250 157.968902587891
vertex 237.075500488281 134.304901123047 161.392303466797
endloop
endfacet
facet normal -0.122834349381 -0.788381448522 0.602798817384
outer loop
vertex 235.887405395508 136.688095092773 164.267105102539
vertex 230.939300537109 136.264801025391 162.705200195313
vertex 237.075500488281 134.304901123047 161.392303466797
endloop
endfacet
facet normal -0.251963670435 -0.324550599274 0.911691404639
outer loop
vertex 189.013900756836 223.048599243164 220.323303222656
vertex 188.993194580078 225.689193725586 221.257598876953
vertex 185.162506103516 223.593307495117 219.452804565430
endloop
endfacet
facet normal 0.853726295878 -0.432017354923 -0.290710193787
outer loop
vertex 335.122497558594 171.283493041992 243.133499145508
vertex 332.030792236328 167.759994506836 239.290298461914
vertex 334.110198974609 171.866500854492 239.294296264648
endloop
endfacet
facet normal 0.651203313197 -0.526294627166 0.546761566222
outer loop
vertex 353.142913818359 206.344100952148 226.905197143555
vertex 355.741302490234 208.009994506836 225.414001464844
vertex 354.290985107422 209.352706909180 228.433807373047
endloop
endfacet
facet normal -0.017883423121 -0.825300864982 0.564410015359
outer loop
vertex 267.468109130859 119.939598083496 143.162994384766
vertex 259.819702148438 123.424697875977 148.016693115234
vertex 260.091400146484 120.412803649902 143.621200561523
endloop
endfacet
facet normal 0.842885769837 -0.276442448400 0.461652631022
outer loop
vertex 349.598785400391 215.151306152344 241.600402832031
vertex 352.199310302734 216.483001708984 237.649795532227
vertex 351.346984863281 219.481994628906 241.001800537109
endloop
endfacet
facet normal 0.987159550377 -0.134664397273 0.085915785548
outer loop
vertex 347.333099365234 217.097793579102 251.168899536133
vertex 346.931213378906 215.325103759766 253.007995605469
vertex 346.926910400391 212.884796142578 249.232498168945
endloop
endfacet
facet normal 0.657001747113 -0.394001669593 0.642737418117
outer loop
vertex 358.931488037109 216.984893798828 229.949295043945
vertex 359.008209228516 221.580001831055 232.687698364258
vertex 356.695709228516 219.001205444336 233.470703125000
endloop
endfacet
facet normal 0.797344277011 -0.534367375633 -0.280523816775
outer loop
vertex 327.104614257813 163.563995361328 233.478698730469
vertex 329.161987304688 167.417892456055 231.985198974609
vertex 330.759094238281 167.651306152344 236.080093383789
endloop
endfacet
facet normal 0.768936712249 -0.481432737108 -0.420664774134
outer loop
vertex 326.666687011719 158.804306030273 238.783004760742
vertex 324.176300048828 158.871597290039 234.153793334961
vertex 328.663909912109 163.467697143555 237.096694946289
endloop
endfacet
facet normal 0.628101603203 -0.538632294284 -0.561572459802
outer loop
vertex 316.988189697266 150.780303955078 232.385101318359
vertex 315.120086669922 146.543304443359 234.359603881836
vertex 313.973907470703 149.257003784180 230.474792480469
endloop
endfacet
facet normal 0.600065102369 -0.544055871980 -0.586451260620
outer loop
vertex 316.759399414063 153.382705688477 229.497497558594
vertex 313.973907470703 149.257003784180 230.474792480469
vertex 312.573089599609 151.212203979492 227.227600097656
endloop
endfacet
facet normal -0.238371520938 -0.516316307309 0.822554854592
outer loop
vertex 200.504699707031 206.950195312500 214.944305419922
vertex 191.199005126953 210.091400146484 214.219299316406
vertex 196.103103637695 204.204696655273 211.945404052734
endloop
endfacet
facet normal -0.075366578899 -0.628323836215 0.774292603367
outer loop
vertex 186.172698974609 181.623397827148 195.689697265625
vertex 189.529205322266 184.424194335938 198.289199829102
vertex 185.257156899173 182.851259514393 196.596968610530
endloop
endfacet
facet normal -0.160737468031 -0.393087359421 0.905342915273
outer loop
vertex 183.065902709961 217.921493530273 216.506607055664
vertex 181.888305664063 221.059692382813 217.660095214844
vertex 179.203399658203 218.637893676758 216.131896972656
endloop
endfacet
facet normal -0.162324332362 -0.404406815087 0.900058853095
outer loop
vertex 180.223602294922 214.587707519531 214.496093750000
vertex 183.065902709961 217.921493530273 216.506607055664
vertex 179.203399658203 218.637893676758 216.131896972656
endloop
endfacet
facet normal 0.883263572402 -0.210349919393 0.419044595573
outer loop
vertex 349.596496582031 219.940200805664 244.921493530273
vertex 351.346984863281 219.481994628906 241.001800537109
vertex 351.929595947266 224.508804321289 242.297103881836
endloop
endfacet
facet normal 0.114778243407 -0.666705368956 -0.736430516644
outer loop
vertex 291.562103271484 142.285293579102 225.165298461914
vertex 293.850494384766 143.661895751953 224.275695800781
vertex 295.380889892578 142.066894531250 225.958206176758
endloop
endfacet
facet normal 0.105126359477 -0.622757306815 -0.775320440432
outer loop
vertex 293.850494384766 143.661895751953 224.275695800781
vertex 291.397796630859 144.541397094727 223.236694335938
vertex 294.932708740234 145.520202636719 222.929794311523
endloop
endfacet
facet normal 0.727058971123 -0.351854821641 0.589562072217
outer loop
vertex 353.579193115234 221.194396972656 238.448394775391
vertex 354.664794921875 218.850906372070 235.710998535156
vertex 356.264099121094 222.003494262695 235.620193481445
endloop
endfacet
facet normal 0.867609670468 -0.496042907726 0.034567230229
outer loop
vertex 336.938201904297 180.740005493164 228.816406250000
vertex 337.208587646484 180.923095703125 224.657302856445
vertex 338.755493164063 183.807006835938 227.215606689453
endloop
endfacet
facet normal 0.864323239130 -0.500026068498 -0.054030261178
outer loop
vertex 336.938201904297 180.740005493164 228.816406250000
vertex 334.420288085938 176.165802001953 230.869506835938
vertex 334.641296386719 177.104797363281 225.714996337891
endloop
endfacet
facet normal 0.931980704577 -0.273564505132 0.237853795070
outer loop
vertex 347.899291992188 212.038192749023 243.263397216797
vertex 348.124603271484 214.818496704102 245.578292846680
vertex 346.945587158203 210.825302124023 245.605300903320
endloop
endfacet
facet normal 0.647405956439 -0.379947070607 0.660685818755
outer loop
vertex 356.695709228516 219.001205444336 233.470703125000
vertex 359.008209228516 221.580001831055 232.687698364258
vertex 356.264099121094 222.003494262695 235.620193481445
endloop
endfacet
facet normal 0.709961245559 -0.540816094354 0.451079795482
outer loop
vertex 350.746795654297 202.943695068359 226.653305053711
vertex 348.893188476563 199.216293334961 225.101806640625
vertex 351.380706787109 200.605804443359 222.852600097656
endloop
endfacet
facet normal 0.764101792305 -0.544061371528 0.346620361501
outer loop
vertex 346.881195068359 198.101806640625 227.787796020508
vertex 346.869201660156 195.829193115234 224.247100830078
vertex 348.893188476563 199.216293334961 225.101806640625
endloop
endfacet
facet normal -0.086624863054 -0.800646981345 0.592841078506
outer loop
vertex 236.642395019531 131.816894531250 157.968902587891
vertex 242.634704589844 132.313003540039 159.514495849609
vertex 237.075500488281 134.304901123047 161.392303466797
endloop
endfacet
facet normal 0.959240728807 -0.175345393975 0.221610507442
outer loop
vertex 348.124603271484 214.818496704102 245.578292846680
vertex 348.008605957031 217.996093750000 248.594604492188
vertex 346.926910400391 212.884796142578 249.232498168945
endloop
endfacet
facet normal 0.897058384784 -0.337033144726 0.285823220968
outer loop
vertex 347.899291992188 212.038192749023 243.263397216797
vertex 348.212310791016 210.388397216797 240.335601806641
vertex 349.598785400391 215.151306152344 241.600402832031
endloop
endfacet
facet normal -0.215184835514 -0.592678486733 0.776162159557
outer loop
vertex 208.374404907227 193.918106079102 208.488098144531
vertex 206.830902099609 190.291900634766 205.291198730469
vertex 210.495697021484 189.234100341797 205.499496459961
endloop
endfacet
facet normal -0.153781093549 -0.657565032663 0.737536170697
outer loop
vertex 193.192199707031 176.804794311523 192.612396240234
vertex 190.965499877930 174.420898437500 190.022705078125
vertex 194.632904052734 174.121002197266 190.520004272461
endloop
endfacet
facet normal -0.252033294541 -0.227325961415 0.940639211233
outer loop
vertex 188.993194580078 225.689193725586 221.257598876953
vertex 188.965103149414 229.261901855469 222.113494873047
vertex 185.538406372070 227.237899780273 220.706207275391
endloop
endfacet
facet normal -0.275163495053 -0.287158534724 0.917510232600
outer loop
vertex 185.162506103516 223.593307495117 219.452804565430
vertex 188.993194580078 225.689193725586 221.257598876953
vertex 185.538406372070 227.237899780273 220.706207275391
endloop
endfacet
facet normal -0.226949281985 -0.295713531136 0.927926468482
outer loop
vertex 185.162506103516 223.593307495117 219.452804565430
vertex 185.538406372070 227.237899780273 220.706207275391
vertex 182.658096313477 226.076705932617 219.631698608398
endloop
endfacet
facet normal -0.226400670821 -0.295182117169 0.928229634280
outer loop
vertex 180.613906860352 223.917892456055 218.446594238281
vertex 185.162506103516 223.593307495117 219.452804565430
vertex 182.658096313477 226.076705932617 219.631698608398
endloop
endfacet
facet normal -0.226060753499 -0.350853764538 0.908734379033
outer loop
vertex 185.162506103516 223.593307495117 219.452804565430
vertex 180.613906860352 223.917892456055 218.446594238281
vertex 181.888305664063 221.059692382813 217.660095214844
endloop
endfacet
facet normal -0.011520646482 -0.770830210370 0.636936465815
outer loop
vertex 280.732788085938 141.744400024414 175.038406372070
vertex 279.340515136719 138.903900146484 171.575607299805
vertex 282.235595703125 138.787994384766 171.487701416016
endloop
endfacet
facet normal -0.013085329486 -0.790876121503 0.611836362591
outer loop
vertex 279.340515136719 138.903900146484 171.575607299805
vertex 279.874206542969 136.303207397461 168.225296020508
vertex 282.235595703125 138.787994384766 171.487701416016
endloop
endfacet
facet normal -0.039847745865 -0.808643126348 0.586948423083
outer loop
vertex 279.874206542969 136.303207397461 168.225296020508
vertex 274.842102050781 134.210403442383 165.000396728516
vertex 281.010711669922 132.613998413086 163.219802856445
endloop
endfacet
facet normal 0.743541957188 -0.536112693664 0.399660527939
outer loop
vertex 348.674896240234 200.662200927734 227.447494506836
vertex 348.893188476563 199.216293334961 225.101806640625
vertex 350.746795654297 202.943695068359 226.653305053711
endloop
endfacet
facet normal 0.684252113011 -0.509950582450 0.521295932555
outer loop
vertex 354.290985107422 209.352706909180 228.433807373047
vertex 355.987915039063 212.840698242188 229.618499755859
vertex 353.070709228516 211.008102416992 231.654907226563
endloop
endfacet
facet normal -0.050060271485 -0.823591174802 0.564970393921
outer loop
vertex 274.842102050781 134.210403442383 165.000396728516
vertex 277.103302001953 128.292999267578 156.574600219727
vertex 281.010711669922 132.613998413086 163.219802856445
endloop
endfacet
facet normal -0.041119442749 -0.838322987276 0.543620971295
outer loop
vertex 277.103302001953 128.292999267578 156.574600219727
vertex 263.838897705078 127.272399902344 153.997406005859
vertex 276.294891357422 121.860603332520 146.593994140625
endloop
endfacet
facet normal -0.030399218810 -0.825411628930 0.563712276187
outer loop
vertex 259.819702148438 123.424697875977 148.016693115234
vertex 254.811294555664 123.509101867676 147.870193481445
vertex 260.091400146484 120.412803649902 143.621200561523
endloop
endfacet
facet normal -0.274004346026 -0.191413366520 0.942487422450
outer loop
vertex 188.965103149414 229.261901855469 222.113494873047
vertex 184.876602172852 230.136505126953 221.102493286133
vertex 185.538406372070 227.237899780273 220.706207275391
endloop
endfacet
facet normal -0.186946095012 -0.367600998691 0.910999815215
outer loop
vertex 181.888305664063 221.059692382813 217.660095214844
vertex 178.597702026367 221.500503540039 217.162704467773
vertex 179.203399658203 218.637893676758 216.131896972656
endloop
endfacet
facet normal -0.101268679763 -0.394393411002 0.913344673087
outer loop
vertex 176.457504272461 216.580200195313 214.938903808594
vertex 180.223602294922 214.587707519531 214.496093750000
vertex 179.203399658203 218.637893676758 216.131896972656
endloop
endfacet
facet normal -0.073893012262 -0.572517543496 0.816555867732
outer loop
vertex 189.529205322266 184.424194335938 198.289199829102
vertex 191.071502685547 189.750305175781 202.163101196289
vertex 185.245186068543 187.329871806034 199.938801887402
endloop
endfacet
facet normal 0.121598898936 -0.637103111535 -0.761126358136
outer loop
vertex 291.562103271484 142.285293579102 225.165298461914
vertex 295.380889892578 142.066894531250 225.958206176758
vertex 292.882995605469 139.955001831055 227.326904296875
endloop
endfacet
facet normal 0.153509943841 -0.658850635489 -0.736444524223
outer loop
vertex 292.882995605469 139.955001831055 227.326904296875
vertex 295.380889892578 142.066894531250 225.958206176758
vertex 296.510589599609 139.741699218750 228.273895263672
endloop
endfacet
facet normal 0.152032415142 -0.664149240045 -0.731978095091
outer loop
vertex 292.882995605469 139.955001831055 227.326904296875
vertex 296.510589599609 139.741699218750 228.273895263672
vertex 294.519714355469 137.586807250977 229.815597534180
endloop
endfacet
facet normal 0.183176390810 -0.678320093709 -0.711567467160
outer loop
vertex 294.519714355469 137.586807250977 229.815597534180
vertex 296.510589599609 139.741699218750 228.273895263672
vertex 297.538909912109 138.054794311523 230.146697998047
endloop
endfacet
facet normal 0.646856124305 -0.507912410089 0.568860385444
outer loop
vertex 355.987915039063 212.840698242188 229.618499755859
vertex 354.290985107422 209.352706909180 228.433807373047
vertex 356.704498291016 210.830902099609 227.009201049805
endloop
endfacet
facet normal 0.617575362105 -0.531951069030 0.579334732498
outer loop
vertex 355.987915039063 212.840698242188 229.618499755859
vertex 356.704498291016 210.830902099609 227.009201049805
vertex 358.364196777344 213.155700683594 227.374603271484
endloop
endfacet
facet normal 0.733966359959 -0.423200606096 0.531219944514
outer loop
vertex 354.711486816406 215.401596069336 233.317306518555
vertex 352.199310302734 216.483001708984 237.649795532227
vertex 351.625488281250 212.328994750977 235.133300781250
endloop
endfacet
facet normal 0.887447326209 -0.439206288733 -0.139767947480
outer loop
vertex 337.632507324219 181.824600219727 233.483093261719
vertex 336.390289306641 178.356201171875 236.494796752930
vertex 334.420288085938 176.165802001953 230.869506835938
endloop
endfacet
facet normal 0.914525504922 -0.396626822990 -0.079562957031
outer loop
vertex 336.390289306641 178.356201171875 236.494796752930
vertex 337.632507324219 181.824600219727 233.483093261719
vertex 338.901885986328 183.791793823242 238.267196655273
endloop
endfacet
facet normal -0.219735184913 -0.152528894699 0.963561821988
outer loop
vertex 175.364395141602 226.816802978516 217.965301513672
vertex 171.750701904297 228.313903808594 217.378204345703
vertex 172.415298461914 224.960906982422 216.998992919922
endloop
endfacet
facet normal 0.929239070138 0.228917642359 -0.290019764062
outer loop
vertex 349.056826700110 221.173648631557 270.838555408276
vertex 348.144104003906 227.282302856445 272.735809326172
vertex 348.998157167526 221.707597374916 271.072030067444
endloop
endfacet
facet normal 0.935302119827 -0.248183980871 -0.252219460562
outer loop
vertex 339.553985595703 181.134902954102 245.568405151367
vertex 338.417388916016 180.879196166992 241.605194091797
vertex 340.805114746094 185.451004028320 245.960906982422
endloop
endfacet
facet normal -0.154189762617 -0.612065225355 0.775629858254
outer loop
vertex 204.995895385742 175.591003417969 194.054199218750
vertex 199.768402099609 179.648300170898 196.216705322266
vertex 199.738296508789 176.582702636719 193.791595458984
endloop
endfacet
facet normal -0.156019204034 -0.624505261453 0.765278502501
outer loop
vertex 202.918594360352 173.146301269531 191.635696411133
vertex 204.995895385742 175.591003417969 194.054199218750
vertex 199.738296508789 176.582702636719 193.791595458984
endloop
endfacet
facet normal -0.171192280418 -0.632403809802 0.755485687802
outer loop
vertex 202.918594360352 173.146301269531 191.635696411133
vertex 199.738296508789 176.582702636719 193.791595458984
vertex 199.551498413086 174.604797363281 192.093597412109
endloop
endfacet
facet normal -0.201537732528 -0.662484330954 0.721454817440
outer loop
vertex 194.553683720326 163.444263118864 180.688072274864
vertex 195.091548808500 162.754271137278 180.204731173552
vertex 199.003601074219 167.015197753906 185.210205078125
endloop
endfacet
facet normal 0.952126215571 -0.263400162222 -0.155164506777
outer loop
vertex 342.078308105469 192.236694335938 243.290405273438
vertex 342.122802734375 190.455093383789 246.587799072266
vertex 340.420288085938 186.656906127930 242.588394165039
endloop
endfacet
facet normal 0.539493772650 -0.514064900028 -0.666846120054
outer loop
vertex 370.602508544922 214.259094238281 343.598785400391
vertex 371.383392333984 214.954696655273 343.694305419922
vertex 371.569885253906 214.330993652344 344.325988769531
endloop
endfacet
facet normal -0.065341440248 -0.800554739304 0.595686667271
outer loop
vertex 241.849304199219 128.262405395508 153.763107299805
vertex 244.987899780273 129.826202392578 156.208999633789
vertex 236.642395019531 131.816894531250 157.968902587891
endloop
endfacet
facet normal -0.077300131974 -0.822378938072 0.563664414180
outer loop
vertex 244.987899780273 129.826202392578 156.208999633789
vertex 242.634704589844 132.313003540039 159.514495849609
vertex 236.642395019531 131.816894531250 157.968902587891
endloop
endfacet
facet normal -0.090263914606 -0.805668058993 0.585449745442
outer loop
vertex 246.065994262695 133.246307373047 161.327896118164
vertex 240.873306274414 135.146606445313 163.142395019531
vertex 242.634704589844 132.313003540039 159.514495849609
endloop
endfacet
facet normal 0.824074334201 -0.389776757894 0.411066382372
outer loop
vertex 352.199310302734 216.483001708984 237.649795532227
vertex 349.598785400391 215.151306152344 241.600402832031
vertex 350.110992431641 212.715805053711 238.264205932617
endloop
endfacet
facet normal 0.687076738962 -0.521621495663 0.505802896433
outer loop
vertex 353.789306640625 204.405197143555 224.027603149414
vertex 353.142913818359 206.344100952148 226.905197143555
vertex 350.746795654297 202.943695068359 226.653305053711
endloop
endfacet
facet normal 0.778300903215 -0.270575835818 0.566600759906
outer loop
vertex 351.929595947266 224.508804321289 242.297103881836
vertex 353.579193115234 221.194396972656 238.448394775391
vertex 355.227691650391 225.665695190430 238.319198608398
endloop
endfacet
facet normal 0.364376871679 -0.655608542586 -0.661367472948
outer loop
vertex 304.907501220703 138.858993530273 232.930099487305
vertex 302.472900390625 140.619094848633 229.843994140625
vertex 305.772796630859 141.427993774414 230.860198974609
endloop
endfacet
facet normal 0.875753129939 -0.479249430450 0.058107132226
outer loop
vertex 339.167510986328 184.988204956055 230.748092651367
vertex 338.755493164063 183.807006835938 227.215606689453
vertex 340.743194580078 187.521301269531 227.892593383789
endloop
endfacet
facet normal 0.809051592293 -0.587552239691 -0.014760983794
outer loop
vertex 330.943511962891 172.013595581055 225.691192626953
vertex 332.956298828125 174.880401611328 221.900802612305
vertex 334.641296386719 177.104797363281 225.714996337891
endloop
endfacet
facet normal 0.807159907532 -0.585910081390 -0.072126695464
outer loop
vertex 334.420288085938 176.165802001953 230.869506835938
vertex 330.943511962891 172.013595581055 225.691192626953
vertex 334.641296386719 177.104797363281 225.714996337891
endloop
endfacet
facet normal 0.820009176584 -0.135970608259 0.555964876596
outer loop
vertex 350.490509033203 229.625396728516 245.671005249023
vertex 351.929595947266 224.508804321289 242.297103881836
vertex 353.648101806641 230.623596191406 241.257904052734
endloop
endfacet
facet normal 0.827381668263 -0.439440250275 0.349759691017
outer loop
vertex 347.148193359375 202.737304687500 233.647705078125
vertex 348.291107177734 202.218795776367 230.292602539063
vertex 348.935089111328 205.887100219727 233.378097534180
endloop
endfacet
facet normal 0.893633372295 -0.359848023155 0.268195443945
outer loop
vertex 348.212310791016 210.388397216797 240.335601806641
vertex 346.824310302734 207.279998779297 240.789794921875
vertex 347.485900878906 207.335403442383 238.659698486328
endloop
endfacet
facet normal 0.404172226666 -0.617276381735 -0.674992355322
outer loop
vertex 305.772796630859 141.427993774414 230.860198974609
vertex 304.089111328125 142.709396362305 228.680206298828
vertex 306.492004394531 143.855499267578 229.070907592773
endloop
endfacet
facet normal -0.283875718510 -0.031605917558 0.958340045295
outer loop
vertex 175.030700683594 232.615493774414 218.280700683594
vertex 177.261199951172 229.768096923828 218.847503662109
vertex 180.939300537109 233.305999755859 220.053695678711
endloop
endfacet
facet normal -0.287323001871 -0.027712704429 0.957432764537
outer loop
vertex 177.261199951172 229.768096923828 218.847503662109
vertex 181.416000366211 230.146499633789 220.105300903320
vertex 180.939300537109 233.305999755859 220.053695678711
endloop
endfacet
facet normal -0.218099822765 -0.148169218886 0.964613057078
outer loop
vertex 177.261199951172 229.768096923828 218.847503662109
vertex 171.750701904297 228.313903808594 217.378204345703
vertex 175.364395141602 226.816802978516 217.965301513672
endloop
endfacet
facet normal -0.166522534245 -0.177675211662 0.969897811498
outer loop
vertex 172.103211285819 224.773079984350 216.911002465572
vertex 172.415298461914 224.960906982422 216.998992919922
vertex 172.015792118402 225.046831968585 216.946141920510
endloop
endfacet
facet normal -0.156721658186 -0.144364613100 0.977034892079
outer loop
vertex 171.750701904297 228.313903808594 217.378204345703
vertex 171.428633639371 228.162002587100 217.304098257798
vertex 171.424836036998 227.850049005276 217.257395499221
endloop
endfacet
facet normal 0.191140286033 -0.683775567486 -0.704213294651
outer loop
vertex 294.796112060547 135.370407104492 232.042694091797
vertex 294.519714355469 137.586807250977 229.815597534180
vertex 297.542602539063 136.235992431641 231.947692871094
endloop
endfacet
facet normal 0.183795091939 -0.691444874839 -0.698658249245
outer loop
vertex 294.519714355469 137.586807250977 229.815597534180
vertex 297.538909912109 138.054794311523 230.146697998047
vertex 297.542602539063 136.235992431641 231.947692871094
endloop
endfacet
facet normal 0.358700567174 -0.609815948977 -0.706723716513
outer loop
vertex 303.690490722656 144.989196777344 226.510696411133
vertex 304.089111328125 142.709396362305 228.680206298828
vertex 301.936187744141 142.776702880859 227.529403686523
endloop
endfacet
facet normal 0.143891870686 -0.649511450941 -0.746612352326
outer loop
vertex 295.380889892578 142.066894531250 225.958206176758
vertex 293.850494384766 143.661895751953 224.275695800781
vertex 295.967102050781 143.917800903320 224.460998535156
endloop
endfacet
facet normal 0.143179175505 -0.633872286488 -0.760069502167
outer loop
vertex 293.850494384766 143.661895751953 224.275695800781
vertex 294.932708740234 145.520202636719 222.929794311523
vertex 295.967102050781 143.917800903320 224.460998535156
endloop
endfacet
facet normal 0.981972843801 -0.161960302417 -0.097458680881
outer loop
vertex 344.892211914063 202.946701049805 248.892807006836
vertex 345.678192138672 205.423706054688 252.695800781250
vertex 344.408996582031 199.358703613281 249.986694335938
endloop
endfacet
facet normal 0.990025774111 -0.132929735299 -0.046676033132
outer loop
vertex 345.812103271484 207.516403198242 249.576293945313
vertex 346.406707763672 210.860000610352 252.665893554688
vertex 345.678192138672 205.423706054688 252.695800781250
endloop
endfacet
facet normal 0.119713118755 -0.663814687468 -0.738253906119
outer loop
vertex 294.932708740234 145.520202636719 222.929794311523
vertex 291.397796630859 144.541397094727 223.236694335938
vertex 292.040008544922 146.712997436523 221.388198852539
endloop
endfacet
facet normal 0.993734616876 -0.089044165466 0.067547374624
outer loop
vertex 347.214996337891 218.715606689453 253.302597045898
vertex 347.016296386719 218.327896118164 255.714706420898
vertex 346.931213378906 215.325103759766 253.007995605469
endloop
endfacet
facet normal 0.998107307334 -0.054300667948 0.028865905621
outer loop
vertex 346.931213378906 215.325103759766 253.007995605469
vertex 347.016296386719 218.327896118164 255.714706420898
vertex 346.786499023438 214.101196289063 255.709503173828
endloop
endfacet
facet normal 0.996820218369 0.050801144911 0.061389705386
outer loop
vertex 346.874603271484 224.992004394531 257.432891845703
vertex 346.649291992188 226.065093994141 260.203399658203
vertex 346.973999023438 221.973403930664 258.316894531250
endloop
endfacet
facet normal 0.328178662592 -0.597198927051 -0.731882645612
outer loop
vertex 303.690490722656 144.989196777344 226.510696411133
vertex 301.936187744141 142.776702880859 227.529403686523
vertex 300.207611083984 144.037292480469 225.725692749023
endloop
endfacet
facet normal 0.548728025102 0.014880233257 0.835868490329
outer loop
vertex 360.579895019531 233.698898315430 235.176696777344
vertex 365.001007080078 237.015304565430 232.215301513672
vertex 359.314392089844 238.859298706055 235.915603637695
endloop
endfacet
facet normal 0.719154159939 0.121509987411 0.684143710927
outer loop
vertex 353.032714843750 237.455795288086 241.690994262695
vertex 356.046508789063 235.066101074219 238.947402954102
vertex 354.947296142578 240.187805175781 239.193206787109
endloop
endfacet
facet normal 0.746618170038 -0.483484565570 0.456950744636
outer loop
vertex 351.273193359375 206.751007080078 230.087600708008
vertex 353.070709228516 211.008102416992 231.654907226563
vertex 350.762390136719 209.053497314453 233.358398437500
endloop
endfacet
facet normal 0.780253912906 -0.447559770995 0.436914273950
outer loop
vertex 348.935089111328 205.887100219727 233.378097534180
vertex 351.273193359375 206.751007080078 230.087600708008
vertex 350.762390136719 209.053497314453 233.358398437500
endloop
endfacet
facet normal 0.615828330047 0.094629481635 0.782176916763
outer loop
vertex 356.046508789063 235.066101074219 238.947402954102
vertex 359.314392089844 238.859298706055 235.915603637695
vertex 354.947296142578 240.187805175781 239.193206787109
endloop
endfacet
facet normal 0.891426429911 -0.442049471628 0.099755624848
outer loop
vertex 340.948211669922 188.768096923828 231.585494995117
vertex 339.167510986328 184.988204956055 230.748092651367
vertex 340.743194580078 187.521301269531 227.892593383789
endloop
endfacet
facet normal 0.647529838475 0.049915411181 0.760403550762
outer loop
vertex 360.579895019531 233.698898315430 235.176696777344
vertex 359.314392089844 238.859298706055 235.915603637695
vertex 356.046508789063 235.066101074219 238.947402954102
endloop
endfacet
facet normal 0.552464302081 0.319989953251 0.769668516145
outer loop
vertex 359.926313161850 245.895251631737 233.474603576523
vertex 357.941564856354 246.023371207821 234.845980459037
vertex 362.432586669922 242.970703125000 232.891494750977
endloop
endfacet
facet normal -0.080189759227 -0.526258128383 0.846535282682
outer loop
vertex 185.356704332474 189.445890863058 201.432512852152
vertex 191.071502685547 189.750305175781 202.163101196289
vertex 185.480549931526 191.753163933754 202.878586490978
endloop
endfacet
facet normal 0.965292470930 0.239591424439 -0.103953811382
outer loop
vertex 345.394805908203 233.560195922852 266.227996826172
vertex 346.229187011719 230.704803466797 267.394805908203
vertex 346.294799804688 228.926696777344 263.905914306641
endloop
endfacet
facet normal 0.841244628131 -0.520055460401 -0.147816757334
outer loop
vertex 331.228912353516 171.129501342773 230.425903320313
vertex 330.943511962891 172.013595581055 225.691192626953
vertex 334.420288085938 176.165802001953 230.869506835938
endloop
endfacet
facet normal 0.284193239287 -0.636381864209 -0.717113886109
outer loop
vertex 300.207611083984 144.037292480469 225.725692749023
vertex 301.936187744141 142.776702880859 227.529403686523
vertex 299.124389648438 141.663803100586 227.402694702148
endloop
endfacet
facet normal 0.919988823376 -0.223060939298 0.322279974902
outer loop
vertex 349.596496582031 219.940200805664 244.921493530273
vertex 348.124603271484 214.818496704102 245.578292846680
vertex 349.598785400391 215.151306152344 241.600402832031
endloop
endfacet
facet normal 0.793634068109 -0.455490295134 0.403328100900
outer loop
vertex 349.149108886719 209.036697387695 236.513900756836
vertex 348.935089111328 205.887100219727 233.378097534180
vertex 350.762390136719 209.053497314453 233.358398437500
endloop
endfacet
facet normal -0.365305846592 -0.576135558044 0.731176761942
outer loop
vertex 215.909606933594 195.336105346680 212.919601440430
vertex 211.715393066406 200.582702636719 214.958206176758
vertex 211.664001464844 196.358200073242 211.603805541992
endloop
endfacet
facet normal -0.364823436390 -0.611178440599 0.702399298126
outer loop
vertex 215.682601928711 191.013198852539 209.040206909180
vertex 215.909606933594 195.336105346680 212.919601440430
vertex 211.664001464844 196.358200073242 211.603805541992
endloop
endfacet
facet normal -0.303340906406 -0.626728135874 0.717771647674
outer loop
vertex 213.718505859375 188.647598266602 206.144607543945
vertex 215.682601928711 191.013198852539 209.040206909180
vertex 208.374404907227 193.918106079102 208.488098144531
endloop
endfacet
facet normal -0.260602017078 -0.600408223583 0.756040047714
outer loop
vertex 213.718505859375 188.647598266602 206.144607543945
vertex 208.374404907227 193.918106079102 208.488098144531
vertex 210.495697021484 189.234100341797 205.499496459961
endloop
endfacet
facet normal -0.260821989858 -0.611881528596 0.746708031676
outer loop
vertex 213.770202636719 185.378204345703 203.483596801758
vertex 213.718505859375 188.647598266602 206.144607543945
vertex 210.495697021484 189.234100341797 205.499496459961
endloop
endfacet
facet normal -0.220285848416 -0.592270557121 0.775041761555
outer loop
vertex 209.790496826172 187.741699218750 204.158599853516
vertex 213.770202636719 185.378204345703 203.483596801758
vertex 210.495697021484 189.234100341797 205.499496459961
endloop
endfacet
facet normal 0.344188067990 -0.645648044482 -0.681669404118
outer loop
vertex 304.089111328125 142.709396362305 228.680206298828
vertex 302.472900390625 140.619094848633 229.843994140625
vertex 301.936187744141 142.776702880859 227.529403686523
endloop
endfacet
facet normal -0.215574866518 -0.594294654896 0.774816971992
outer loop
vertex 206.830902099609 190.291900634766 205.291198730469
vertex 209.790496826172 187.741699218750 204.158599853516
vertex 210.495697021484 189.234100341797 205.499496459961
endloop
endfacet
facet normal -0.197796458186 -0.580385444834 0.789955249716
outer loop
vertex 208.054092407227 185.921493530273 202.386505126953
vertex 209.790496826172 187.741699218750 204.158599853516
vertex 206.830902099609 190.291900634766 205.291198730469
endloop
endfacet
facet normal -0.184095175253 -0.579282715807 0.794065804336
outer loop
vertex 203.806900024414 190.002502441406 204.378997802734
vertex 208.054092407227 185.921493530273 202.386505126953
vertex 206.830902099609 190.291900634766 205.291198730469
endloop
endfacet
facet normal -0.020238179105 -0.840431549360 0.541539681783
outer loop
vertex 267.468109130859 119.939598083496 143.162994384766
vertex 269.770029428734 115.814582142091 136.847285714565
vertex 272.659808620846 115.216738379675 136.027469723988
endloop
endfacet
facet normal 0.293876380663 -0.664237647170 -0.687331812860
outer loop
vertex 301.936187744141 142.776702880859 227.529403686523
vertex 302.472900390625 140.619094848633 229.843994140625
vertex 299.124389648438 141.663803100586 227.402694702148
endloop
endfacet
facet normal 0.315125115167 -0.636016340601 -0.704400011556
outer loop
vertex 299.124389648438 141.663803100586 227.402694702148
vertex 302.472900390625 140.619094848633 229.843994140625
vertex 299.508697509766 139.231597900391 229.770706176758
endloop
endfacet
facet normal -0.142493527141 -0.592445417464 0.792908583665
outer loop
vertex 205.950607299805 179.192306518555 196.986999511719
vertex 198.056106567383 184.067596435547 199.210998535156
vertex 199.768402099609 179.648300170898 196.216705322266
endloop
endfacet
facet normal -0.163500429080 -0.633676909864 0.756122466004
outer loop
vertex 199.738296508789 176.582702636719 193.791595458984
vertex 196.712799072266 175.873001098633 192.542602539063
vertex 199.551498413086 174.604797363281 192.093597412109
endloop
endfacet
facet normal -0.172481902367 -0.648556438775 0.741366669793
outer loop
vertex 196.712799072266 175.873001098633 192.542602539063
vertex 198.686294555664 172.164505004883 189.757507324219
vertex 199.551498413086 174.604797363281 192.093597412109
endloop
endfacet
facet normal -0.184649207319 -0.336432482466 0.923427233180
outer loop
vertex 180.613906860352 223.917892456055 218.446594238281
vertex 178.597702026367 221.500503540039 217.162704467773
vertex 181.888305664063 221.059692382813 217.660095214844
endloop
endfacet
facet normal 0.370479853570 -0.650339271038 -0.663176832108
outer loop
vertex 302.472900390625 140.619094848633 229.843994140625
vertex 304.907501220703 138.858993530273 232.930099487305
vertex 301.748901367188 138.044296264648 231.964492797852
endloop
endfacet
facet normal 0.323086133205 -0.654105170293 -0.683931119870
outer loop
vertex 299.508697509766 139.231597900391 229.770706176758
vertex 302.472900390625 140.619094848633 229.843994140625
vertex 301.748901367188 138.044296264648 231.964492797852
endloop
endfacet
facet normal 0.980197550796 0.197511578297 -0.014210483876
outer loop
vertex 345.482788085938 232.868804931641 262.687103271484
vertex 345.394805908203 233.560195922852 266.227996826172
vertex 346.294799804688 228.926696777344 263.905914306641
endloop
endfacet
facet normal 0.978633283064 0.205267761707 0.011918191266
outer loop
vertex 346.143310546875 229.844192504883 260.542999267578
vertex 345.482788085938 232.868804931641 262.687103271484
vertex 346.294799804688 228.926696777344 263.905914306641
endloop
endfacet
facet normal 0.943717827387 0.256947014342 -0.208266401737
outer loop
vertex 346.600494384766 230.958801269531 270.277099609375
vertex 348.144104003906 227.282302856445 272.735809326172
vertex 347.086914062500 226.843597412109 267.404113769531
endloop
endfacet
facet normal 0.880417920817 0.432046872129 0.195447652806
outer loop
vertex 342.148284912109 244.404205322266 259.024810791016
vertex 342.052307128906 245.723907470703 256.539886474609
vertex 340.941191676699 247.073695786895 258.561267291936
endloop
endfacet
facet normal 0.865762968815 -0.485467599380 0.121555303387
outer loop
vertex 338.755493164063 183.807006835938 227.215606689453
vertex 339.902496337891 185.017303466797 223.879898071289
vertex 340.743194580078 187.521301269531 227.892593383789
endloop
endfacet
facet normal -0.444370768932 -0.759988033980 0.474291901603
outer loop
vertex 243.923492431641 166.730895996094 200.029403686523
vertex 241.393402099609 169.062805175781 201.395492553711
vertex 240.585800170898 168.292297363281 199.404205322266
endloop
endfacet
facet normal -0.388602279937 -0.743936270030 0.543642432268
outer loop
vertex 243.431304931641 165.164398193359 197.157897949219
vertex 240.585800170898 168.292297363281 199.404205322266
vertex 239.383697509766 167.025207519531 196.811004638672
endloop
endfacet
facet normal -0.384632588731 -0.731755224816 0.562665142550
outer loop
vertex 242.594299316406 163.390701293945 194.279006958008
vertex 243.431304931641 165.164398193359 197.157897949219
vertex 239.383697509766 167.025207519531 196.811004638672
endloop
endfacet
facet normal 0.742934626868 -0.542788279825 0.391700170393
outer loop
vertex 346.869201660156 195.829193115234 224.247100830078
vertex 348.948303222656 196.867797851563 221.742904663086
vertex 348.893188476563 199.216293334961 225.101806640625
endloop
endfacet
facet normal -0.333647685161 -0.719260643578 0.609379478476
outer loop
vertex 238.775299072266 165.010498046875 194.099899291992
vertex 242.594299316406 163.390701293945 194.279006958008
vertex 239.383697509766 167.025207519531 196.811004638672
endloop
endfacet
facet normal -0.280775098978 -0.693506142491 0.663486679687
outer loop
vertex 235.539001464844 164.608901977539 192.310592651367
vertex 241.484603881836 161.141998291016 191.202896118164
vertex 238.775299072266 165.010498046875 194.099899291992
endloop
endfacet
facet normal -0.134415708153 -0.360776795197 0.922915229828
outer loop
vertex 178.597702026367 221.500503540039 217.162704467773
vertex 175.274200439453 219.811706542969 216.018493652344
vertex 179.203399658203 218.637893676758 216.131896972656
endloop
endfacet
facet normal -0.133526430223 -0.357670870959 0.924252260208
outer loop
vertex 175.274200439453 219.811706542969 216.018493652344
vertex 176.457504272461 216.580200195313 214.938903808594
vertex 179.203399658203 218.637893676758 216.131896972656
endloop
endfacet
facet normal -0.138234867168 -0.762987845281 0.631459158974
outer loop
vertex 230.939300537109 136.264801025391 162.705200195313
vertex 229.215301513672 139.754196166992 166.544006347656
vertex 226.103805541992 139.113403320313 165.088592529297
endloop
endfacet
facet normal -0.126377221936 -0.753927560292 0.644687545721
outer loop
vertex 224.130905151367 137.120193481445 162.370895385742
vertex 230.939300537109 136.264801025391 162.705200195313
vertex 226.103805541992 139.113403320313 165.088592529297
endloop
endfacet
facet normal 0.663288337017 -0.554594581802 -0.502467344025
outer loop
vertex 320.040100097656 154.273696899414 232.844802856445
vertex 316.759399414063 153.382705688477 229.497497558594
vertex 320.694793701172 157.180297851563 230.500900268555
endloop
endfacet
facet normal 0.929427636258 0.277990111787 -0.242663896592
outer loop
vertex 347.636695518696 231.231123209000 275.313436985016
vertex 347.879046648435 229.940541973238 274.763206867489
vertex 346.675201416016 232.859100341797 273.495788574219
endloop
endfacet
facet normal 0.910034175753 0.332938073910 -0.246961612204
outer loop
vertex 347.237965633461 233.256791495890 276.105672725319
vertex 345.402709960938 237.729400634766 275.372589111328
vertex 346.799600996220 234.920992957061 276.733904888062
endloop
endfacet
facet normal 0.758329959831 -0.473924726934 -0.447583539939
outer loop
vertex 322.551208496094 155.092407226563 235.740600585938
vertex 326.666687011719 158.804306030273 238.783004760742
vertex 322.731292724609 153.053695678711 238.204406738281
endloop
endfacet
facet normal 0.199864781854 -0.801769434429 -0.563222729469
outer loop
vertex 295.350006103516 149.857803344727 218.687103271484
vertex 294.445800781250 151.663894653320 215.795196533203
vertex 298.162292480469 151.440597534180 217.431900024414
endloop
endfacet
facet normal -0.240775931607 -0.185228680086 0.952741983347
outer loop
vertex 184.876602172852 230.136505126953 221.102493286133
vertex 182.743606567383 228.206405639648 220.188201904297
vertex 185.538406372070 227.237899780273 220.706207275391
endloop
endfacet
facet normal 0.598995252391 0.364817104743 0.712820571883
outer loop
vertex 355.092793703079 246.262222528458 236.808979926209
vertex 353.133310914456 246.498537058388 238.334622349852
vertex 357.000701904297 244.010192871094 236.358306884766
endloop
endfacet
facet normal -0.255222459928 -0.234839126850 0.937929677774
outer loop
vertex 185.538406372070 227.237899780273 220.706207275391
vertex 182.743606567383 228.206405639648 220.188201904297
vertex 182.658096313477 226.076705932617 219.631698608398
endloop
endfacet
facet normal -0.250897407724 -0.235288148551 0.938983481190
outer loop
vertex 182.743606567383 228.206405639648 220.188201904297
vertex 179.418304443359 227.032806396484 219.005599975586
vertex 182.658096313477 226.076705932617 219.631698608398
endloop
endfacet
facet normal -0.257926840396 -0.265703781111 0.928910784579
outer loop
vertex 179.418304443359 227.032806396484 219.005599975586
vertex 180.613906860352 223.917892456055 218.446594238281
vertex 182.658096313477 226.076705932617 219.631698608398
endloop
endfacet
facet normal 0.663001921605 0.413985180801 0.623734496421
outer loop
vertex 349.755889892578 245.571502685547 242.102096557617
vertex 352.472991943359 244.584106445313 239.869293212891
vertex 349.574937536296 246.933981661929 241.390136023144
endloop
endfacet
facet normal 0.370911253372 -0.636188264850 -0.676527408010
outer loop
vertex 304.907501220703 138.858993530273 232.930099487305
vertex 303.616930519242 137.323354704287 233.666608012748
vertex 302.857333614312 137.044194908003 233.512667680963
endloop
endfacet
facet normal 0.700431072245 -0.579477778975 0.416655513234
outer loop
vertex 348.893188476563 199.216293334961 225.101806640625
vertex 348.948303222656 196.867797851563 221.742904663086
vertex 351.380706787109 200.605804443359 222.852600097656
endloop
endfacet
facet normal 0.832732146837 -0.494525025566 0.249002350821
outer loop
vertex 346.881195068359 198.101806640625 227.787796020508
vertex 344.354492187500 194.921493530273 229.921600341797
vertex 345.149902343750 194.466903686523 226.358703613281
endloop
endfacet
facet normal 0.675833546337 -0.572139962581 0.464655658378
outer loop
vertex 353.789306640625 204.405197143555 224.027603149414
vertex 350.746795654297 202.943695068359 226.653305053711
vertex 351.380706787109 200.605804443359 222.852600097656
endloop
endfacet
facet normal -0.467710204698 -0.743804503249 0.477495576280
outer loop
vertex 241.393402099609 169.062805175781 201.395492553711
vertex 238.915298461914 170.687500000000 201.498992919922
vertex 240.585800170898 168.292297363281 199.404205322266
endloop
endfacet
facet normal 0.678986063807 -0.525749086916 -0.512411770711
outer loop
vertex 316.988189697266 150.780303955078 232.385101318359
vertex 320.040100097656 154.273696899414 232.844802856445
vertex 319.377197265625 151.188507080078 235.131896972656
endloop
endfacet
facet normal 0.966194731699 0.214284615710 -0.143352167429
outer loop
vertex 346.229187011719 230.704803466797 267.394805908203
vertex 346.600494384766 230.958801269531 270.277099609375
vertex 347.086914062500 226.843597412109 267.404113769531
endloop
endfacet
facet normal -0.285893509639 -0.684413414740 0.670703495496
outer loop
vertex 234.199401855469 169.364807128906 196.592697143555
vertex 235.539001464844 164.608901977539 192.310592651367
vertex 238.775299072266 165.010498046875 194.099899291992
endloop
endfacet
facet normal -0.155264603717 -0.737891618601 0.656817221174
outer loop
vertex 229.215301513672 139.754196166992 166.544006347656
vertex 225.897293090820 142.228607177734 168.539505004883
vertex 226.103805541992 139.113403320313 165.088592529297
endloop
endfacet
facet normal 0.744337078374 -0.538456042352 0.395003043295
outer loop
vertex 348.291107177734 202.218795776367 230.292602539063
vertex 348.674896240234 200.662200927734 227.447494506836
vertex 350.746795654297 202.943695068359 226.653305053711
endloop
endfacet
facet normal 0.765313120221 -0.359943547449 0.533607037686
outer loop
vertex 354.664794921875 218.850906372070 235.710998535156
vertex 352.199310302734 216.483001708984 237.649795532227
vertex 354.711486816406 215.401596069336 233.317306518555
endloop
endfacet
facet normal 0.965004938605 -0.180479931177 0.190243167844
outer loop
vertex 348.008605957031 217.996093750000 248.594604492188
vertex 347.333099365234 217.097793579102 251.168899536133
vertex 346.926910400391 212.884796142578 249.232498168945
endloop
endfacet
facet normal 0.965648152430 -0.128366881198 0.225932710161
outer loop
vertex 347.658599853516 220.577301025391 251.557098388672
vertex 348.008605957031 217.996093750000 248.594604492188
vertex 348.556304931641 222.641906738281 248.893295288086
endloop
endfacet
facet normal 0.852601316786 -0.350995269870 0.387134750626
outer loop
vertex 349.598785400391 215.151306152344 241.600402832031
vertex 348.212310791016 210.388397216797 240.335601806641
vertex 350.110992431641 212.715805053711 238.264205932617
endloop
endfacet
facet normal 0.813728910920 -0.379245471317 0.440474893743
outer loop
vertex 351.625488281250 212.328994750977 235.133300781250
vertex 352.199310302734 216.483001708984 237.649795532227
vertex 350.110992431641 212.715805053711 238.264205932617
endloop
endfacet
facet normal 0.745381859711 -0.458589190779 0.483840714817
outer loop
vertex 353.070709228516 211.008102416992 231.654907226563
vertex 351.625488281250 212.328994750977 235.133300781250
vertex 350.762390136719 209.053497314453 233.358398437500
endloop
endfacet
facet normal 0.804302303402 -0.233968717036 0.546220142608
outer loop
vertex 351.346984863281 219.481994628906 241.001800537109
vertex 353.579193115234 221.194396972656 238.448394775391
vertex 351.929595947266 224.508804321289 242.297103881836
endloop
endfacet
facet normal 0.933389358038 -0.131505482620 0.333902102931
outer loop
vertex 348.008605957031 217.996093750000 248.594604492188
vertex 349.596496582031 219.940200805664 244.921493530273
vertex 348.556304931641 222.641906738281 248.893295288086
endloop
endfacet
facet normal 0.250871069979 -0.680861148746 -0.688107406134
outer loop
vertex 297.542602539063 136.235992431641 231.947692871094
vertex 297.538909912109 138.054794311523 230.146697998047
vertex 299.445404052734 137.470504760742 231.419906616211
endloop
endfacet
facet normal 0.263443412847 -0.664419941395 -0.699388096627
outer loop
vertex 297.538909912109 138.054794311523 230.146697998047
vertex 299.508697509766 139.231597900391 229.770706176758
vertex 299.445404052734 137.470504760742 231.419906616211
endloop
endfacet
facet normal 0.249363565382 -0.647479686369 -0.720130452071
outer loop
vertex 297.538909912109 138.054794311523 230.146697998047
vertex 296.510589599609 139.741699218750 228.273895263672
vertex 299.508697509766 139.231597900391 229.770706176758
endloop
endfacet
facet normal 0.218284611772 -0.633351282771 -0.742440557133
outer loop
vertex 296.510589599609 139.741699218750 228.273895263672
vertex 295.380889892578 142.066894531250 225.958206176758
vertex 299.124389648438 141.663803100586 227.402694702148
endloop
endfacet
facet normal 0.244689225400 -0.656258123062 -0.713759384449
outer loop
vertex 296.510589599609 139.741699218750 228.273895263672
vertex 299.124389648438 141.663803100586 227.402694702148
vertex 299.508697509766 139.231597900391 229.770706176758
endloop
endfacet
facet normal 0.204730820976 -0.666729260602 -0.716629181655
outer loop
vertex 299.124389648438 141.663803100586 227.402694702148
vertex 295.380889892578 142.066894531250 225.958206176758
vertex 297.726989746094 143.334304809570 225.449295043945
endloop
endfacet
facet normal 0.194256435622 -0.653383336068 -0.731679337803
outer loop
vertex 295.380889892578 142.066894531250 225.958206176758
vertex 295.967102050781 143.917800903320 224.460998535156
vertex 297.726989746094 143.334304809570 225.449295043945
endloop
endfacet
facet normal 0.212527661603 -0.627581316638 -0.748981764839
outer loop
vertex 297.726989746094 143.334304809570 225.449295043945
vertex 295.967102050781 143.917800903320 224.460998535156
vertex 297.919403076172 145.030303955078 224.082794189453
endloop
endfacet
facet normal 0.197284160630 -0.607722704102 -0.769254232931
outer loop
vertex 295.967102050781 143.917800903320 224.460998535156
vertex 294.932708740234 145.520202636719 222.929794311523
vertex 297.919403076172 145.030303955078 224.082794189453
endloop
endfacet
facet normal 0.183520398483 -0.639080472092 -0.746924637116
outer loop
vertex 297.919403076172 145.030303955078 224.082794189453
vertex 294.932708740234 145.520202636719 222.929794311523
vertex 297.854705810547 146.885101318359 222.479904174805
endloop
endfacet
facet normal 0.145206901296 -0.706680845492 -0.692471760024
outer loop
vertex 292.040008544922 146.712997436523 221.388198852539
vertex 292.597595214844 148.512298583984 219.668899536133
vertex 295.485595703125 147.849197387695 220.951202392578
endloop
endfacet
facet normal 0.123362415569 -0.659349568247 -0.741646722690
outer loop
vertex 294.932708740234 145.520202636719 222.929794311523
vertex 292.040008544922 146.712997436523 221.388198852539
vertex 295.485595703125 147.849197387695 220.951202392578
endloop
endfacet
facet normal 0.197611709997 -0.661505336969 -0.723436452796
outer loop
vertex 297.854705810547 146.885101318359 222.479904174805
vertex 294.932708740234 145.520202636719 222.929794311523
vertex 295.485595703125 147.849197387695 220.951202392578
endloop
endfacet
facet normal 0.124650568487 -0.738501255560 -0.662629709047
outer loop
vertex 292.597595214844 148.512298583984 219.668899536133
vertex 295.350006103516 149.857803344727 218.687103271484
vertex 295.485595703125 147.849197387695 220.951202392578
endloop
endfacet
facet normal -0.525639605167 -0.774631816869 0.351636963037
outer loop
vertex 243.323699951172 168.595306396484 202.846801757813
vertex 242.133697509766 170.665893554688 205.629302978516
vertex 240.070999145508 171.112792968750 203.530395507813
endloop
endfacet
facet normal -0.498924546428 -0.758478768829 0.419266328493
outer loop
vertex 241.393402099609 169.062805175781 201.395492553711
vertex 243.323699951172 168.595306396484 202.846801757813
vertex 240.070999145508 171.112792968750 203.530395507813
endloop
endfacet
facet normal 0.702213891569 0.400760882340 0.588461014574
outer loop
vertex 348.001892089844 247.104400634766 243.151199340820
vertex 349.755889892578 245.571502685547 242.102096557617
vertex 348.017471489759 247.129986531550 243.115183535035
endloop
endfacet
facet normal 0.667849050474 0.336312375290 0.663981650355
outer loop
vertex 349.755889892578 245.571502685547 242.102096557617
vertex 350.691406250000 243.409698486328 242.256103515625
vertex 352.472991943359 244.584106445313 239.869293212891
endloop
endfacet
facet normal 0.697427449212 -0.186211965370 0.692040502456
outer loop
vertex 355.227691650391 225.665695190430 238.319198608398
vertex 358.533111572266 225.532104492188 234.952102661133
vertex 357.547210693359 229.964401245117 237.138305664063
endloop
endfacet
facet normal -0.024578539136 -0.843997570823 0.535783534516
outer loop
vertex 276.294891357422 121.860603332520 146.593994140625
vertex 267.468109130859 119.939598083496 143.162994384766
vertex 276.121398925781 116.785797119141 138.591903686523
endloop
endfacet
facet normal 0.004646976587 -0.836456573622 0.548013509006
outer loop
vertex 267.468109130859 119.939598083496 143.162994384766
vertex 265.683174133301 116.713443948004 138.253912329674
vertex 269.770029428734 115.814582142091 136.847285714565
endloop
endfacet
facet normal -0.431907868095 -0.745362973105 0.507828348758
outer loop
vertex 238.915298461914 170.687500000000 201.498992919922
vertex 236.189407348633 171.287994384766 200.061996459961
vertex 240.585800170898 168.292297363281 199.404205322266
endloop
endfacet
facet normal -0.413818163736 -0.727480172616 0.547290714167
outer loop
vertex 240.585800170898 168.292297363281 199.404205322266
vertex 236.189407348633 171.287994384766 200.061996459961
vertex 239.383697509766 167.025207519531 196.811004638672
endloop
endfacet
facet normal -0.350010657486 -0.719628252124 0.599689685080
outer loop
vertex 236.189407348633 171.287994384766 200.061996459961
vertex 234.199401855469 169.364807128906 196.592697143555
vertex 239.383697509766 167.025207519531 196.811004638672
endloop
endfacet
facet normal -0.347629780403 -0.713551442477 0.608274506054
outer loop
vertex 234.199401855469 169.364807128906 196.592697143555
vertex 238.775299072266 165.010498046875 194.099899291992
vertex 239.383697509766 167.025207519531 196.811004638672
endloop
endfacet
facet normal -0.161255108112 -0.633292534900 0.756926254894
outer loop
vertex 234.114105224609 156.723999023438 185.036697387695
vertex 232.183807373047 162.684494018555 189.612396240234
vertex 226.985198974609 162.217895507813 188.114501953125
endloop
endfacet
facet normal -0.151555471264 -0.738209505232 0.657326148511
outer loop
vertex 225.897293090820 142.228607177734 168.539505004883
vertex 222.384201049805 140.675506591797 165.985305786133
vertex 226.103805541992 139.113403320313 165.088592529297
endloop
endfacet
facet normal -0.153239049772 -0.740506979813 0.654344868149
outer loop
vertex 222.384201049805 140.675506591797 165.985305786133
vertex 224.130905151367 137.120193481445 162.370895385742
vertex 226.103805541992 139.113403320313 165.088592529297
endloop
endfacet
facet normal 0.553407950703 0.178661259095 0.813523075639
outer loop
vertex 359.314392089844 238.859298706055 235.915603637695
vertex 362.432586669922 242.970703125000 232.891494750977
vertex 357.000701904297 244.010192871094 236.358306884766
endloop
endfacet
facet normal 0.673394275807 -0.305557371405 0.673182621650
outer loop
vertex 358.533111572266 225.532104492188 234.952102661133
vertex 355.227691650391 225.665695190430 238.319198608398
vertex 356.264099121094 222.003494262695 235.620193481445
endloop
endfacet
facet normal 0.698345734682 -0.187022127067 0.690895041840
outer loop
vertex 353.648101806641 230.623596191406 241.257904052734
vertex 355.227691650391 225.665695190430 238.319198608398
vertex 357.547210693359 229.964401245117 237.138305664063
endloop
endfacet
facet normal 0.608065070719 -0.238271729439 0.757286902516
outer loop
vertex 358.533111572266 225.532104492188 234.952102661133
vertex 361.354888916016 229.025497436523 233.785507202148
vertex 357.547210693359 229.964401245117 237.138305664063
endloop
endfacet
facet normal 0.110821803047 -0.827110291366 -0.551005529814
outer loop
vertex 289.614196777344 151.824600219727 214.582199096680
vertex 294.445800781250 151.663894653320 215.795196533203
vertex 291.276489257813 150.026000976563 217.616394042969
endloop
endfacet
facet normal -0.481395219257 -0.761867416653 0.433378220863
outer loop
vertex 238.915298461914 170.687500000000 201.498992919922
vertex 241.393402099609 169.062805175781 201.395492553711
vertex 240.070999145508 171.112792968750 203.530395507813
endloop
endfacet
facet normal -0.299201821664 -0.688636759961 0.660498056578
outer loop
vertex 234.199401855469 169.364807128906 196.592697143555
vertex 226.531997680664 173.991104125977 197.942794799805
vertex 231.526397705078 169.023696899414 195.026199340820
endloop
endfacet
facet normal -0.189815291752 -0.623936376132 0.758072261435
outer loop
vertex 217.087097167969 174.228302001953 195.458892822266
vertex 224.804901123047 167.879806518555 192.166198730469
vertex 223.562103271484 172.214004516602 195.422302246094
endloop
endfacet
facet normal -0.194100649776 -0.684471059492 0.702726338253
outer loop
vertex 221.482498168945 154.056900024414 179.696105957031
vertex 217.484298706055 158.005004882813 182.437301635742
vertex 214.996093750000 156.924301147461 180.697402954102
endloop
endfacet
facet normal -0.543982203021 -0.750766174578 0.374744598234
outer loop
vertex 240.070999145508 171.112792968750 203.530395507813
vertex 242.133697509766 170.665893554688 205.629302978516
vertex 238.354507446289 173.948501586914 206.719802856445
endloop
endfacet
facet normal -0.514121226912 -0.759487711167 0.398569668470
outer loop
vertex 236.119400024414 173.841598510742 203.632995605469
vertex 240.070999145508 171.112792968750 203.530395507813
vertex 238.354507446289 173.948501586914 206.719802856445
endloop
endfacet
facet normal -0.435288148079 -0.736332473449 0.518014205101
outer loop
vertex 238.915298461914 170.687500000000 201.498992919922
vertex 236.119400024414 173.841598510742 203.632995605469
vertex 236.189407348633 171.287994384766 200.061996459961
endloop
endfacet
facet normal -0.302218109820 -0.683437611377 0.664512788027
outer loop
vertex 235.539001464844 164.608901977539 192.310592651367
vertex 234.199401855469 169.364807128906 196.592697143555
vertex 231.526397705078 169.023696899414 195.026199340820
endloop
endfacet
facet normal -0.231423304838 -0.653591238366 0.720598187001
outer loop
vertex 229.228393554688 168.335403442383 193.663894653320
vertex 235.539001464844 164.608901977539 192.310592651367
vertex 231.526397705078 169.023696899414 195.026199340820
endloop
endfacet
facet normal -0.221819234369 -0.642124189625 0.733807026651
outer loop
vertex 232.183807373047 162.684494018555 189.612396240234
vertex 235.539001464844 164.608901977539 192.310592651367
vertex 229.228393554688 168.335403442383 193.663894653320
endloop
endfacet
facet normal -0.155449042431 -0.628614156405 0.762023515107
outer loop
vertex 227.274093627930 156.921997070313 183.804702758789
vertex 234.114105224609 156.723999023438 185.036697387695
vertex 226.985198974609 162.217895507813 188.114501953125
endloop
endfacet
facet normal 0.736724914399 -0.253505838939 0.626874142175
outer loop
vertex 355.227691650391 225.665695190430 238.319198608398
vertex 353.579193115234 221.194396972656 238.448394775391
vertex 356.264099121094 222.003494262695 235.620193481445
endloop
endfacet
facet normal 0.743787239045 -0.460932437230 0.484068002808
outer loop
vertex 353.070709228516 211.008102416992 231.654907226563
vertex 354.711486816406 215.401596069336 233.317306518555
vertex 351.625488281250 212.328994750977 235.133300781250
endloop
endfacet
facet normal 0.630220681570 -0.495360495155 0.597862753783
outer loop
vertex 358.931488037109 216.984893798828 229.949295043945
vertex 355.987915039063 212.840698242188 229.618499755859
vertex 358.364196777344 213.155700683594 227.374603271484
endloop
endfacet
facet normal 0.895020865567 -0.325988999534 0.304415542282
outer loop
vertex 348.124603271484 214.818496704102 245.578292846680
vertex 347.899291992188 212.038192749023 243.263397216797
vertex 349.598785400391 215.151306152344 241.600402832031
endloop
endfacet
facet normal 0.946552289800 -0.278373592126 0.162932212532
outer loop
vertex 346.945587158203 210.825302124023 245.605300903320
vertex 348.124603271484 214.818496704102 245.578292846680
vertex 346.926910400391 212.884796142578 249.232498168945
endloop
endfacet
facet normal 0.809178606778 -0.320469773226 0.492472442662
outer loop
vertex 352.199310302734 216.483001708984 237.649795532227
vertex 353.579193115234 221.194396972656 238.448394775391
vertex 351.346984863281 219.481994628906 241.001800537109
endloop
endfacet
facet normal 0.813937371325 -0.453699243916 0.362853898464
outer loop
vertex 346.872894287109 201.158401489258 232.147994995117
vertex 346.153015136719 199.120193481445 231.214294433594
vertex 348.291107177734 202.218795776367 230.292602539063
endloop
endfacet
facet normal 0.834689683191 -0.453666649162 0.312217398960
outer loop
vertex 346.881195068359 198.101806640625 227.787796020508
vertex 346.153015136719 199.120193481445 231.214294433594
vertex 344.354492187500 194.921493530273 229.921600341797
endloop
endfacet
facet normal 0.969967191050 -0.114670575034 0.214509457853
outer loop
vertex 348.008605957031 217.996093750000 248.594604492188
vertex 347.658599853516 220.577301025391 251.557098388672
vertex 347.333099365234 217.097793579102 251.168899536133
endloop
endfacet
facet normal 0.252663070504 -0.682603252538 -0.685721643546
outer loop
vertex 300.395661361748 136.183217928078 233.051474058949
vertex 299.631567029049 135.979486363369 232.972738624466
vertex 299.445404052734 137.470504760742 231.419906616211
endloop
endfacet
facet normal 0.324444292702 -0.652748674533 -0.684583865446
outer loop
vertex 299.508697509766 139.231597900391 229.770706176758
vertex 301.748901367188 138.044296264648 231.964492797852
vertex 299.445404052734 137.470504760742 231.419906616211
endloop
endfacet
facet normal 0.260723584442 -0.633630160150 -0.728379044635
outer loop
vertex 300.207611083984 144.037292480469 225.725692749023
vertex 299.124389648438 141.663803100586 227.402694702148
vertex 297.726989746094 143.334304809570 225.449295043945
endloop
endfacet
facet normal 0.258920897239 -0.623653619652 -0.737574492284
outer loop
vertex 300.207611083984 144.037292480469 225.725692749023
vertex 297.726989746094 143.334304809570 225.449295043945
vertex 297.919403076172 145.030303955078 224.082794189453
endloop
endfacet
facet normal 0.932864247681 0.346485720406 -0.098549180377
outer loop
vertex 343.140991210938 242.195297241211 272.609191894531
vertex 343.863800048828 239.244903564453 269.078094482422
vertex 342.505004882813 242.655395507813 268.206604003906
endloop
endfacet
facet normal 0.915928265355 0.400377530095 -0.027807303345
outer loop
vertex 342.505004882813 242.655395507813 268.206604003906
vertex 342.361297607422 242.748794555664 264.817901611328
vertex 341.190002441406 245.545806884766 266.509490966797
endloop
endfacet
facet normal 0.703594292188 -0.487447737754 0.517058773216
outer loop
vertex 351.273193359375 206.751007080078 230.087600708008
vertex 354.290985107422 209.352706909180 228.433807373047
vertex 353.070709228516 211.008102416992 231.654907226563
endloop
endfacet
facet normal 0.647700547597 -0.530435611751 0.546920526612
outer loop
vertex 354.290985107422 209.352706909180 228.433807373047
vertex 355.741302490234 208.009994506836 225.414001464844
vertex 356.704498291016 210.830902099609 227.009201049805
endloop
endfacet
facet normal -0.087976186681 -0.517018543426 -0.851441140849
outer loop
vertex 365.418090820313 215.995498657227 331.318511962891
vertex 364.567901611328 216.301895141602 331.220306396484
vertex 365.454986572266 217.117294311523 330.633514404297
endloop
endfacet
facet normal -0.231763057586 -0.557038152795 -0.797492558880
outer loop
vertex 365.454986572266 217.117294311523 330.633514404297
vertex 364.053009033203 217.507797241211 330.768188476563
vertex 365.205810546875 217.983200073242 330.101104736328
endloop
endfacet
facet normal -0.500808815570 -0.240999537500 -0.831330110830
outer loop
vertex 363.799285888672 218.367294311523 330.429992675781
vertex 363.086486816406 217.958496093750 330.977905273438
vertex 362.651611328125 218.904296875000 330.965698242188
endloop
endfacet
facet normal -0.448738840723 -0.534923404021 -0.715884351455
outer loop
vertex 363.799285888672 218.367294311523 330.429992675781
vertex 363.292999267578 219.246902465820 330.090087890625
vertex 364.279693603516 219.009094238281 329.649291992188
endloop
endfacet
facet normal -0.334954866524 -0.616277320033 -0.712746450152
outer loop
vertex 365.205810546875 217.983200073242 330.101104736328
vertex 363.799285888672 218.367294311523 330.429992675781
vertex 364.279693603516 219.009094238281 329.649291992188
endloop
endfacet
facet normal -0.201551949652 -0.418140513375 -0.885739985925
outer loop
vertex 365.454986572266 217.117294311523 330.633514404297
vertex 364.567901611328 216.301895141602 331.220306396484
vertex 364.053009033203 217.507797241211 330.768188476563
endloop
endfacet
facet normal -0.192385619234 -0.675237916590 -0.712068486531
outer loop
vertex 366.593414306641 217.401000976563 330.278289794922
vertex 365.205810546875 217.983200073242 330.101104736328
vertex 365.971801757813 218.715103149414 329.200103759766
endloop
endfacet
facet normal -0.458840736678 -0.798763403236 -0.389155758039
outer loop
vertex 361.945495605469 219.665405273438 330.819885253906
vertex 362.456207275391 219.812500000000 329.915802001953
vertex 363.292999267578 219.246902465820 330.090087890625
endloop
endfacet
facet normal 0.855648148301 -0.484684220945 0.181514330773
outer loop
vertex 343.009399414063 191.008407592773 226.521194458008
vertex 342.287689208984 191.025299072266 229.968399047852
vertex 340.743194580078 187.521301269531 227.892593383789
endloop
endfacet
facet normal 0.992057470996 0.125765857721 -0.002218844825
outer loop
vertex 347.094696044922 222.594604492188 262.635894775391
vertex 346.649291992188 226.065093994141 260.203399658203
vertex 346.294799804688 228.926696777344 263.905914306641
endloop
endfacet
facet normal 0.627361786553 0.217534972462 0.747727038784
outer loop
vertex 354.947296142578 240.187805175781 239.193206787109
vertex 359.314392089844 238.859298706055 235.915603637695
vertex 357.000701904297 244.010192871094 236.358306884766
endloop
endfacet
facet normal 0.803487783621 -0.433067142043 0.408485289887
outer loop
vertex 351.625488281250 212.328994750977 235.133300781250
vertex 349.149108886719 209.036697387695 236.513900756836
vertex 350.762390136719 209.053497314453 233.358398437500
endloop
endfacet
facet normal 0.819530976850 -0.457764894023 -0.344703176346
outer loop
vertex 369.874298095703 213.802597045898 342.473693847656
vertex 370.602508544922 214.259094238281 343.598785400391
vertex 369.981201171875 213.186599731445 343.545898437500
endloop
endfacet
facet normal 0.835544919875 -0.511882351494 -0.199602467671
outer loop
vertex 333.183197021484 172.533798217773 235.005294799805
vertex 331.228912353516 171.129501342773 230.425903320313
vertex 334.420288085938 176.165802001953 230.869506835938
endloop
endfacet
facet normal 0.830569811733 -0.442209903406 0.338532404900
outer loop
vertex 347.371612548828 205.187698364258 236.300399780273
vertex 347.148193359375 202.737304687500 233.647705078125
vertex 348.935089111328 205.887100219727 233.378097534180
endloop
endfacet
facet normal 0.841922174272 -0.408370187084 0.352705036495
outer loop
vertex 347.371612548828 205.187698364258 236.300399780273
vertex 348.935089111328 205.887100219727 233.378097534180
vertex 349.149108886719 209.036697387695 236.513900756836
endloop
endfacet
facet normal 0.825950850530 -0.498853446590 0.262584141436
outer loop
vertex 345.149902343750 194.466903686523 226.358703613281
vertex 343.009399414063 191.008407592773 226.521194458008
vertex 344.783905029297 192.291900634766 223.377899169922
endloop
endfacet
facet normal -0.336010607777 0.156227169679 0.928811037249
outer loop
vertex 188.770492553711 238.376800537109 222.363098144531
vertex 188.472524285316 240.001961588860 221.981949777262
vertex 186.349226937219 239.428311203287 221.310305458574
endloop
endfacet
facet normal 0.886111877268 -0.451802876480 0.103343610203
outer loop
vertex 342.287689208984 191.025299072266 229.968399047852
vertex 340.948211669922 188.768096923828 231.585494995117
vertex 340.743194580078 187.521301269531 227.892593383789
endloop
endfacet
facet normal 0.429122660542 -0.652365170144 -0.624718678280
outer loop
vertex 307.543914794922 150.653305053711 223.679306030273
vertex 308.897186279297 149.586593627930 225.722793579102
vertex 304.914489746094 148.521102905273 224.099700927734
endloop
endfacet
facet normal 0.452123751257 -0.632060547577 -0.629351712277
outer loop
vertex 308.897186279297 149.586593627930 225.722793579102
vertex 307.543914794922 150.653305053711 223.679306030273
vertex 310.363403320313 152.655502319336 223.694000244141
endloop
endfacet
facet normal 0.514143280146 -0.566298729344 -0.644175780843
outer loop
vertex 312.573089599609 151.212203979492 227.227600097656
vertex 310.678588867188 147.953002929688 228.580703735352
vertex 308.897186279297 149.586593627930 225.722793579102
endloop
endfacet
facet normal 0.487802833128 -0.591397621045 -0.642103768728
outer loop
vertex 308.897186279297 149.586593627930 225.722793579102
vertex 310.678588867188 147.953002929688 228.580703735352
vertex 307.340209960938 146.635406494141 227.258102416992
endloop
endfacet
facet normal 0.540733979665 -0.568943560173 -0.619604703479
outer loop
vertex 310.678588867188 147.953002929688 228.580703735352
vertex 312.055908203125 146.384994506836 231.222503662109
vertex 309.403503417969 145.101806640625 230.085998535156
endloop
endfacet
facet normal 0.487031376113 -0.568054810483 -0.663411012094
outer loop
vertex 307.340209960938 146.635406494141 227.258102416992
vertex 310.678588867188 147.953002929688 228.580703735352
vertex 309.403503417969 145.101806640625 230.085998535156
endloop
endfacet
facet normal 0.532108661994 -0.579293936774 -0.617477859238
outer loop
vertex 309.403503417969 145.101806640625 230.085998535156
vertex 311.362091064453 143.633407592773 233.151397705078
vertex 308.539489746094 142.455505371094 231.824096679688
endloop
endfacet
facet normal 0.540802538546 -0.569994567034 -0.618578053163
outer loop
vertex 312.055908203125 146.384994506836 231.222503662109
vertex 311.362091064453 143.633407592773 233.151397705078
vertex 309.403503417969 145.101806640625 230.085998535156
endloop
endfacet
facet normal 0.532187267831 -0.573762790089 -0.622553590198
outer loop
vertex 308.539489746094 142.455505371094 231.824096679688
vertex 311.362091064453 143.633407592773 233.151397705078
vertex 310.060791015625 140.523895263672 234.904800415039
endloop
endfacet
facet normal 0.562863172216 -0.571998953558 -0.596659238167
outer loop
vertex 311.642780457703 140.955723219508 235.983202315947
vertex 311.362091064453 143.633407592773 233.151397705078
vertex 311.642794292856 140.955726996022 235.983211747018
endloop
endfacet
facet normal 0.646215786871 -0.530486768945 -0.548624593664
outer loop
vertex 316.031912389226 143.872385450728 238.016245207020
vertex 314.906398686182 143.069937825203 237.466439604759
vertex 315.120086669922 146.543304443359 234.359603881836
endloop
endfacet
facet normal 0.674145956681 -0.506203710978 -0.537852240009
outer loop
vertex 319.179504394531 148.302505493164 237.792007446289
vertex 317.105522600382 144.705920716938 238.577424124691
vertex 316.031912389226 143.872385450728 238.016245207020
endloop
endfacet
facet normal 0.499511498548 -0.751316119815 -0.431291491830
outer loop
vertex 313.223785400391 156.265792846680 221.645004272461
vertex 309.424499511719 154.238403320313 220.776504516602
vertex 310.386199951172 155.912399291992 218.974197387695
endloop
endfacet
facet normal 0.169721534594 -0.848548862660 -0.501158087207
outer loop
vertex 294.445800781250 151.663894653320 215.795196533203
vertex 298.386413574219 153.142196655273 214.626693725586
vertex 298.162292480469 151.440597534180 217.431900024414
endloop
endfacet
facet normal 0.465552327604 -0.794716846605 -0.389469079625
outer loop
vertex 312.988006591797 158.083602905273 217.653900146484
vertex 313.223785400391 156.265792846680 221.645004272461
vertex 310.386199951172 155.912399291992 218.974197387695
endloop
endfacet
facet normal 0.455062686571 -0.745661492327 -0.486730818987
outer loop
vertex 309.424499511719 154.238403320313 220.776504516602
vertex 306.005096435547 151.855392456055 221.230300903320
vertex 307.169494628906 154.461593627930 218.326293945313
endloop
endfacet
facet normal 0.434782200505 -0.725472719369 -0.533529541428
outer loop
vertex 309.424499511719 154.238403320313 220.776504516602
vertex 310.363403320313 152.655502319336 223.694000244141
vertex 306.005096435547 151.855392456055 221.230300903320
endloop
endfacet
facet normal 0.668648294868 -0.724925261807 -0.165507771914
outer loop
vertex 322.658691406250 164.193206787109 221.374603271484
vertex 324.996002197266 166.691192626953 219.876098632813
vertex 325.571502685547 166.469299316406 223.173004150391
endloop
endfacet
facet normal 0.138178470051 -0.752517321616 -0.643913341283
outer loop
vertex 295.350006103516 149.857803344727 218.687103271484
vertex 292.597595214844 148.512298583984 219.668899536133
vertex 291.276489257813 150.026000976563 217.616394042969
endloop
endfacet
facet normal 0.709855183776 -0.685793370417 -0.160602214051
outer loop
vertex 325.571502685547 166.469299316406 223.173004150391
vertex 327.897094726563 169.136596679688 222.062301635742
vertex 327.787811279297 168.330902099609 225.019699096680
endloop
endfacet
facet normal 0.110713869950 -0.827041074970 -0.551131109006
outer loop
vertex 294.445800781250 151.663894653320 215.795196533203
vertex 295.350006103516 149.857803344727 218.687103271484
vertex 291.276489257813 150.026000976563 217.616394042969
endloop
endfacet
facet normal 0.917709411701 0.378426591118 0.120841842136
outer loop
vertex 342.888092041016 241.762603759766 261.678894042969
vertex 343.630615234375 241.076705932617 258.187896728516
vertex 342.148284912109 244.404205322266 259.024810791016
endloop
endfacet
facet normal 0.990741135719 -0.007374170987 -0.135564094056
outer loop
vertex 347.488800048828 216.195098876953 262.187500000000
vertex 346.939605712891 212.548492431641 258.372192382813
vertex 347.044494628906 217.614303588867 258.863189697266
endloop
endfacet
facet normal 0.900660910323 -0.169647454660 -0.400037080461
outer loop
vertex 342.483306884766 179.474700927734 254.176605224609
vertex 341.789703369141 180.717605590820 252.087905883789
vertex 344.265197753906 185.321792602539 255.708801269531
endloop
endfacet
facet normal 0.980707057881 -0.164347284109 -0.105847233443
outer loop
vertex 343.742004394531 198.359603881836 245.358093261719
vertex 344.892211914063 202.946701049805 248.892807006836
vertex 344.408996582031 199.358703613281 249.986694335938
endloop
endfacet
facet normal 0.864651763057 -0.443200884239 0.236538167855
outer loop
vertex 346.153015136719 199.120193481445 231.214294433594
vertex 344.729400634766 197.671005249023 233.702896118164
vertex 344.354492187500 194.921493530273 229.921600341797
endloop
endfacet
facet normal 0.917339308422 -0.389288026949 -0.083327218225
outer loop
vertex 337.632507324219 181.824600219727 233.483093261719
vertex 340.239105224609 187.576904296875 235.305206298828
vertex 338.901885986328 183.791793823242 238.267196655273
endloop
endfacet
facet normal 0.595243556262 -0.756517014326 -0.270863647920
outer loop
vertex 316.183013916016 159.119903564453 220.442794799805
vertex 317.036590576172 160.794204711914 217.642303466797
vertex 319.355590820313 161.435806274414 220.946502685547
endloop
endfacet
facet normal 0.672959069207 -0.305161143638 0.673797274843
outer loop
vertex 359.008209228516 221.580001831055 232.687698364258
vertex 358.533111572266 225.532104492188 234.952102661133
vertex 356.264099121094 222.003494262695 235.620193481445
endloop
endfacet
facet normal 0.932454107037 0.278417031124 0.230246161856
outer loop
vertex 343.630615234375 241.076705932617 258.187896728516
vertex 344.991912841797 237.572601318359 256.912109375000
vertex 344.528900146484 240.936706542969 254.719299316406
endloop
endfacet
facet normal 0.896348101981 -0.291987700839 -0.333621436112
outer loop
vertex 372.436309814453 216.843505859375 343.758087158203
vertex 372.534088134766 215.893997192383 344.851806640625
vertex 372.121002197266 215.935195922852 343.705902099609
endloop
endfacet
facet normal 0.942019848377 0.304730307115 0.140492153482
outer loop
vertex 342.888092041016 241.762603759766 261.678894042969
vertex 344.197814941406 238.461395263672 260.057403564453
vertex 343.630615234375 241.076705932617 258.187896728516
endloop
endfacet
facet normal 0.705421546345 0.265499145287 0.657183875186
outer loop
vertex 350.691406250000 243.409698486328 242.256103515625
vertex 351.961700439453 241.076904296875 241.835006713867
vertex 352.472991943359 244.584106445313 239.869293212891
endloop
endfacet
facet normal 0.854945969104 -0.496333612144 0.150732661918
outer loop
vertex 343.009399414063 191.008407592773 226.521194458008
vertex 340.743194580078 187.521301269531 227.892593383789
vertex 341.511993408203 188.054397583008 225.287399291992
endloop
endfacet
facet normal 0.600230103730 0.363924194540 0.712238024262
outer loop
vertex 352.472991943359 244.584106445313 239.869293212891
vertex 352.874010801315 246.530324220657 238.536902502658
vertex 350.976807924367 246.740968734099 240.028116968270
endloop
endfacet
facet normal 0.681080726061 0.173148856295 0.711441155790
outer loop
vertex 351.961700439453 241.076904296875 241.835006713867
vertex 353.032714843750 237.455795288086 241.690994262695
vertex 354.947296142578 240.187805175781 239.193206787109
endloop
endfacet
facet normal 0.614419677822 0.229728459799 0.754793544132
outer loop
vertex 354.947296142578 240.187805175781 239.193206787109
vertex 357.000701904297 244.010192871094 236.358306884766
vertex 352.472991943359 244.584106445313 239.869293212891
endloop
endfacet
facet normal 0.681597838398 0.279625268686 0.676190872315
outer loop
vertex 351.961700439453 241.076904296875 241.835006713867
vertex 354.947296142578 240.187805175781 239.193206787109
vertex 352.472991943359 244.584106445313 239.869293212891
endloop
endfacet
facet normal 0.897050406314 0.437480460253 -0.062541309785
outer loop
vertex 340.694824089299 246.641784906387 267.073422670364
vertex 341.018877899447 246.343485524975 269.634808927514
vertex 341.190002441406 245.545806884766 266.509490966797
endloop
endfacet
facet normal 0.562703570919 -0.739258100073 -0.369948851533
outer loop
vertex 313.223785400391 156.265792846680 221.645004272461
vertex 312.988006591797 158.083602905273 217.653900146484
vertex 316.183013916016 159.119903564453 220.442794799805
endloop
endfacet
facet normal 0.655668992876 -0.688898287225 -0.309058767291
outer loop
vertex 319.355590820313 161.435806274414 220.946502685547
vertex 321.305511474609 162.138702392578 223.516494750977
vertex 318.345794677734 158.983703613281 224.270004272461
endloop
endfacet
facet normal 0.585746354177 -0.766918278745 -0.262178493195
outer loop
vertex 317.036590576172 160.794204711914 217.642303466797
vertex 320.658508300781 163.331802368164 218.311294555664
vertex 319.355590820313 161.435806274414 220.946502685547
endloop
endfacet
facet normal 0.827006307447 0.417597575573 0.376394516855
outer loop
vertex 343.494603514486 247.293812825006 250.152623739000
vertex 345.011505126953 245.023193359375 249.338897705078
vertex 343.846698174684 247.305631637573 249.365895986557
endloop
endfacet
facet normal 0.769587702526 0.406098961640 0.492766071758
outer loop
vertex 346.225402832031 245.259201049805 246.970199584961
vertex 346.125622082045 247.255330753492 245.480981467305
vertex 344.749014826435 247.283264592699 247.607905726298
endloop
endfacet
facet normal 0.841896339944 0.374336027955 0.388694084034
outer loop
vertex 345.011505126953 245.023193359375 249.338897705078
vertex 344.893493652344 243.068695068359 251.476806640625
vertex 345.658996582031 243.261993408203 249.632598876953
endloop
endfacet
facet normal 0.773958041730 0.353386254197 0.525458947004
outer loop
vertex 347.602203369141 243.909805297852 245.849792480469
vertex 347.525787353516 245.506393432617 244.888595581055
vertex 346.225402832031 245.259201049805 246.970199584961
endloop
endfacet
facet normal 0.441812484386 -0.663819686979 -0.603444406569
outer loop
vertex 307.543914794922 150.653305053711 223.679306030273
vertex 304.914489746094 148.521102905273 224.099700927734
vertex 306.005096435547 151.855392456055 221.230300903320
endloop
endfacet
facet normal 0.766534319574 -0.485338258214 0.420561424800
outer loop
vertex 351.273193359375 206.751007080078 230.087600708008
vertex 348.291107177734 202.218795776367 230.292602539063
vertex 350.746795654297 202.943695068359 226.653305053711
endloop
endfacet
facet normal 0.439576766388 -0.762920773925 -0.474050798085
outer loop
vertex 310.386199951172 155.912399291992 218.974197387695
vertex 309.424499511719 154.238403320313 220.776504516602
vertex 307.169494628906 154.461593627930 218.326293945313
endloop
endfacet
facet normal 0.462779299215 -0.794123618571 -0.393958117882
outer loop
vertex 309.145812988281 156.446304321289 216.440902709961
vertex 312.988006591797 158.083602905273 217.653900146484
vertex 310.386199951172 155.912399291992 218.974197387695
endloop
endfacet
facet normal 0.478755167264 -0.585812391787 -0.653924560976
outer loop
vertex 306.492004394531 143.855499267578 229.070907592773
vertex 309.403503417969 145.101806640625 230.085998535156
vertex 308.539489746094 142.455505371094 231.824096679688
endloop
endfacet
facet normal 0.477956606419 -0.577459210302 -0.661889977880
outer loop
vertex 306.492004394531 143.855499267578 229.070907592773
vertex 307.340209960938 146.635406494141 227.258102416992
vertex 309.403503417969 145.101806640625 230.085998535156
endloop
endfacet
facet normal -0.234050898725 -0.427341357436 -0.873269454997
outer loop
vertex 364.053009033203 217.507797241211 330.768188476563
vertex 364.567901611328 216.301895141602 331.220306396484
vertex 363.409088134766 217.026306152344 331.176391601563
endloop
endfacet
facet normal -0.222467824564 -0.409509257017 -0.884765638715
outer loop
vertex 364.567901611328 216.301895141602 331.220306396484
vertex 362.773193359375 215.746994018555 331.928405761719
vertex 363.409088134766 217.026306152344 331.176391601563
endloop
endfacet
facet normal -0.397652473933 -0.750829055478 -0.527378649004
outer loop
vertex 363.292999267578 219.246902465820 330.090087890625
vertex 362.456207275391 219.812500000000 329.915802001953
vertex 363.755706787109 220.039703369141 328.612487792969
endloop
endfacet
facet normal -0.335949804989 -0.305936819537 -0.890808840874
outer loop
vertex 363.086486816406 217.958496093750 330.977905273438
vertex 364.053009033203 217.507797241211 330.768188476563
vertex 363.409088134766 217.026306152344 331.176391601563
endloop
endfacet
facet normal 0.478167150781 -0.618266155136 -0.623781321721
outer loop
vertex 308.539489746094 142.455505371094 231.824096679688
vertex 310.060791015625 140.523895263672 234.904800415039
vertex 307.559509277344 140.397796630859 233.112396240234
endloop
endfacet
facet normal 0.453302479094 -0.618024893162 -0.642309967134
outer loop
vertex 305.772796630859 141.427993774414 230.860198974609
vertex 308.539489746094 142.455505371094 231.824096679688
vertex 307.559509277344 140.397796630859 233.112396240234
endloop
endfacet
facet normal -0.550780491425 -0.557166611649 -0.621454919628
outer loop
vertex 363.799285888672 218.367294311523 330.429992675781
vertex 362.651611328125 218.904296875000 330.965698242188
vertex 363.292999267578 219.246902465820 330.090087890625
endloop
endfacet
facet normal -0.379532363329 -0.433618097330 -0.817270170050
outer loop
vertex 363.799285888672 218.367294311523 330.429992675781
vertex 364.053009033203 217.507797241211 330.768188476563
vertex 363.086486816406 217.958496093750 330.977905273438
endloop
endfacet
facet normal 0.478423809495 -0.617663007447 -0.624181918787
outer loop
vertex 307.678667395945 138.953878861852 234.632566312749
vertex 310.060791015625 140.523895263672 234.904800415039
vertex 307.897367839365 139.057085356953 234.698067513435
endloop
endfacet
facet normal -0.517385080536 -0.597389074478 -0.612730750113
outer loop
vertex 362.651611328125 218.904296875000 330.965698242188
vertex 361.945495605469 219.665405273438 330.819885253906
vertex 363.292999267578 219.246902465820 330.090087890625
endloop
endfacet
facet normal -0.046723740973 -0.420122806447 -0.906263603778
outer loop
vertex 364.136688232422 215.215194702148 331.746307373047
vertex 364.567901611328 216.301895141602 331.220306396484
vertex 365.418090820313 215.995498657227 331.318511962891
endloop
endfacet
facet normal 0.565192334308 -0.429263075098 0.704479125025
outer loop
vertex 358.931488037109 216.984893798828 229.949295043945
vertex 361.818206787109 220.990203857422 230.073898315430
vertex 359.008209228516 221.580001831055 232.687698364258
endloop
endfacet
facet normal 0.660085865027 -0.635065169446 -0.401221735887
outer loop
vertex 321.196899414063 159.562103271484 228.045104980469
vertex 318.345794677734 158.983703613281 224.270004272461
vertex 322.306793212891 161.889892578125 226.186599731445
endloop
endfacet
facet normal 0.702024505080 -0.617695491603 -0.354420476158
outer loop
vertex 321.196899414063 159.562103271484 228.045104980469
vertex 322.306793212891 161.889892578125 226.186599731445
vertex 323.749114990234 162.086700439453 228.700500488281
endloop
endfacet
facet normal 0.706752014399 -0.686832602197 -0.169595302714
outer loop
vertex 324.996002197266 166.691192626953 219.876098632813
vertex 327.897094726563 169.136596679688 222.062301635742
vertex 325.571502685547 166.469299316406 223.173004150391
endloop
endfacet
facet normal 0.729471993780 -0.646311843826 -0.223945553250
outer loop
vertex 325.571502685547 166.469299316406 223.173004150391
vertex 327.787811279297 168.330902099609 225.019699096680
vertex 326.196502685547 166.268005371094 225.789794921875
endloop
endfacet
facet normal 0.635630113928 -0.716994305840 -0.286170445121
outer loop
vertex 319.355590820313 161.435806274414 220.946502685547
vertex 322.658691406250 164.193206787109 221.374603271484
vertex 321.305511474609 162.138702392578 223.516494750977
endloop
endfacet
facet normal 0.672245444603 -0.698506731049 -0.245304726596
outer loop
vertex 321.305511474609 162.138702392578 223.516494750977
vertex 322.658691406250 164.193206787109 221.374603271484
vertex 323.903015136719 164.235107421875 224.665298461914
endloop
endfacet
facet normal 0.710109707107 -0.645164253155 -0.281970371357
outer loop
vertex 323.903015136719 164.235107421875 224.665298461914
vertex 326.196502685547 166.268005371094 225.789794921875
vertex 325.399597167969 164.551300048828 227.710800170898
endloop
endfacet
facet normal 0.705279547870 -0.673836347388 -0.220284671041
outer loop
vertex 325.571502685547 166.469299316406 223.173004150391
vertex 326.196502685547 166.268005371094 225.789794921875
vertex 323.903015136719 164.235107421875 224.665298461914
endloop
endfacet
facet normal 0.406924579274 -0.582831194836 -0.703363480079
outer loop
vertex 306.492004394531 143.855499267578 229.070907592773
vertex 303.690490722656 144.989196777344 226.510696411133
vertex 307.340209960938 146.635406494141 227.258102416992
endloop
endfacet
facet normal 0.453112512962 -0.612010260972 -0.648176280855
outer loop
vertex 305.772796630859 141.427993774414 230.860198974609
vertex 306.492004394531 143.855499267578 229.070907592773
vertex 308.539489746094 142.455505371094 231.824096679688
endloop
endfacet
facet normal 0.421069840708 -0.650840081299 -0.631749458109
outer loop
vertex 304.907501220703 138.858993530273 232.930099487305
vertex 305.772796630859 141.427993774414 230.860198974609
vertex 307.559509277344 140.397796630859 233.112396240234
endloop
endfacet
facet normal 0.465730234782 -0.594532882415 -0.655458618172
outer loop
vertex 310.060791015625 140.523895263672 234.904800415039
vertex 309.767780153070 139.911709497184 235.251886476927
vertex 307.897367839365 139.057085356953 234.698067513435
endloop
endfacet
facet normal 0.877105702761 -0.396728878764 0.270724551786
outer loop
vertex 346.153015136719 199.120193481445 231.214294433594
vertex 346.067199707031 200.429000854492 233.410293579102
vertex 344.729400634766 197.671005249023 233.702896118164
endloop
endfacet
facet normal 0.959827722133 -0.065236571959 0.272900959147
outer loop
vertex 347.735595703125 224.753494262695 252.284606933594
vertex 347.658599853516 220.577301025391 251.557098388672
vertex 348.556304931641 222.641906738281 248.893295288086
endloop
endfacet
facet normal 0.572725320902 -0.741258793398 -0.350030152996
outer loop
vertex 313.223785400391 156.265792846680 221.645004272461
vertex 316.183013916016 159.119903564453 220.442794799805
vertex 318.345794677734 158.983703613281 224.270004272461
endloop
endfacet
facet normal 0.586488503709 -0.348434418454 0.731180340992
outer loop
vertex 359.008209228516 221.580001831055 232.687698364258
vertex 361.892486572266 224.752700805664 231.886093139648
vertex 358.533111572266 225.532104492188 234.952102661133
endloop
endfacet
facet normal 0.853933219410 -0.388151734775 0.346606819869
outer loop
vertex 348.212310791016 210.388397216797 240.335601806641
vertex 349.149108886719 209.036697387695 236.513900756836
vertex 350.110992431641 212.715805053711 238.264205932617
endloop
endfacet
facet normal 0.849026531989 -0.410535160278 0.332588078793
outer loop
vertex 347.485900878906 207.335403442383 238.659698486328
vertex 347.371612548828 205.187698364258 236.300399780273
vertex 349.149108886719 209.036697387695 236.513900756836
endloop
endfacet
facet normal 0.797238707116 -0.416373594754 0.437085201612
outer loop
vertex 349.149108886719 209.036697387695 236.513900756836
vertex 351.625488281250 212.328994750977 235.133300781250
vertex 350.110992431641 212.715805053711 238.264205932617
endloop
endfacet
facet normal 0.833302932293 -0.552008889232 0.029873219449
outer loop
vertex 337.208587646484 180.923095703125 224.657302856445
vertex 336.938201904297 180.740005493164 228.816406250000
vertex 334.641296386719 177.104797363281 225.714996337891
endloop
endfacet
facet normal 0.809457644033 -0.472392094285 0.348746371699
outer loop
vertex 346.872894287109 201.158401489258 232.147994995117
vertex 348.291107177734 202.218795776367 230.292602539063
vertex 347.148193359375 202.737304687500 233.647705078125
endloop
endfacet
facet normal 0.831889211574 -0.511544399094 0.215134068485
outer loop
vertex 342.472991943359 188.608200073242 222.888198852539
vertex 343.009399414063 191.008407592773 226.521194458008
vertex 341.511993408203 188.054397583008 225.287399291992
endloop
endfacet
facet normal 0.903785695671 -0.394584270517 0.165754848381
outer loop
vertex 343.864501953125 197.249801635742 237.416107177734
vertex 342.599487304688 192.866806030273 233.879806518555
vertex 344.729400634766 197.671005249023 233.702896118164
endloop
endfacet
facet normal 0.940764875171 -0.111497241199 -0.320202771458
outer loop
vertex 344.644897460938 194.620101928711 253.593704223633
vertex 344.508911132813 190.333206176758 254.686904907227
vertex 342.919586181641 189.963394165039 250.146194458008
endloop
endfacet
facet normal 0.573791505229 0.156177111661 0.803972647744
outer loop
vertex 365.001007080078 237.015304565430 232.215301513672
vertex 362.432586669922 242.970703125000 232.891494750977
vertex 359.314392089844 238.859298706055 235.915603637695
endloop
endfacet
facet normal 0.462019175338 -0.646155839911 -0.607470914670
outer loop
vertex 310.363403320313 152.655502319336 223.694000244141
vertex 307.543914794922 150.653305053711 223.679306030273
vertex 306.005096435547 151.855392456055 221.230300903320
endloop
endfacet
facet normal 0.397438093954 -0.595163292747 -0.698443710288
outer loop
vertex 306.492004394531 143.855499267578 229.070907592773
vertex 304.089111328125 142.709396362305 228.680206298828
vertex 303.690490722656 144.989196777344 226.510696411133
endloop
endfacet
facet normal 0.364556812187 -0.652012738519 -0.664814048812
outer loop
vertex 305.772796630859 141.427993774414 230.860198974609
vertex 302.472900390625 140.619094848633 229.843994140625
vertex 304.089111328125 142.709396362305 228.680206298828
endloop
endfacet
facet normal 0.436936521844 -0.593293604748 -0.676083703726
outer loop
vertex 305.152586754846 137.870209290267 233.956194604066
vertex 304.907501220703 138.858993530273 232.930099487305
vertex 305.714190006256 138.112291693687 234.106707076108
endloop
endfacet
facet normal 0.364403808433 -0.840640125845 -0.400666997915
outer loop
vertex 305.580413818359 155.279205322266 215.165603637695
vertex 307.169494628906 154.461593627930 218.326293945313
vertex 302.499603271484 152.903594970703 217.347900390625
endloop
endfacet
facet normal 0.612015584094 -0.655131721642 -0.442989110616
outer loop
vertex 314.927185058594 154.853500366211 225.655105590820
vertex 318.345794677734 158.983703613281 224.270004272461
vertex 318.369293212891 156.755996704102 227.597000122070
endloop
endfacet
facet normal 0.871572669509 0.358905715112 0.333987678551
outer loop
vertex 343.212890625000 244.595199584961 254.222106933594
vertex 344.528900146484 240.936706542969 254.719299316406
vertex 344.893493652344 243.068695068359 251.476806640625
endloop
endfacet
facet normal -0.312297782424 0.037235718035 0.949254231698
outer loop
vertex 187.227294921875 233.581405639648 222.043502807617
vertex 188.770492553711 238.376800537109 222.363098144531
vertex 184.033401489258 236.707702636719 220.870101928711
endloop
endfacet
facet normal 0.911620142689 0.396437181284 -0.108564620112
outer loop
vertex 342.049200563873 245.148423863120 274.225103674259
vertex 343.140991210938 242.195297241211 272.609191894531
vertex 341.427564634151 245.919585227966 271.821200847626
endloop
endfacet
facet normal 0.675411476673 -0.579375055981 -0.456227883502
outer loop
vertex 320.694793701172 157.180297851563 230.500900268555
vertex 316.759399414063 153.382705688477 229.497497558594
vertex 318.369293212891 156.755996704102 227.597000122070
endloop
endfacet
facet normal 0.726897803644 -0.611944963669 -0.311677629127
outer loop
vertex 326.079803466797 163.955993652344 230.466003417969
vertex 323.749114990234 162.086700439453 228.700500488281
vertex 325.399597167969 164.551300048828 227.710800170898
endloop
endfacet
facet normal 0.366092324420 -0.760749178070 -0.535945051350
outer loop
vertex 307.169494628906 154.461593627930 218.326293945313
vertex 306.005096435547 151.855392456055 221.230300903320
vertex 302.499603271484 152.903594970703 217.347900390625
endloop
endfacet
facet normal 0.746606185237 -0.619090236995 -0.243529223346
outer loop
vertex 326.196502685547 166.268005371094 225.789794921875
vertex 328.298706054688 167.888000488281 228.116394042969
vertex 325.399597167969 164.551300048828 227.710800170898
endloop
endfacet
facet normal -0.241191293606 -0.847681811258 -0.472506409218
outer loop
vertex 362.770599365234 220.596405029297 328.116607666016
vertex 365.990203857422 220.078994750977 327.401397705078
vertex 363.755706787109 220.039703369141 328.612487792969
endloop
endfacet
facet normal -0.274333097850 -0.863116234161 -0.423994950148
outer loop
vertex 362.456207275391 219.812500000000 329.915802001953
vertex 362.770599365234 220.596405029297 328.116607666016
vertex 363.755706787109 220.039703369141 328.612487792969
endloop
endfacet
facet normal -0.325063825019 -0.844860213336 -0.424905553723
outer loop
vertex 362.456207275391 219.812500000000 329.915802001953
vertex 361.489501953125 220.030593872070 330.221710205078
vertex 362.770599365234 220.596405029297 328.116607666016
endloop
endfacet
facet normal 0.676562322891 -0.665278663081 -0.315701953896
outer loop
vertex 322.306793212891 161.889892578125 226.186599731445
vertex 321.305511474609 162.138702392578 223.516494750977
vertex 323.903015136719 164.235107421875 224.665298461914
endloop
endfacet
facet normal 0.262549496325 -0.619271795810 -0.739979867897
outer loop
vertex 300.207611083984 144.037292480469 225.725692749023
vertex 297.919403076172 145.030303955078 224.082794189453
vertex 300.791595458984 146.491897583008 223.878692626953
endloop
endfacet
facet normal 0.951114773151 0.302904996401 -0.060243268908
outer loop
vertex 344.462402343750 236.942596435547 266.952697753906
vertex 343.531494140625 239.631896972656 265.777496337891
vertex 343.863800048828 239.244903564453 269.078094482422
endloop
endfacet
facet normal 0.337630177274 -0.607699779870 -0.718823233445
outer loop
vertex 304.914489746094 148.521102905273 224.099700927734
vertex 303.690490722656 144.989196777344 226.510696411133
vertex 300.791595458984 146.491897583008 223.878692626953
endloop
endfacet
facet normal -0.016112394140 -0.289100269747 -0.957163217423
outer loop
vertex 375.114013671875 216.731704711914 342.926300048828
vertex 374.529510498047 215.540298461914 343.295989990234
vertex 373.975494384766 216.293197631836 343.077911376953
endloop
endfacet
facet normal 0.354556046216 -0.629549602143 -0.691344565708
outer loop
vertex 305.152586754846 137.870209290267 233.956194604066
vertex 303.616930519242 137.323354704287 233.666608012748
vertex 304.907501220703 138.858993530273 232.930099487305
endloop
endfacet
facet normal 0.490048890954 -0.690334124041 -0.532250769524
outer loop
vertex 313.223785400391 156.265792846680 221.645004272461
vertex 310.363403320313 152.655502319336 223.694000244141
vertex 309.424499511719 154.238403320313 220.776504516602
endloop
endfacet
facet normal 0.938802731237 0.343115094688 -0.030355619223
outer loop
vertex 343.531494140625 239.631896972656 265.777496337891
vertex 342.361297607422 242.748794555664 264.817901611328
vertex 342.505004882813 242.655395507813 268.206604003906
endloop
endfacet
facet normal -0.314755183769 -0.426558122310 -0.847925316630
outer loop
vertex 365.205810546875 217.983200073242 330.101104736328
vertex 364.053009033203 217.507797241211 330.768188476563
vertex 363.799285888672 218.367294311523 330.429992675781
endloop
endfacet
facet normal -0.306027113078 -0.748028932285 -0.588897378603
outer loop
vertex 365.990203857422 220.078994750977 327.401397705078
vertex 364.279693603516 219.009094238281 329.649291992188
vertex 363.755706787109 220.039703369141 328.612487792969
endloop
endfacet
facet normal -0.414432734608 -0.741515652270 -0.527636281850
outer loop
vertex 364.279693603516 219.009094238281 329.649291992188
vertex 363.292999267578 219.246902465820 330.090087890625
vertex 363.755706787109 220.039703369141 328.612487792969
endloop
endfacet
facet normal -0.301056722362 -0.598675028462 -0.742262123658
outer loop
vertex 365.205810546875 217.983200073242 330.101104736328
vertex 364.279693603516 219.009094238281 329.649291992188
vertex 365.971801757813 218.715103149414 329.200103759766
endloop
endfacet
facet normal -0.286552057411 -0.761999656107 -0.580727511391
outer loop
vertex 365.971801757813 218.715103149414 329.200103759766
vertex 364.279693603516 219.009094238281 329.649291992188
vertex 365.990203857422 220.078994750977 327.401397705078
endloop
endfacet
facet normal 0.657859497437 -0.488110804298 -0.573557952050
outer loop
vertex 371.383392333984 214.954696655273 343.694305419922
vertex 372.121002197266 215.935195922852 343.705902099609
vertex 372.151092529297 214.636993408203 344.845214843750
endloop
endfacet
facet normal 0.339674204055 -0.836142417123 -0.430682357879
outer loop
vertex 302.072113037109 154.491104125977 213.928695678711
vertex 305.580413818359 155.279205322266 215.165603637695
vertex 302.499603271484 152.903594970703 217.347900390625
endloop
endfacet
facet normal 0.562863172088 -0.571998953629 -0.596659238221
outer loop
vertex 310.060791015625 140.523895263672 234.904800415039
vertex 311.362091064453 143.633407592773 233.151397705078
vertex 311.642780457703 140.955723219508 235.983202315947
endloop
endfacet
facet normal 0.916905457487 -0.396218399347 0.047909936855
outer loop
vertex 342.599487304688 192.866806030273 233.879806518555
vertex 340.239105224609 187.576904296875 235.305206298828
vertex 340.948211669922 188.768096923828 231.585494995117
endloop
endfacet
facet normal 0.901254953395 -0.431994560200 0.033469522542
outer loop
vertex 340.239105224609 187.576904296875 235.305206298828
vertex 339.167510986328 184.988204956055 230.748092651367
vertex 340.948211669922 188.768096923828 231.585494995117
endloop
endfacet
facet normal 0.845184947710 -0.514682757728 0.144097408241
outer loop
vertex 340.743194580078 187.521301269531 227.892593383789
vertex 339.902496337891 185.017303466797 223.879898071289
vertex 341.511993408203 188.054397583008 225.287399291992
endloop
endfacet
facet normal 0.821707571187 -0.531172318342 0.206525145397
outer loop
vertex 339.902496337891 185.017303466797 223.879898071289
vertex 342.472991943359 188.608200073242 222.888198852539
vertex 341.511993408203 188.054397583008 225.287399291992
endloop
endfacet
facet normal 0.639223242077 -0.120111734044 0.759583318757
outer loop
vertex 361.354888916016 229.025497436523 233.785507202148
vertex 360.579895019531 233.698898315430 235.176696777344
vertex 357.547210693359 229.964401245117 237.138305664063
endloop
endfacet
facet normal 0.619731927780 -0.093998229157 0.779164084520
outer loop
vertex 360.579895019531 233.698898315430 235.176696777344
vertex 356.046508789063 235.066101074219 238.947402954102
vertex 357.547210693359 229.964401245117 237.138305664063
endloop
endfacet
facet normal 0.723362584911 -0.031802568080 0.689735577895
outer loop
vertex 356.046508789063 235.066101074219 238.947402954102
vertex 353.648101806641 230.623596191406 241.257904052734
vertex 357.547210693359 229.964401245117 237.138305664063
endloop
endfacet
facet normal 0.895979197431 0.318094875159 0.309898254543
outer loop
vertex 344.893493652344 243.068695068359 251.476806640625
vertex 344.528900146484 240.936706542969 254.719299316406
vertex 346.059295654297 239.614303588867 251.651992797852
endloop
endfacet
facet normal 0.794622473617 0.137312633423 0.591371596482
outer loop
vertex 350.908508300781 238.957794189453 243.732894897461
vertex 348.755004882813 239.504104614258 246.499694824219
vertex 351.055297851563 234.884704589844 244.481399536133
endloop
endfacet
facet normal 0.839818689443 0.197216523553 0.505776839822
outer loop
vertex 351.055297851563 234.884704589844 244.481399536133
vertex 348.755004882813 239.504104614258 246.499694824219
vertex 348.646087646484 235.409896850586 248.276992797852
endloop
endfacet
facet normal 0.941327045366 0.210472101102 0.263827383568
outer loop
vertex 345.892791748047 237.326400756836 253.828704833984
vertex 345.952911376953 235.277297973633 255.248901367188
vertex 346.809814453125 234.132095336914 253.105102539063
endloop
endfacet
facet normal 0.815833045996 0.338011919859 0.469216776228
outer loop
vertex 347.284301757813 242.661102294922 247.118896484375
vertex 346.151489257813 243.526397705078 248.465194702148
vertex 346.596313476563 241.442306518555 249.193099975586
endloop
endfacet
facet normal 0.737681881263 0.147652692277 0.658805073235
outer loop
vertex 353.032714843750 237.455795288086 241.690994262695
vertex 350.908508300781 238.957794189453 243.732894897461
vertex 351.055297851563 234.884704589844 244.481399536133
endloop
endfacet
facet normal 0.838045952189 0.301177520994 0.454940746546
outer loop
vertex 348.755004882813 239.504104614258 246.499694824219
vertex 347.284301757813 242.661102294922 247.118896484375
vertex 346.596313476563 241.442306518555 249.193099975586
endloop
endfacet
facet normal 0.854659873668 0.309571660949 0.416799576630
outer loop
vertex 344.893493652344 243.068695068359 251.476806640625
vertex 346.059295654297 239.614303588867 251.651992797852
vertex 346.596313476563 241.442306518555 249.193099975586
endloop
endfacet
facet normal 0.958473971225 0.187347772851 0.215008042853
outer loop
vertex 345.952911376953 235.277297973633 255.248901367188
vertex 345.753906250000 234.206695556641 257.068908691406
vertex 346.378295898438 233.177795410156 255.182006835938
endloop
endfacet
facet normal 0.945410298841 0.225009053790 0.235733520226
outer loop
vertex 345.952911376953 235.277297973633 255.248901367188
vertex 344.991912841797 237.572601318359 256.912109375000
vertex 345.753906250000 234.206695556641 257.068908691406
endloop
endfacet
facet normal 0.892211823019 0.148319495241 0.426566982076
outer loop
vertex 348.646087646484 235.409896850586 248.276992797852
vertex 347.088806152344 236.459106445313 251.169403076172
vertex 347.797302246094 233.815795898438 250.606597900391
endloop
endfacet
facet normal 0.846501878577 0.060469600321 0.528940447501
outer loop
vertex 351.055297851563 234.884704589844 244.481399536133
vertex 348.646087646484 235.409896850586 248.276992797852
vertex 349.727905273438 232.932495117188 246.828903198242
endloop
endfacet
facet normal 0.836296488187 0.262598010154 0.481300809172
outer loop
vertex 348.755004882813 239.504104614258 246.499694824219
vertex 346.596313476563 241.442306518555 249.193099975586
vertex 347.417297363281 238.482604980469 249.381393432617
endloop
endfacet
facet normal 0.946179670737 0.145450336033 0.289116292227
outer loop
vertex 346.809814453125 234.132095336914 253.105102539063
vertex 346.945190429688 231.607604980469 253.932098388672
vertex 347.716705322266 231.297103881836 251.563400268555
endloop
endfacet
facet normal 0.949331233597 0.003203644534 0.314260951407
outer loop
vertex 347.411407470703 228.767501831055 253.223007202148
vertex 347.735595703125 224.753494262695 252.284606933594
vertex 348.628509521484 227.682205200195 249.557403564453
endloop
endfacet
facet normal 0.952835010024 0.077510191340 0.293423949108
outer loop
vertex 347.411407470703 228.767501831055 253.223007202148
vertex 348.628509521484 227.682205200195 249.557403564453
vertex 347.716705322266 231.297103881836 251.563400268555
endloop
endfacet
facet normal 0.950771532258 0.081420960124 0.299005218517
outer loop
vertex 346.945190429688 231.607604980469 253.932098388672
vertex 347.411407470703 228.767501831055 253.223007202148
vertex 347.716705322266 231.297103881836 251.563400268555
endloop
endfacet
facet normal 0.892868079970 0.049166689090 0.447626215111
outer loop
vertex 350.490509033203 229.625396728516 245.671005249023
vertex 349.727905273438 232.932495117188 246.828903198242
vertex 348.813110351563 231.794692993164 248.778594970703
endloop
endfacet
facet normal 0.866580998486 0.179139739196 0.465774974535
outer loop
vertex 348.646087646484 235.409896850586 248.276992797852
vertex 348.755004882813 239.504104614258 246.499694824219
vertex 347.417297363281 238.482604980469 249.381393432617
endloop
endfacet
facet normal 0.962290443136 0.224972629778 0.152919648509
outer loop
vertex 344.991912841797 237.572601318359 256.912109375000
vertex 345.078399658203 235.765197753906 259.026885986328
vertex 345.753906250000 234.206695556641 257.068908691406
endloop
endfacet
facet normal 0.962512038600 0.222753654905 0.154762349352
outer loop
vertex 345.078399658203 235.765197753906 259.026885986328
vertex 345.700195312500 232.788299560547 259.444488525391
vertex 345.753906250000 234.206695556641 257.068908691406
endloop
endfacet
facet normal 0.771121473709 0.090858621541 0.630171709677
outer loop
vertex 353.032714843750 237.455795288086 241.690994262695
vertex 351.055297851563 234.884704589844 244.481399536133
vertex 353.422485351563 234.518096923828 241.637603759766
endloop
endfacet
facet normal 0.863103947340 0.403113724606 0.304221795931
outer loop
vertex 343.237487792969 246.639495849609 251.443496704102
vertex 343.212890625000 244.595199584961 254.222106933594
vertex 344.893493652344 243.068695068359 251.476806640625
endloop
endfacet
facet normal 0.938184384786 0.342529690327 0.049834439791
outer loop
vertex 342.361297607422 242.748794555664 264.817901611328
vertex 343.149688720703 240.734207153320 263.822601318359
vertex 342.888092041016 241.762603759766 261.678894042969
endloop
endfacet
facet normal 0.881538104178 0.224079234951 0.415546708984
outer loop
vertex 346.059295654297 239.614303588867 251.651992797852
vertex 347.088806152344 236.459106445313 251.169403076172
vertex 347.417297363281 238.482604980469 249.381393432617
endloop
endfacet
facet normal 0.917956203116 0.395562466553 0.029778250715
outer loop
vertex 342.361297607422 242.748794555664 264.817901611328
vertex 342.888092041016 241.762603759766 261.678894042969
vertex 340.975006103516 246.125000000000 262.704101562500
endloop
endfacet
facet normal 0.928356048444 0.028510455303 0.370597087490
outer loop
vertex 347.716705322266 231.297103881836 251.563400268555
vertex 348.628509521484 227.682205200195 249.557403564453
vertex 348.813110351563 231.794692993164 248.778594970703
endloop
endfacet
facet normal 0.807401675731 0.046335132305 0.588179895560
outer loop
vertex 350.490509033203 229.625396728516 245.671005249023
vertex 353.648101806641 230.623596191406 241.257904052734
vertex 351.055297851563 234.884704589844 244.481399536133
endloop
endfacet
facet normal 0.975149487975 0.179820745153 0.129413970326
outer loop
vertex 345.700195312500 232.788299560547 259.444488525391
vertex 346.489013671875 230.691894531250 256.413604736328
vertex 345.753906250000 234.206695556641 257.068908691406
endloop
endfacet
facet normal 0.959934375493 0.157562069825 0.231733012105
outer loop
vertex 345.753906250000 234.206695556641 257.068908691406
vertex 346.489013671875 230.691894531250 256.413604736328
vertex 346.378295898438 233.177795410156 255.182006835938
endloop
endfacet
facet normal 0.904374560595 0.257755681956 0.340100959375
outer loop
vertex 346.059295654297 239.614303588867 251.651992797852
vertex 344.528900146484 240.936706542969 254.719299316406
vertex 345.892791748047 237.326400756836 253.828704833984
endloop
endfacet
facet normal 0.942708596354 0.182097486541 0.279537131265
outer loop
vertex 346.809814453125 234.132095336914 253.105102539063
vertex 345.952911376953 235.277297973633 255.248901367188
vertex 346.378295898438 233.177795410156 255.182006835938
endloop
endfacet
facet normal 0.938820215172 0.310351621692 0.149326737387
outer loop
vertex 344.197814941406 238.461395263672 260.057403564453
vertex 344.991912841797 237.572601318359 256.912109375000
vertex 343.630615234375 241.076705932617 258.187896728516
endloop
endfacet
facet normal 0.943362349776 0.207238043461 0.259075028453
outer loop
vertex 345.892791748047 237.326400756836 253.828704833984
vertex 344.991912841797 237.572601318359 256.912109375000
vertex 345.952911376953 235.277297973633 255.248901367188
endloop
endfacet
facet normal 0.840899676679 0.329443364868 0.429365582116
outer loop
vertex 346.151489257813 243.526397705078 248.465194702148
vertex 345.658996582031 243.261993408203 249.632598876953
vertex 346.596313476563 241.442306518555 249.193099975586
endloop
endfacet
facet normal 0.853422944851 0.345296787898 0.390434892740
outer loop
vertex 345.658996582031 243.261993408203 249.632598876953
vertex 344.893493652344 243.068695068359 251.476806640625
vertex 346.596313476563 241.442306518555 249.193099975586
endloop
endfacet
facet normal 0.862398989232 0.021786490563 0.505760152840
outer loop
vertex 350.490509033203 229.625396728516 245.671005249023
vertex 351.055297851563 234.884704589844 244.481399536133
vertex 349.727905273438 232.932495117188 246.828903198242
endloop
endfacet
facet normal 0.767302015996 -0.018046901812 0.641031922437
outer loop
vertex 351.055297851563 234.884704589844 244.481399536133
vertex 353.648101806641 230.623596191406 241.257904052734
vertex 353.422485351563 234.518096923828 241.637603759766
endloop
endfacet
facet normal 0.911341287299 0.246992095897 0.329320455832
outer loop
vertex 346.059295654297 239.614303588867 251.651992797852
vertex 345.892791748047 237.326400756836 253.828704833984
vertex 347.088806152344 236.459106445313 251.169403076172
endloop
endfacet
facet normal 0.925021584256 0.288465010109 0.247230674883
outer loop
vertex 344.528900146484 240.936706542969 254.719299316406
vertex 344.991912841797 237.572601318359 256.912109375000
vertex 345.892791748047 237.326400756836 253.828704833984
endloop
endfacet
facet normal 0.958882498404 0.159130471895 0.234993291755
outer loop
vertex 346.489013671875 230.691894531250 256.413604736328
vertex 346.945190429688 231.607604980469 253.932098388672
vertex 346.378295898438 233.177795410156 255.182006835938
endloop
endfacet
facet normal 0.955474318430 0.136872245620 0.261409286753
outer loop
vertex 346.945190429688 231.607604980469 253.932098388672
vertex 346.809814453125 234.132095336914 253.105102539063
vertex 346.378295898438 233.177795410156 255.182006835938
endloop
endfacet
facet normal 0.911795362158 0.097472808392 0.398908848198
outer loop
vertex 348.646087646484 235.409896850586 248.276992797852
vertex 347.797302246094 233.815795898438 250.606597900391
vertex 348.813110351563 231.794692993164 248.778594970703
endloop
endfacet
facet normal 0.917019231186 0.115658267195 0.381705246053
outer loop
vertex 347.797302246094 233.815795898438 250.606597900391
vertex 347.716705322266 231.297103881836 251.563400268555
vertex 348.813110351563 231.794692993164 248.778594970703
endloop
endfacet
facet normal 0.891929811880 0.045166024234 0.449912481416
outer loop
vertex 348.628509521484 227.682205200195 249.557403564453
vertex 350.490509033203 229.625396728516 245.671005249023
vertex 348.813110351563 231.794692993164 248.778594970703
endloop
endfacet
facet normal 0.874996760173 0.105967945703 0.472389102509
outer loop
vertex 349.727905273438 232.932495117188 246.828903198242
vertex 348.646087646484 235.409896850586 248.276992797852
vertex 348.813110351563 231.794692993164 248.778594970703
endloop
endfacet
facet normal 0.923684614871 0.383104728968 0.006123633982
outer loop
vertex 342.361297607422 242.748794555664 264.817901611328
vertex 340.975006103516 246.125000000000 262.704101562500
vertex 341.190002441406 245.545806884766 266.509490966797
endloop
endfacet
facet normal 0.718271483528 -0.026175396297 0.695270396737
outer loop
vertex 353.648101806641 230.623596191406 241.257904052734
vertex 356.046508789063 235.066101074219 238.947402954102
vertex 353.422485351563 234.518096923828 241.637603759766
endloop
endfacet
facet normal 0.705244078063 0.080769971953 0.704348636676
outer loop
vertex 356.046508789063 235.066101074219 238.947402954102
vertex 353.032714843750 237.455795288086 241.690994262695
vertex 353.422485351563 234.518096923828 241.637603759766
endloop
endfacet
facet normal 0.917526985578 0.183481155867 0.352815668839
outer loop
vertex 345.892791748047 237.326400756836 253.828704833984
vertex 346.809814453125 234.132095336914 253.105102539063
vertex 347.088806152344 236.459106445313 251.169403076172
endloop
endfacet
facet normal 0.879727688087 0.268969760189 0.392089865868
outer loop
vertex 346.596313476563 241.442306518555 249.193099975586
vertex 346.059295654297 239.614303588867 251.651992797852
vertex 347.417297363281 238.482604980469 249.381393432617
endloop
endfacet
facet normal 0.890548404296 0.211357363645 0.402804672811
outer loop
vertex 347.088806152344 236.459106445313 251.169403076172
vertex 348.646087646484 235.409896850586 248.276992797852
vertex 347.417297363281 238.482604980469 249.381393432617
endloop
endfacet
facet normal 0.923088551429 0.174441499154 0.342750185403
outer loop
vertex 347.088806152344 236.459106445313 251.169403076172
vertex 346.809814453125 234.132095336914 253.105102539063
vertex 347.797302246094 233.815795898438 250.606597900391
endloop
endfacet
facet normal 0.929343285014 0.104755979234 0.354044126366
outer loop
vertex 347.797302246094 233.815795898438 250.606597900391
vertex 346.809814453125 234.132095336914 253.105102539063
vertex 347.716705322266 231.297103881836 251.563400268555
endloop
endfacet
facet normal 0.760759137612 -0.613022544338 -0.213187463685
outer loop
vertex 330.943511962891 172.013595581055 225.691192626953
vertex 328.298706054688 167.888000488281 228.116394042969
vertex 327.787811279297 168.330902099609 225.019699096680
endloop
endfacet
facet normal 0.414087905650 -0.808877837986 -0.417430053553
outer loop
vertex 305.580413818359 155.279205322266 215.165603637695
vertex 309.145812988281 156.446304321289 216.440902709961
vertex 307.169494628906 154.461593627930 218.326293945313
endloop
endfacet
facet normal 0.442746189083 -0.808722354500 -0.387225987486
outer loop
vertex 309.145812988281 156.446304321289 216.440902709961
vertex 310.386199951172 155.912399291992 218.974197387695
vertex 307.169494628906 154.461593627930 218.326293945313
endloop
endfacet
facet normal 0.541963125619 -0.603120559686 -0.585253416011
outer loop
vertex 312.573089599609 151.212203979492 227.227600097656
vertex 310.363403320313 152.655502319336 223.694000244141
vertex 314.927185058594 154.853500366211 225.655105590820
endloop
endfacet
facet normal 0.729498588955 -0.680047364283 -0.073262480464
outer loop
vertex 327.897094726563 169.136596679688 222.062301635742
vertex 330.268798828125 171.795196533203 221.000106811523
vertex 330.943511962891 172.013595581055 225.691192626953
endloop
endfacet
facet normal 0.271404043200 -0.832369177859 -0.483219822737
outer loop
vertex 298.162292480469 151.440597534180 217.431900024414
vertex 298.386413574219 153.142196655273 214.626693725586
vertex 302.499603271484 152.903594970703 217.347900390625
endloop
endfacet
facet normal 0.246093182205 -0.763842998322 -0.596642287795
outer loop
vertex 298.162292480469 151.440597534180 217.431900024414
vertex 302.499603271484 152.903594970703 217.347900390625
vertex 300.133514404297 149.490997314453 220.740905761719
endloop
endfacet
facet normal 0.516145795335 -0.630110518245 -0.580132961272
outer loop
vertex 312.573089599609 151.212203979492 227.227600097656
vertex 308.897186279297 149.586593627930 225.722793579102
vertex 310.363403320313 152.655502319336 223.694000244141
endloop
endfacet
facet normal 0.673252555614 -0.612192497372 -0.414670161117
outer loop
vertex 318.345794677734 158.983703613281 224.270004272461
vertex 321.196899414063 159.562103271484 228.045104980469
vertex 318.369293212891 156.755996704102 227.597000122070
endloop
endfacet
facet normal 0.711909384170 -0.571249718858 -0.408483521619
outer loop
vertex 323.811309814453 160.769805908203 230.912597656250
vertex 320.694793701172 157.180297851563 230.500900268555
vertex 321.196899414063 159.562103271484 228.045104980469
endloop
endfacet
facet normal 0.665298215702 -0.599299085971 -0.445217800338
outer loop
vertex 321.196899414063 159.562103271484 228.045104980469
vertex 320.694793701172 157.180297851563 230.500900268555
vertex 318.369293212891 156.755996704102 227.597000122070
endloop
endfacet
facet normal 0.704130255298 -0.614449385153 -0.355882756900
outer loop
vertex 323.749114990234 162.086700439453 228.700500488281
vertex 322.306793212891 161.889892578125 226.186599731445
vertex 325.399597167969 164.551300048828 227.710800170898
endloop
endfacet
facet normal 0.412790528722 -0.606763720899 -0.679295051063
outer loop
vertex 303.690490722656 144.989196777344 226.510696411133
vertex 304.914489746094 148.521102905273 224.099700927734
vertex 307.340209960938 146.635406494141 227.258102416992
endloop
endfacet
facet normal 0.435340694959 -0.585461452995 -0.683895727703
outer loop
vertex 304.914489746094 148.521102905273 224.099700927734
vertex 308.897186279297 149.586593627930 225.722793579102
vertex 307.340209960938 146.635406494141 227.258102416992
endloop
endfacet
facet normal 0.241257630344 -0.675776465355 -0.696506227304
outer loop
vertex 300.791595458984 146.491897583008 223.878692626953
vertex 297.854705810547 146.885101318359 222.479904174805
vertex 300.133514404297 149.490997314453 220.740905761719
endloop
endfacet
facet normal 0.528063675522 -0.790053789856 -0.311390050785
outer loop
vertex 312.988006591797 158.083602905273 217.653900146484
vertex 317.036590576172 160.794204711914 217.642303466797
vertex 316.183013916016 159.119903564453 220.442794799805
endloop
endfacet
facet normal 0.598049863703 -0.610751537514 -0.518959458869
outer loop
vertex 316.759399414063 153.382705688477 229.497497558594
vertex 312.573089599609 151.212203979492 227.227600097656
vertex 314.927185058594 154.853500366211 225.655105590820
endloop
endfacet
facet normal 0.697856213449 -0.606642659721 -0.380764216749
outer loop
vertex 323.811309814453 160.769805908203 230.912597656250
vertex 321.196899414063 159.562103271484 228.045104980469
vertex 323.749114990234 162.086700439453 228.700500488281
endloop
endfacet
facet normal 0.739815536786 -0.607691838058 -0.288762188467
outer loop
vertex 328.298706054688 167.888000488281 228.116394042969
vertex 327.250213623047 165.884994506836 229.645401000977
vertex 325.399597167969 164.551300048828 227.710800170898
endloop
endfacet
facet normal 0.199896039220 -0.658803099491 -0.725272396831
outer loop
vertex 297.854705810547 146.885101318359 222.479904174805
vertex 295.485595703125 147.849197387695 220.951202392578
vertex 300.133514404297 149.490997314453 220.740905761719
endloop
endfacet
facet normal 0.764274880630 -0.628820258985 -0.143069873591
outer loop
vertex 327.897094726563 169.136596679688 222.062301635742
vertex 330.943511962891 172.013595581055 225.691192626953
vertex 327.787811279297 168.330902099609 225.019699096680
endloop
endfacet
facet normal 0.590292492333 -0.649376308205 -0.479442576164
outer loop
vertex 313.223785400391 156.265792846680 221.645004272461
vertex 318.345794677734 158.983703613281 224.270004272461
vertex 314.927185058594 154.853500366211 225.655105590820
endloop
endfacet
facet normal 0.734565699082 -0.573765569500 -0.362224108790
outer loop
vertex 326.079803466797 163.955993652344 230.466003417969
vertex 323.811309814453 160.769805908203 230.912597656250
vertex 323.749114990234 162.086700439453 228.700500488281
endloop
endfacet
facet normal 0.747933751665 -0.586239599936 -0.311316935916
outer loop
vertex 327.250213623047 165.884994506836 229.645401000977
vertex 326.079803466797 163.955993652344 230.466003417969
vertex 325.399597167969 164.551300048828 227.710800170898
endloop
endfacet
facet normal 0.618816265974 -0.588484765572 -0.520338456830
outer loop
vertex 316.759399414063 153.382705688477 229.497497558594
vertex 314.927185058594 154.853500366211 225.655105590820
vertex 318.369293212891 156.755996704102 227.597000122070
endloop
endfacet
facet normal 0.539027038672 -0.696159923208 -0.474142608188
outer loop
vertex 310.363403320313 152.655502319336 223.694000244141
vertex 313.223785400391 156.265792846680 221.645004272461
vertex 314.927185058594 154.853500366211 225.655105590820
endloop
endfacet
facet normal 0.329651724523 -0.616473922293 -0.715045203922
outer loop
vertex 303.690490722656 144.989196777344 226.510696411133
vertex 300.207611083984 144.037292480469 225.725692749023
vertex 300.791595458984 146.491897583008 223.878692626953
endloop
endfacet
facet normal 0.265890466680 -0.624995202709 -0.733950445412
outer loop
vertex 297.919403076172 145.030303955078 224.082794189453
vertex 297.854705810547 146.885101318359 222.479904174805
vertex 300.791595458984 146.491897583008 223.878692626953
endloop
endfacet
facet normal 0.351177716066 -0.638976089454 -0.684385687201
outer loop
vertex 304.914489746094 148.521102905273 224.099700927734
vertex 300.791595458984 146.491897583008 223.878692626953
vertex 300.133514404297 149.490997314453 220.740905761719
endloop
endfacet
facet normal 0.701497048314 -0.656837266876 -0.276526121822
outer loop
vertex 322.306793212891 161.889892578125 226.186599731445
vertex 323.903015136719 164.235107421875 224.665298461914
vertex 325.399597167969 164.551300048828 227.710800170898
endloop
endfacet
facet normal 0.187881903634 -0.793195679393 -0.579259013291
outer loop
vertex 295.350006103516 149.857803344727 218.687103271484
vertex 298.162292480469 151.440597534180 217.431900024414
vertex 300.133514404297 149.490997314453 220.740905761719
endloop
endfacet
facet normal 0.225458685065 -0.722050779431 -0.654072666645
outer loop
vertex 295.485595703125 147.849197387695 220.951202392578
vertex 295.350006103516 149.857803344727 218.687103271484
vertex 300.133514404297 149.490997314453 220.740905761719
endloop
endfacet
facet normal 0.655348349617 -0.688807788852 -0.309939301592
outer loop
vertex 318.345794677734 158.983703613281 224.270004272461
vertex 321.305511474609 162.138702392578 223.516494750977
vertex 322.306793212891 161.889892578125 226.186599731445
endloop
endfacet
facet normal 0.687523126231 -0.681292739091 -0.251300924313
outer loop
vertex 322.658691406250 164.193206787109 221.374603271484
vertex 325.571502685547 166.469299316406 223.173004150391
vertex 323.903015136719 164.235107421875 224.665298461914
endloop
endfacet
facet normal 0.354649091371 -0.771326776735 -0.528468566219
outer loop
vertex 302.499603271484 152.903594970703 217.347900390625
vertex 306.005096435547 151.855392456055 221.230300903320
vertex 300.133514404297 149.490997314453 220.740905761719
endloop
endfacet
facet normal 0.236237219986 -0.869717989890 -0.433338890425
outer loop
vertex 298.386413574219 153.142196655273 214.626693725586
vertex 302.072113037109 154.491104125977 213.928695678711
vertex 302.499603271484 152.903594970703 217.347900390625
endloop
endfacet
facet normal 0.586990934411 -0.726354954182 -0.357561356209
outer loop
vertex 316.183013916016 159.119903564453 220.442794799805
vertex 319.355590820313 161.435806274414 220.946502685547
vertex 318.345794677734 158.983703613281 224.270004272461
endloop
endfacet
facet normal 0.642305431516 -0.736459534324 -0.212299521779
outer loop
vertex 320.658508300781 163.331802368164 218.311294555664
vertex 322.658691406250 164.193206787109 221.374603271484
vertex 319.355590820313 161.435806274414 220.946502685547
endloop
endfacet
facet normal 0.327124497745 -0.675599244025 -0.660723258595
outer loop
vertex 306.005096435547 151.855392456055 221.230300903320
vertex 304.914489746094 148.521102905273 224.099700927734
vertex 300.133514404297 149.490997314453 220.740905761719
endloop
endfacet
facet normal 0.733446956416 -0.645409093481 -0.213313534909
outer loop
vertex 327.787811279297 168.330902099609 225.019699096680
vertex 328.298706054688 167.888000488281 228.116394042969
vertex 326.196502685547 166.268005371094 225.789794921875
endloop
endfacet
facet normal -0.576063123968 -0.761719490945 0.296537846351
outer loop
vertex 238.354507446289 173.948501586914 206.719802856445
vertex 242.133697509766 170.665893554688 205.629302978516
vertex 241.192703247070 172.307495117188 208.018096923828
endloop
endfacet
facet normal 0.252133592751 -0.443132532762 0.860268684664
outer loop
vertex 378.825714111328 217.702896118164 219.771606445313
vertex 382.297607421875 220.916107177734 220.409194946289
vertex 378.748596191406 222.206207275391 222.113906860352
endloop
endfacet
facet normal 0.278926954098 -0.489637830318 0.826108073680
outer loop
vertex 374.205108642578 215.387893676758 219.959594726563
vertex 378.825714111328 217.702896118164 219.771606445313
vertex 374.392700195313 219.507400512695 222.337905883789
endloop
endfacet
facet normal 0.312425153533 -0.434127297446 0.844940242297
outer loop
vertex 378.825714111328 217.702896118164 219.771606445313
vertex 378.748596191406 222.206207275391 222.113906860352
vertex 374.392700195313 219.507400512695 222.337905883789
endloop
endfacet
facet normal 0.502098439661 -0.845956660207 0.179595339421
outer loop
vertex 318.431213378906 162.612701416016 207.568099975586
vertex 320.563385009766 163.051300048828 203.673095703125
vertex 323.517303466797 165.597000122070 207.405899047852
endloop
endfacet
facet normal 0.533939000105 -0.286457882011 0.795519343574
outer loop
vertex 365.334899902344 227.965499877930 230.732498168945
vertex 361.354888916016 229.025497436523 233.785507202148
vertex 361.892486572266 224.752700805664 231.886093139648
endloop
endfacet
facet normal 0.551676459723 -0.313600191704 0.772857039530
outer loop
vertex 365.360595703125 223.205001831055 228.782501220703
vertex 365.334899902344 227.965499877930 230.732498168945
vertex 361.892486572266 224.752700805664 231.886093139648
endloop
endfacet
facet normal 0.534032089021 -0.429528421776 0.728227342787
outer loop
vertex 361.818206787109 220.990203857422 230.073898315430
vertex 363.938690185547 218.221801757813 226.886001586914
vertex 365.360595703125 223.205001831055 228.782501220703
endloop
endfacet
facet normal 0.517055451743 -0.379693042333 0.767128967923
outer loop
vertex 361.818206787109 220.990203857422 230.073898315430
vertex 365.360595703125 223.205001831055 228.782501220703
vertex 361.892486572266 224.752700805664 231.886093139648
endloop
endfacet
facet normal 0.477119245329 -0.369759264516 0.797267403097
outer loop
vertex 369.380310058594 220.706802368164 225.218307495117
vertex 369.813293457031 226.322799682617 227.563796997070
vertex 365.360595703125 223.205001831055 228.782501220703
endloop
endfacet
facet normal 0.416557835101 -0.584662774991 0.696167371797
outer loop
vertex 362.134887695313 209.276794433594 220.813705444336
vertex 361.713012695313 210.259796142578 221.891693115234
vertex 361.128906250000 209.402603149414 221.521301269531
endloop
endfacet
facet normal 0.492624515484 -0.645581966776 0.583562345357
outer loop
vertex 354.838592529297 195.886306762695 213.449096679688
vertex 358.265899658203 200.050292968750 215.162399291992
vertex 354.754608154297 199.045196533203 217.014602661133
endloop
endfacet
facet normal 0.550313453195 -0.520503973093 0.652863475182
outer loop
vertex 358.931488037109 216.984893798828 229.949295043945
vertex 358.364196777344 213.155700683594 227.374603271484
vertex 361.040191650391 214.326904296875 226.052703857422
endloop
endfacet
facet normal 0.437316461572 -0.426170616766 0.791917241789
outer loop
vertex 363.938690185547 218.221801757813 226.886001586914
vertex 369.380310058594 220.706802368164 225.218307495117
vertex 365.360595703125 223.205001831055 228.782501220703
endloop
endfacet
facet normal 0.580193627198 -0.637315460782 0.507153190276
outer loop
vertex 351.648712158203 195.074798583984 215.578399658203
vertex 354.754608154297 199.045196533203 217.014602661133
vertex 351.581390380859 197.920196533203 219.231094360352
endloop
endfacet
facet normal 0.510240104041 -0.555989832496 0.656148110101
outer loop
vertex 361.780212402344 212.372299194336 223.820999145508
vertex 361.040191650391 214.326904296875 226.052703857422
vertex 359.225891113281 210.563003540039 224.274200439453
endloop
endfacet
facet normal 0.480369089627 -0.602669118829 0.637209126536
outer loop
vertex 361.128906250000 209.402603149414 221.521301269531
vertex 361.713012695313 210.259796142578 221.891693115234
vertex 360.689514160156 210.014099121094 222.430892944336
endloop
endfacet
facet normal 0.714261181622 -0.575013887886 0.398986206736
outer loop
vertex 348.948303222656 196.867797851563 221.742904663086
vertex 346.705902099609 193.741394042969 221.251495361328
vertex 348.357208251953 193.531402587891 217.992706298828
endloop
endfacet
facet normal 0.572148727753 -0.638299097364 0.514995238458
outer loop
vertex 351.523803710938 192.375595092773 212.371704101563
vertex 351.648712158203 195.074798583984 215.578399658203
vertex 348.744201660156 191.138504028320 213.926498413086
endloop
endfacet
facet normal 0.661157856812 -0.609251537263 0.437816003269
outer loop
vertex 351.581390380859 197.920196533203 219.231094360352
vertex 348.948303222656 196.867797851563 221.742904663086
vertex 348.357208251953 193.531402587891 217.992706298828
endloop
endfacet
facet normal 0.635966607662 -0.603073357858 0.481507008237
outer loop
vertex 351.648712158203 195.074798583984 215.578399658203
vertex 351.581390380859 197.920196533203 219.231094360352
vertex 348.357208251953 193.531402587891 217.992706298828
endloop
endfacet
facet normal 0.383066826759 -0.601299783971 0.701212076360
outer loop
vertex 358.265899658203 200.050292968750 215.162399291992
vertex 362.732696533203 201.662597656250 214.104797363281
vertex 360.584808349609 203.454895019531 216.815093994141
endloop
endfacet
facet normal 0.765149160962 -0.566966299818 0.305116332486
outer loop
vertex 346.705902099609 193.741394042969 221.251495361328
vertex 344.783905029297 192.291900634766 223.377899169922
vertex 344.654998779297 189.839599609375 219.144302368164
endloop
endfacet
facet normal 0.770280076080 -0.583640295968 0.256968109531
outer loop
vertex 342.472991943359 188.608200073242 222.888198852539
vertex 341.143585205078 185.251205444336 219.248596191406
vertex 344.654998779297 189.839599609375 219.144302368164
endloop
endfacet
facet normal 0.587432235194 -0.667255390800 0.457923151308
outer loop
vertex 344.736785888672 185.236099243164 210.832199096680
vertex 348.341888427734 187.791107177734 209.930496215820
vertex 346.226593017578 187.895599365234 212.796295166016
endloop
endfacet
facet normal 0.839789451064 -0.534665620480 0.094267450157
outer loop
vertex 337.719696044922 180.915893554688 220.063201904297
vertex 339.902496337891 185.017303466797 223.879898071289
vertex 337.208587646484 180.923095703125 224.657302856445
endloop
endfacet
facet normal 0.630296096227 -0.606478881887 0.484675352071
outer loop
vertex 351.380706787109 200.605804443359 222.852600097656
vertex 351.581390380859 197.920196533203 219.231094360352
vertex 354.430114746094 201.934097290039 220.549102783203
endloop
endfacet
facet normal 0.706926113548 -0.706262305766 -0.038066066742
outer loop
vertex 327.827911376953 169.544204711914 217.434295654297
vertex 331.746612548828 173.443099975586 217.870101928711
vertex 330.268798828125 171.795196533203 221.000106811523
endloop
endfacet
facet normal 0.794134901230 -0.607730879746 0.003596728026
outer loop
vertex 334.641296386719 177.104797363281 225.714996337891
vertex 332.956298828125 174.880401611328 221.900802612305
vertex 335.440002441406 178.127899169922 222.236892700195
endloop
endfacet
facet normal 0.579574637633 -0.793496580086 0.185624397116
outer loop
vertex 326.673309326172 167.339401245117 205.738601684570
vertex 329.718811035156 169.742904663086 206.503997802734
vertex 327.003692626953 168.157592773438 208.204605102539
endloop
endfacet
facet normal 0.591612671589 -0.540359519163 0.598336056798
outer loop
vertex 356.704498291016 210.830902099609 227.009201049805
vertex 355.741302490234 208.009994506836 225.414001464844
vertex 359.225891113281 210.563003540039 224.274200439453
endloop
endfacet
facet normal 0.332927358066 -0.482788254015 0.809984491232
outer loop
vertex 370.522003173828 216.516403198242 222.146102905273
vertex 374.205108642578 215.387893676758 219.959594726563
vertex 374.392700195313 219.507400512695 222.337905883789
endloop
endfacet
facet normal 0.653810254529 -0.747796800152 -0.115464699174
outer loop
vertex 324.996002197266 166.691192626953 219.876098632813
vertex 323.201110839844 165.703201293945 216.111297607422
vertex 327.827911376953 169.544204711914 217.434295654297
endloop
endfacet
facet normal 0.675026290350 -0.733998539482 -0.074737215458
outer loop
vertex 324.996002197266 166.691192626953 219.876098632813
vertex 327.827911376953 169.544204711914 217.434295654297
vertex 327.897094726563 169.136596679688 222.062301635742
endloop
endfacet
facet normal 0.752728071110 -0.658272412599 0.008825065050
outer loop
vertex 330.268798828125 171.795196533203 221.000106811523
vertex 331.746612548828 173.443099975586 217.870101928711
vertex 332.956298828125 174.880401611328 221.900802612305
endloop
endfacet
facet normal 0.620343506786 -0.775854821309 0.114992303397
outer loop
vertex 326.065185546875 167.956893920898 211.913406372070
vertex 327.003692626953 168.157592773438 208.204605102539
vertex 329.134613037109 170.084899902344 209.712600708008
endloop
endfacet
facet normal 0.382909773702 0.329099175479 0.863176597170
outer loop
vertex 378.460693359375 244.095001220703 224.539306640625
vertex 376.098871231079 245.874643325806 224.908508062764
vertex 372.532996754773 245.840714144346 226.503285144218
endloop
endfacet
facet normal 0.662925799868 -0.723402649342 0.192919648544
outer loop
vertex 332.277191162109 172.558395385742 209.101104736328
vertex 335.095092773438 175.295501708984 209.681503295898
vertex 333.806701660156 174.667602539063 211.754302978516
endloop
endfacet
facet normal 0.506627305928 -0.860812596794 0.048274694094
outer loop
vertex 321.188201904297 164.454605102539 211.478393554688
vertex 318.431213378906 162.612701416016 207.568099975586
vertex 323.517303466797 165.597000122070 207.405899047852
endloop
endfacet
facet normal 0.382909773702 0.329099175479 0.863176597170
outer loop
vertex 372.224212646484 245.628692626953 226.721099853516
vertex 378.460693359375 244.095001220703 224.539306640625
vertex 372.532996754773 245.840714144346 226.503285144218
endloop
endfacet
facet normal 0.385625853541 0.409363613913 0.826870082108
outer loop
vertex 389.211058705723 245.386824070834 219.494683012389
vertex 385.654446999106 245.708582554133 220.994078426947
vertex 390.080596923828 244.021697998047 219.764999389648
endloop
endfacet
facet normal 0.693809409248 -0.668099054804 0.268834812865
outer loop
vertex 337.741485595703 177.213699340820 208.429595947266
vertex 339.020385742188 179.454193115234 210.697006225586
vertex 336.928985595703 177.945602416992 212.345397949219
endloop
endfacet
facet normal 0.697406368751 -0.658967490737 0.281755573106
outer loop
vertex 339.020385742188 179.454193115234 210.697006225586
vertex 339.928497314453 181.164505004883 212.449295043945
vertex 336.928985595703 177.945602416992 212.345397949219
endloop
endfacet
facet normal 0.706768446944 -0.666273349744 0.237819649789
outer loop
vertex 336.928985595703 177.945602416992 212.345397949219
vertex 339.928497314453 181.164505004883 212.449295043945
vertex 339.206695556641 181.551895141602 215.679702758789
endloop
endfacet
facet normal 0.304994125910 -0.528540251911 0.792227104604
outer loop
vertex 374.205108642578 215.387893676758 219.959594726563
vertex 370.905792236328 213.462295532227 219.945098876953
vertex 373.115600585938 211.898696899414 218.051193237305
endloop
endfacet
facet normal 0.335777374555 -0.553216988830 0.762367705250
outer loop
vertex 367.145690917969 213.115295410156 221.349395751953
vertex 369.431091308594 210.156997680664 218.196105957031
vertex 370.905792236328 213.462295532227 219.945098876953
endloop
endfacet
facet normal 0.464022325975 -0.622146871909 0.630568434645
outer loop
vertex 358.265899658203 200.050292968750 215.162399291992
vertex 360.584808349609 203.454895019531 216.815093994141
vertex 357.723388671875 202.988204956055 218.460296630859
endloop
endfacet
facet normal 0.433501306551 -0.624228232666 0.649935174276
outer loop
vertex 354.838592529297 195.886306762695 213.449096679688
vertex 358.774597167969 196.705902099609 211.610992431641
vertex 358.265899658203 200.050292968750 215.162399291992
endloop
endfacet
facet normal 0.382577593754 -0.601730824178 0.701109406578
outer loop
vertex 362.732696533203 201.662597656250 214.104797363281
vertex 363.209503173828 205.424392700195 217.073196411133
vertex 360.584808349609 203.454895019531 216.815093994141
endloop
endfacet
facet normal 0.396555476975 -0.601760788446 0.693273183651
outer loop
vertex 363.209503173828 205.424392700195 217.073196411133
vertex 364.739288330078 208.927902221680 219.239196777344
vertex 360.872406005859 206.766296386719 219.574798583984
endloop
endfacet
facet normal 0.628945790724 -0.765479519525 0.135898114477
outer loop
vertex 332.277191162109 172.558395385742 209.101104736328
vertex 330.691497802734 171.982406616211 213.195404052734
vertex 329.134613037109 170.084899902344 209.712600708008
endloop
endfacet
facet normal 0.581120395870 -0.791292016157 0.190147391962
outer loop
vertex 327.003692626953 168.157592773438 208.204605102539
vertex 329.718811035156 169.742904663086 206.503997802734
vertex 329.134613037109 170.084899902344 209.712600708008
endloop
endfacet
facet normal 0.772978824595 -0.618945363547 0.139321117106
outer loop
vertex 337.719696044922 180.915893554688 220.063201904297
vertex 334.730987548828 176.912094116211 218.857894897461
vertex 336.526489257813 178.583099365234 216.319702148438
endloop
endfacet
facet normal 0.749183178164 -0.637940921997 0.178201979781
outer loop
vertex 336.928985595703 177.945602416992 212.345397949219
vertex 339.206695556641 181.551895141602 215.679702758789
vertex 336.526489257813 178.583099365234 216.319702148438
endloop
endfacet
facet normal 0.790487610975 -0.610122739376 0.053661716261
outer loop
vertex 332.956298828125 174.880401611328 221.900802612305
vertex 334.730987548828 176.912094116211 218.857894897461
vertex 335.440002441406 178.127899169922 222.236892700195
endloop
endfacet
facet normal 0.747832687886 -0.656822123636 0.096596940070
outer loop
vertex 334.730987548828 176.912094116211 218.857894897461
vertex 334.066192626953 175.586593627930 214.991699218750
vertex 336.526489257813 178.583099365234 216.319702148438
endloop
endfacet
facet normal 0.257966504765 -0.547886610590 0.795784860597
outer loop
vertex 373.584991455078 207.341400146484 214.761398315430
vertex 377.313201904297 212.914001464844 217.389495849609
vertex 373.115600585938 211.898696899414 218.051193237305
endloop
endfacet
facet normal 0.286875164722 -0.541103122682 0.790512523930
outer loop
vertex 369.431091308594 210.156997680664 218.196105957031
vertex 373.584991455078 207.341400146484 214.761398315430
vertex 373.115600585938 211.898696899414 218.051193237305
endloop
endfacet
facet normal 0.415545808005 -0.528843990427 0.740030888030
outer loop
vertex 367.145690917969 213.115295410156 221.349395751953
vertex 367.012390136719 216.635406494141 223.939804077148
vertex 364.034790039063 214.388900756836 224.006393432617
endloop
endfacet
facet normal 0.422041573260 -0.537755094984 0.729863253123
outer loop
vertex 367.012390136719 216.635406494141 223.939804077148
vertex 363.938690185547 218.221801757813 226.886001586914
vertex 364.034790039063 214.388900756836 224.006393432617
endloop
endfacet
facet normal 0.490708533935 -0.515470141557 0.702492468206
outer loop
vertex 363.938690185547 218.221801757813 226.886001586914
vertex 361.040191650391 214.326904296875 226.052703857422
vertex 364.034790039063 214.388900756836 224.006393432617
endloop
endfacet
facet normal 0.550818842897 -0.558552327084 0.620175701087
outer loop
vertex 361.040191650391 214.326904296875 226.052703857422
vertex 358.364196777344 213.155700683594 227.374603271484
vertex 359.225891113281 210.563003540039 224.274200439453
endloop
endfacet
facet normal 0.500182164803 -0.604072067834 0.620414973123
outer loop
vertex 354.754608154297 199.045196533203 217.014602661133
vertex 358.265899658203 200.050292968750 215.162399291992
vertex 357.723388671875 202.988204956055 218.460296630859
endloop
endfacet
facet normal 0.473135248734 -0.587907923672 0.656130558418
outer loop
vertex 357.723388671875 202.988204956055 218.460296630859
vertex 360.584808349609 203.454895019531 216.815093994141
vertex 360.872406005859 206.766296386719 219.574798583984
endloop
endfacet
facet normal 0.703319788062 -0.624524686929 0.339573543045
outer loop
vertex 344.654998779297 189.839599609375 219.144302368164
vertex 342.964385986328 185.308807373047 214.313095092773
vertex 346.205505371094 189.622802734375 215.534194946289
endloop
endfacet
facet normal 0.714565166033 -0.609431280932 0.343496924751
outer loop
vertex 348.357208251953 193.531402587891 217.992706298828
vertex 344.654998779297 189.839599609375 219.144302368164
vertex 346.205505371094 189.622802734375 215.534194946289
endloop
endfacet
facet normal 0.560569678628 -0.579899385697 0.591166928939
outer loop
vertex 357.398712158203 206.250305175781 221.968093872070
vertex 354.430114746094 201.934097290039 220.549102783203
vertex 357.723388671875 202.988204956055 218.460296630859
endloop
endfacet
facet normal 0.590687737259 -0.597344053537 0.542464817989
outer loop
vertex 351.581390380859 197.920196533203 219.231094360352
vertex 354.754608154297 199.045196533203 217.014602661133
vertex 354.430114746094 201.934097290039 220.549102783203
endloop
endfacet
facet normal 0.537107444896 -0.625048606505 0.566418424968
outer loop
vertex 351.648712158203 195.074798583984 215.578399658203
vertex 354.838592529297 195.886306762695 213.449096679688
vertex 354.754608154297 199.045196533203 217.014602661133
endloop
endfacet
facet normal 0.552051309307 -0.620048867641 0.557475339033
outer loop
vertex 354.430114746094 201.934097290039 220.549102783203
vertex 354.754608154297 199.045196533203 217.014602661133
vertex 357.723388671875 202.988204956055 218.460296630859
endloop
endfacet
facet normal 0.707202005397 -0.585640612521 0.396093923872
outer loop
vertex 348.357208251953 193.531402587891 217.992706298828
vertex 346.705902099609 193.741394042969 221.251495361328
vertex 344.654998779297 189.839599609375 219.144302368164
endloop
endfacet
facet normal 0.774248151478 -0.538240342348 0.332922113717
outer loop
vertex 346.705902099609 193.741394042969 221.251495361328
vertex 346.869201660156 195.829193115234 224.247100830078
vertex 344.783905029297 192.291900634766 223.377899169922
endloop
endfacet
facet normal 0.282515038898 -0.497270310071 0.820309387681
outer loop
vertex 377.313201904297 212.914001464844 217.389495849609
vertex 378.825714111328 217.702896118164 219.771606445313
vertex 374.205108642578 215.387893676758 219.959594726563
endloop
endfacet
facet normal 0.685061072908 -0.649875041051 0.329171319231
outer loop
vertex 341.457305908203 181.470901489258 209.872497558594
vertex 342.964385986328 185.308807373047 214.313095092773
vertex 339.928497314453 181.164505004883 212.449295043945
endloop
endfacet
facet normal 0.380016145425 -0.406842673185 0.830702575229
outer loop
vertex 374.569610595703 224.205505371094 224.557907104492
vertex 369.380310058594 220.706802368164 225.218307495117
vertex 374.392700195313 219.507400512695 222.337905883789
endloop
endfacet
facet normal 0.302171329674 -0.416540903706 0.857429975603
outer loop
vertex 378.748596191406 222.206207275391 222.113906860352
vertex 374.569610595703 224.205505371094 224.557907104492
vertex 374.392700195313 219.507400512695 222.337905883789
endloop
endfacet
facet normal 0.684083826036 -0.714247299420 0.147919282810
outer loop
vertex 333.806701660156 174.667602539063 211.754302978516
vertex 334.066192626953 175.586593627930 214.991699218750
vertex 330.691497802734 171.982406616211 213.195404052734
endloop
endfacet
facet normal 0.687014937394 -0.693500406164 0.216950829562
outer loop
vertex 333.806701660156 174.667602539063 211.754302978516
vertex 335.095092773438 175.295501708984 209.681503295898
vertex 336.928985595703 177.945602416992 212.345397949219
endloop
endfacet
facet normal 0.573746804304 -0.812756000142 0.101204193514
outer loop
vertex 326.065185546875 167.956893920898 211.913406372070
vertex 323.517303466797 165.597000122070 207.405899047852
vertex 327.003692626953 168.157592773438 208.204605102539
endloop
endfacet
facet normal 0.629767205726 -0.751958429075 0.194812185284
outer loop
vertex 329.718811035156 169.742904663086 206.503997802734
vertex 332.277191162109 172.558395385742 209.101104736328
vertex 329.134613037109 170.084899902344 209.712600708008
endloop
endfacet
facet normal 0.792661209349 -0.607420677641 0.052233395140
outer loop
vertex 334.730987548828 176.912094116211 218.857894897461
vertex 337.719696044922 180.915893554688 220.063201904297
vertex 335.440002441406 178.127899169922 222.236892700195
endloop
endfacet
facet normal 0.804360124997 -0.587223248246 0.090408218840
outer loop
vertex 337.719696044922 180.915893554688 220.063201904297
vertex 337.208587646484 180.923095703125 224.657302856445
vertex 335.440002441406 178.127899169922 222.236892700195
endloop
endfacet
facet normal 0.628553434944 -0.765744875792 0.136218077428
outer loop
vertex 330.691497802734 171.982406616211 213.195404052734
vertex 326.065185546875 167.956893920898 211.913406372070
vertex 329.134613037109 170.084899902344 209.712600708008
endloop
endfacet
facet normal 0.719458902780 -0.670685352248 0.180444023148
outer loop
vertex 334.066192626953 175.586593627930 214.991699218750
vertex 336.928985595703 177.945602416992 212.345397949219
vertex 336.526489257813 178.583099365234 216.319702148438
endloop
endfacet
facet normal 0.425618684260 -0.640737710944 0.638986636311
outer loop
vertex 363.274200439453 211.382904052734 221.977996826172
vertex 361.334899902344 210.969406127930 222.855102539063
vertex 361.713012695313 210.259796142578 221.891693115234
endloop
endfacet
facet normal 0.377301132603 -0.581711222512 0.720594136071
outer loop
vertex 363.274200439453 211.382904052734 221.977996826172
vertex 367.145690917969 213.115295410156 221.349395751953
vertex 364.034790039063 214.388900756836 224.006393432617
endloop
endfacet
facet normal 0.376913255460 -0.580382358201 0.721867519804
outer loop
vertex 364.739288330078 208.927902221680 219.239196777344
vertex 367.145690917969 213.115295410156 221.349395751953
vertex 363.274200439453 211.382904052734 221.977996826172
endloop
endfacet
facet normal 0.415799472825 -0.586165701709 0.695356432730
outer loop
vertex 362.134887695313 209.276794433594 220.813705444336
vertex 361.128906250000 209.402603149414 221.521301269531
vertex 361.049987792969 208.580398559570 220.875396728516
endloop
endfacet
facet normal 0.561138242034 -0.562457205356 0.607260871018
outer loop
vertex 359.225891113281 210.563003540039 224.274200439453
vertex 357.398712158203 206.250305175781 221.968093872070
vertex 360.058105468750 208.654602050781 221.737594604492
endloop
endfacet
facet normal 0.553930363301 -0.567793157162 0.608910570850
outer loop
vertex 360.689514160156 210.014099121094 222.430892944336
vertex 359.225891113281 210.563003540039 224.274200439453
vertex 360.058105468750 208.654602050781 221.737594604492
endloop
endfacet
facet normal 0.457577530719 -0.574005491787 0.679073264662
outer loop
vertex 361.780212402344 212.372299194336 223.820999145508
vertex 363.274200439453 211.382904052734 221.977996826172
vertex 364.034790039063 214.388900756836 224.006393432617
endloop
endfacet
facet normal 0.367776418357 -0.542086424438 0.755567875535
outer loop
vertex 367.012390136719 216.635406494141 223.939804077148
vertex 367.145690917969 213.115295410156 221.349395751953
vertex 370.522003173828 216.516403198242 222.146102905273
endloop
endfacet
facet normal 0.526144492398 -0.589201194577 0.613199743500
outer loop
vertex 361.334899902344 210.969406127930 222.855102539063
vertex 361.780212402344 212.372299194336 223.820999145508
vertex 359.225891113281 210.563003540039 224.274200439453
endloop
endfacet
facet normal 0.833203061110 -0.552211437743 0.028899601783
outer loop
vertex 337.208587646484 180.923095703125 224.657302856445
vertex 334.641296386719 177.104797363281 225.714996337891
vertex 335.440002441406 178.127899169922 222.236892700195
endloop
endfacet
facet normal 0.400399161700 -0.559484841584 0.725711529016
outer loop
vertex 360.872406005859 206.766296386719 219.574798583984
vertex 362.134887695313 209.276794433594 220.813705444336
vertex 361.049987792969 208.580398559570 220.875396728516
endloop
endfacet
facet normal 0.524541792583 -0.567347342061 0.634801466043
outer loop
vertex 361.128906250000 209.402603149414 221.521301269531
vertex 360.689514160156 210.014099121094 222.430892944336
vertex 360.058105468750 208.654602050781 221.737594604492
endloop
endfacet
facet normal 0.535113252306 -0.526196497422 0.660886566142
outer loop
vertex 360.872406005859 206.766296386719 219.574798583984
vertex 361.049987792969 208.580398559570 220.875396728516
vertex 360.058105468750 208.654602050781 221.737594604492
endloop
endfacet
facet normal 0.510526571962 -0.605591386594 0.610427466456
outer loop
vertex 357.398712158203 206.250305175781 221.968093872070
vertex 357.723388671875 202.988204956055 218.460296630859
vertex 360.872406005859 206.766296386719 219.574798583984
endloop
endfacet
facet normal 0.757270705026 -0.653077037570 0.005609127186
outer loop
vertex 331.746612548828 173.443099975586 217.870101928711
vertex 334.730987548828 176.912094116211 218.857894897461
vertex 332.956298828125 174.880401611328 221.900802612305
endloop
endfacet
facet normal 0.319578117106 -0.592057570913 0.739822721868
outer loop
vertex 364.739288330078 208.927902221680 219.239196777344
vertex 366.959014892578 205.934600830078 215.884902954102
vertex 369.431091308594 210.156997680664 218.196105957031
endloop
endfacet
facet normal 0.466636995184 -0.582860843797 0.665224136283
outer loop
vertex 361.040191650391 214.326904296875 226.052703857422
vertex 361.780212402344 212.372299194336 223.820999145508
vertex 364.034790039063 214.388900756836 224.006393432617
endloop
endfacet
facet normal 0.391792610808 -0.598323909829 0.698932792937
outer loop
vertex 362.134887695313 209.276794433594 220.813705444336
vertex 363.274200439453 211.382904052734 221.977996826172
vertex 361.713012695313 210.259796142578 221.891693115234
endloop
endfacet
facet normal 0.479764810044 -0.605910420003 0.634585132173
outer loop
vertex 361.713012695313 210.259796142578 221.891693115234
vertex 361.334899902344 210.969406127930 222.855102539063
vertex 360.689514160156 210.014099121094 222.430892944336
endloop
endfacet
facet normal 0.374679725679 -0.554949073372 0.742729176166
outer loop
vertex 364.739288330078 208.927902221680 219.239196777344
vertex 362.134887695313 209.276794433594 220.813705444336
vertex 360.872406005859 206.766296386719 219.574798583984
endloop
endfacet
facet normal 0.253919346003 -0.574557384686 0.778080187017
outer loop
vertex 366.959014892578 205.934600830078 215.884902954102
vertex 373.584991455078 207.341400146484 214.761398315430
vertex 369.431091308594 210.156997680664 218.196105957031
endloop
endfacet
facet normal 0.357195749826 -0.592422682475 0.722112568507
outer loop
vertex 364.739288330078 208.927902221680 219.239196777344
vertex 363.274200439453 211.382904052734 221.977996826172
vertex 362.134887695313 209.276794433594 220.813705444336
endloop
endfacet
facet normal 0.387955780759 -0.473876417921 0.790526060744
outer loop
vertex 369.380310058594 220.706802368164 225.218307495117
vertex 367.012390136719 216.635406494141 223.939804077148
vertex 370.522003173828 216.516403198242 222.146102905273
endloop
endfacet
facet normal 0.254862443889 -0.524059153910 0.812654377886
outer loop
vertex 377.313201904297 212.914001464844 217.389495849609
vertex 374.205108642578 215.387893676758 219.959594726563
vertex 373.115600585938 211.898696899414 218.051193237305
endloop
endfacet
facet normal 0.532860575163 -0.536540519061 0.654357607767
outer loop
vertex 363.938690185547 218.221801757813 226.886001586914
vertex 358.931488037109 216.984893798828 229.949295043945
vertex 361.040191650391 214.326904296875 226.052703857422
endloop
endfacet
facet normal 0.288693960948 -0.545243151245 0.786997905291
outer loop
vertex 370.905792236328 213.462295532227 219.945098876953
vertex 369.431091308594 210.156997680664 218.196105957031
vertex 373.115600585938 211.898696899414 218.051193237305
endloop
endfacet
facet normal 0.600243162110 -0.523555831770 0.604646539195
outer loop
vertex 358.364196777344 213.155700683594 227.374603271484
vertex 356.704498291016 210.830902099609 227.009201049805
vertex 359.225891113281 210.563003540039 224.274200439453
endloop
endfacet
facet normal 0.518538150773 -0.614386121712 0.594683007694
outer loop
vertex 361.334899902344 210.969406127930 222.855102539063
vertex 359.225891113281 210.563003540039 224.274200439453
vertex 360.689514160156 210.014099121094 222.430892944336
endloop
endfacet
facet normal 0.597884393099 -0.559991949619 0.573535760743
outer loop
vertex 355.741302490234 208.009994506836 225.414001464844
vertex 357.398712158203 206.250305175781 221.968093872070
vertex 359.225891113281 210.563003540039 224.274200439453
endloop
endfacet
facet normal 0.389367323527 -0.609410034644 0.690660913217
outer loop
vertex 360.584808349609 203.454895019531 216.815093994141
vertex 363.209503173828 205.424392700195 217.073196411133
vertex 360.872406005859 206.766296386719 219.574798583984
endloop
endfacet
facet normal 0.624860283187 -0.645424208172 0.439291723119
outer loop
vertex 348.744201660156 191.138504028320 213.926498413086
vertex 351.648712158203 195.074798583984 215.578399658203
vertex 348.357208251953 193.531402587891 217.992706298828
endloop
endfacet
facet normal 0.313347308800 -0.612421492577 0.725777775560
outer loop
vertex 362.732696533203 201.662597656250 214.104797363281
vertex 366.959014892578 205.934600830078 215.884902954102
vertex 363.209503173828 205.424392700195 217.073196411133
endloop
endfacet
facet normal 0.673010619976 -0.575769698001 0.464269275597
outer loop
vertex 351.380706787109 200.605804443359 222.852600097656
vertex 348.948303222656 196.867797851563 221.742904663086
vertex 351.581390380859 197.920196533203 219.231094360352
endloop
endfacet
facet normal 0.644992710694 -0.644074234297 0.411281878846
outer loop
vertex 346.226593017578 187.895599365234 212.796295166016
vertex 348.744201660156 191.138504028320 213.926498413086
vertex 346.205505371094 189.622802734375 215.534194946289
endloop
endfacet
facet normal 0.728338359049 -0.633437332958 0.261305147198
outer loop
vertex 342.964385986328 185.308807373047 214.313095092773
vertex 341.143585205078 185.251205444336 219.248596191406
vertex 339.206695556641 181.551895141602 215.679702758789
endloop
endfacet
facet normal 0.766321639106 -0.580179759526 0.275939471759
outer loop
vertex 341.143585205078 185.251205444336 219.248596191406
vertex 342.964385986328 185.308807373047 214.313095092773
vertex 344.654998779297 189.839599609375 219.144302368164
endloop
endfacet
facet normal 0.655134348965 -0.755469704311 0.008031853671
outer loop
vertex 326.065185546875 167.956893920898 211.913406372070
vertex 330.691497802734 171.982406616211 213.195404052734
vertex 327.827911376953 169.544204711914 217.434295654297
endloop
endfacet
facet normal 0.700270503346 -0.710993392528 0.064106301763
outer loop
vertex 330.691497802734 171.982406616211 213.195404052734
vertex 331.746612548828 173.443099975586 217.870101928711
vertex 327.827911376953 169.544204711914 217.434295654297
endloop
endfacet
facet normal 0.365884234279 -0.382540652841 0.848405195664
outer loop
vertex 369.380310058594 220.706802368164 225.218307495117
vertex 374.569610595703 224.205505371094 224.557907104492
vertex 369.813293457031 226.322799682617 227.563796997070
endloop
endfacet
facet normal 0.341616191460 -0.493387031710 0.799917254891
outer loop
vertex 369.380310058594 220.706802368164 225.218307495117
vertex 370.522003173828 216.516403198242 222.146102905273
vertex 374.392700195313 219.507400512695 222.337905883789
endloop
endfacet
facet normal 0.639482600036 -0.566226192457 0.520047981659
outer loop
vertex 353.789306640625 204.405197143555 224.027603149414
vertex 351.380706787109 200.605804443359 222.852600097656
vertex 354.430114746094 201.934097290039 220.549102783203
endloop
endfacet
facet normal 0.520303311255 -0.557875171230 0.646575407530
outer loop
vertex 361.049987792969 208.580398559570 220.875396728516
vertex 361.128906250000 209.402603149414 221.521301269531
vertex 360.058105468750 208.654602050781 221.737594604492
endloop
endfacet
facet normal 0.794020207850 -0.536191008490 0.286410739918
outer loop
vertex 344.783905029297 192.291900634766 223.377899169922
vertex 342.472991943359 188.608200073242 222.888198852539
vertex 344.654998779297 189.839599609375 219.144302368164
endloop
endfacet
facet normal 0.647937584793 -0.627903572771 0.431177445507
outer loop
vertex 348.744201660156 191.138504028320 213.926498413086
vertex 348.357208251953 193.531402587891 217.992706298828
vertex 346.205505371094 189.622802734375 215.534194946289
endloop
endfacet
facet normal 0.605906684841 -0.591590556010 0.531881286854
outer loop
vertex 357.398712158203 206.250305175781 221.968093872070
vertex 353.789306640625 204.405197143555 224.027603149414
vertex 354.430114746094 201.934097290039 220.549102783203
endloop
endfacet
facet normal 0.340381811502 -0.521224209445 0.782601779890
outer loop
vertex 367.145690917969 213.115295410156 221.349395751953
vertex 370.905792236328 213.462295532227 219.945098876953
vertex 370.522003173828 216.516403198242 222.146102905273
endloop
endfacet
facet normal 0.676475436213 -0.620515778762 0.396662517146
outer loop
vertex 342.964385986328 185.308807373047 214.313095092773
vertex 346.226593017578 187.895599365234 212.796295166016
vertex 346.205505371094 189.622802734375 215.534194946289
endloop
endfacet
facet normal 0.533844497396 -0.527096935186 0.661195034402
outer loop
vertex 357.398712158203 206.250305175781 221.968093872070
vertex 360.872406005859 206.766296386719 219.574798583984
vertex 360.058105468750 208.654602050781 221.737594604492
endloop
endfacet
facet normal 0.728632341554 -0.641574761581 0.239743062765
outer loop
vertex 339.928497314453 181.164505004883 212.449295043945
vertex 342.964385986328 185.308807373047 214.313095092773
vertex 339.206695556641 181.551895141602 215.679702758789
endloop
endfacet
facet normal 0.822285255911 -0.535231881118 0.193323023320
outer loop
vertex 339.902496337891 185.017303466797 223.879898071289
vertex 341.143585205078 185.251205444336 219.248596191406
vertex 342.472991943359 188.608200073242 222.888198852539
endloop
endfacet
facet normal -0.208449996072 -0.795819814752 -0.568523897111
outer loop
vertex 279.441497802734 151.812103271484 215.754898071289
vertex 278.517089843750 150.020797729492 218.601303100586
vertex 275.767608642578 151.586593627930 217.417602539063
endloop
endfacet
facet normal -0.314545712645 -0.652293639017 -0.689618737531
outer loop
vertex 273.401489257813 136.171295166016 233.243103027344
vertex 272.265502929688 138.236404418945 231.807907104492
vertex 274.550811767578 137.683105468750 231.288894653320
endloop
endfacet
facet normal -0.669997613197 -0.572896457641 0.472115290085
outer loop
vertex 224.953094482422 198.938995361328 225.185592651367
vertex 222.470993041992 200.144104003906 223.125503540039
vertex 224.973007202148 196.377700805664 222.105804443359
endloop
endfacet
facet normal -0.969907023501 0.071320320816 -0.232795570408
outer loop
vertex 222.967895507813 221.715194702148 272.022613525391
vertex 224.022705078125 221.011795043945 267.412414550781
vertex 223.187606811523 216.517105102539 269.514709472656
endloop
endfacet
facet normal -0.821198178720 -0.501917765344 0.271499738672
outer loop
vertex 227.025207519531 197.971206665039 227.751693725586
vertex 228.820602416992 194.291305541992 226.379196166992
vertex 229.690994262695 194.776702880859 229.909194946289
endloop
endfacet
facet normal -0.655426322357 -0.556795470148 0.510289271281
outer loop
vertex 223.031005859375 202.725906372070 226.661895751953
vertex 219.996704101563 204.030807495117 224.188400268555
vertex 222.470993041992 200.144104003906 223.125503540039
endloop
endfacet
facet normal -0.676107211629 -0.530434324400 -0.511388761982
outer loop
vertex 257.021301269531 150.685897827148 232.375106811523
vertex 254.633895874023 151.101806640625 235.100097656250
vertex 254.009201049805 154.109405517578 232.806396484375
endloop
endfacet
facet normal -0.986158154084 0.131404281927 -0.101118790660
outer loop
vertex 224.543792724609 227.343002319336 267.507995605469
vertex 224.795806884766 231.508407592773 270.463195800781
vertex 225.067306518555 231.236694335938 267.462310791016
endloop
endfacet
facet normal -0.720158710556 -0.545963352077 0.428130178566
outer loop
vertex 225.544097900391 202.173004150391 230.184097290039
vertex 223.031005859375 202.725906372070 226.661895751953
vertex 225.152694702148 200.511093139648 227.406402587891
endloop
endfacet
facet normal -0.771798273388 -0.345208337807 0.534002461327
outer loop
vertex 219.064697265625 215.601699829102 233.168502807617
vertex 221.517700195313 216.826293945313 237.505493164063
vertex 219.113296508789 219.161193847656 235.539794921875
endloop
endfacet
facet normal -0.974058695041 -0.211178239034 0.081322874850
outer loop
vertex 225.013198852539 218.513595581055 248.560806274414
vertex 226.188598632813 213.316192626953 249.142807006836
vertex 225.427505493164 217.601303100586 251.154205322266
endloop
endfacet
facet normal -0.982209980859 -0.152681452332 0.109324871894
outer loop
vertex 224.313796997070 223.219894409180 248.849899291992
vertex 225.013198852539 218.513595581055 248.560806274414
vertex 224.937500000000 221.125396728516 251.528305053711
endloop
endfacet
facet normal -0.861021144502 -0.356395665964 0.362801210034
outer loop
vertex 225.455200195313 210.642700195313 240.185501098633
vertex 223.973297119141 215.540206909180 241.479598999023
vertex 223.601196289063 213.013793945313 238.114700317383
endloop
endfacet
facet normal -0.816552084034 -0.376284129277 0.437781849914
outer loop
vertex 223.601196289063 213.013793945313 238.114700317383
vertex 221.517700195313 216.826293945313 237.505493164063
vertex 222.127593994141 212.554199218750 234.971099853516
endloop
endfacet
facet normal -0.737473698893 -0.452480937295 0.501391608252
outer loop
vertex 222.127593994141 212.554199218750 234.971099853516
vertex 220.671798706055 211.092803955078 231.511001586914
vertex 222.988693237305 209.173904418945 233.187103271484
endloop
endfacet
facet normal -0.823187336377 -0.236096918412 0.516353420000
outer loop
vertex 221.554000854492 225.011795043945 242.114807128906
vertex 220.120498657227 221.589797973633 238.264801025391
vertex 222.233901977539 219.927307128906 240.873901367188
endloop
endfacet
facet normal -0.955118202204 -0.157356434365 0.250974445678
outer loop
vertex 223.716293334961 220.450897216797 244.839904785156
vertex 225.013198852539 218.513595581055 248.560806274414
vertex 224.313796997070 223.219894409180 248.849899291992
endloop
endfacet
facet normal -0.254721332423 -0.696644839782 -0.670673549511
outer loop
vertex 276.311187744141 138.266799926758 230.014007568359
vertex 276.614196777344 136.514099121094 231.719497680664
vertex 274.550811767578 137.683105468750 231.288894653320
endloop
endfacet
facet normal -0.269178336784 -0.679311295837 -0.682699924091
outer loop
vertex 274.421905517578 139.331100463867 229.699905395508
vertex 276.311187744141 138.266799926758 230.014007568359
vertex 274.550811767578 137.683105468750 231.288894653320
endloop
endfacet
facet normal -0.251042580771 -0.655765952976 -0.712003256704
outer loop
vertex 277.261810302734 139.892105102539 228.181900024414
vertex 276.311187744141 138.266799926758 230.014007568359
vertex 274.421905517578 139.331100463867 229.699905395508
endloop
endfacet
facet normal -0.219312497017 -0.644710696478 -0.732291025821
outer loop
vertex 278.485198974609 142.108596801758 225.864105224609
vertex 277.261810302734 139.892105102539 228.181900024414
vertex 274.814697265625 141.680694580078 227.340103149414
endloop
endfacet
facet normal -0.244804772372 -0.666397098795 -0.704262401483
outer loop
vertex 277.261810302734 139.892105102539 228.181900024414
vertex 274.421905517578 139.331100463867 229.699905395508
vertex 274.814697265625 141.680694580078 227.340103149414
endloop
endfacet
facet normal -0.205718378548 -0.676038641035 -0.707567455834
outer loop
vertex 278.485198974609 142.108596801758 225.864105224609
vertex 274.814697265625 141.680694580078 227.340103149414
vertex 276.232788085938 143.325500488281 225.356292724609
endloop
endfacet
facet normal -0.189973310573 -0.656326725906 -0.730168042392
outer loop
vertex 277.995086669922 143.932800292969 224.351898193359
vertex 278.485198974609 142.108596801758 225.864105224609
vertex 276.232788085938 143.325500488281 225.356292724609
endloop
endfacet
facet normal -0.212571556383 -0.625172267334 -0.750981337700
outer loop
vertex 277.995086669922 143.932800292969 224.351898193359
vertex 276.232788085938 143.325500488281 225.356292724609
vertex 276.068389892578 145.029602050781 223.984207153320
endloop
endfacet
facet normal -0.194313175258 -0.601191058970 -0.775120442599
outer loop
vertex 279.050201416016 145.600906372070 222.793594360352
vertex 277.995086669922 143.932800292969 224.351898193359
vertex 276.068389892578 145.029602050781 223.984207153320
endloop
endfacet
facet normal -0.181028996508 -0.629639310480 -0.755501714837
outer loop
vertex 279.050201416016 145.600906372070 222.793594360352
vertex 276.068389892578 145.029602050781 223.984207153320
vertex 276.120086669922 146.935897827148 222.383102416992
endloop
endfacet
facet normal -0.146037923885 -0.706866909728 -0.692106998027
outer loop
vertex 281.161712646484 148.743301391602 219.475296020508
vertex 281.912292480469 146.948593139648 221.149902343750
vertex 278.436401367188 147.990402221680 220.819305419922
endloop
endfacet
facet normal -0.123796937190 -0.650756131696 -0.749126675137
outer loop
vertex 281.912292480469 146.948593139648 221.149902343750
vertex 279.050201416016 145.600906372070 222.793594360352
vertex 278.436401367188 147.990402221680 220.819305419922
endloop
endfacet
facet normal -0.195604146307 -0.654019314719 -0.730751499432
outer loop
vertex 279.050201416016 145.600906372070 222.793594360352
vertex 276.120086669922 146.935897827148 222.383102416992
vertex 278.436401367188 147.990402221680 220.819305419922
endloop
endfacet
facet normal -0.130039746611 -0.728989458832 -0.672059545884
outer loop
vertex 278.517089843750 150.020797729492 218.601303100586
vertex 281.161712646484 148.743301391602 219.475296020508
vertex 278.436401367188 147.990402221680 220.819305419922
endloop
endfacet
facet normal -0.336905883492 -0.655228627337 -0.676143380938
outer loop
vertex 270.852996826172 136.971405029297 233.737594604492
vertex 272.265502929688 138.236404418945 231.807907104492
vertex 273.401489257813 136.171295166016 233.243103027344
endloop
endfacet
facet normal -0.719884256246 -0.155181339207 0.676524507738
outer loop
vertex 215.304794311523 225.775695800781 234.545700073242
vertex 218.490295410156 226.043502807617 237.996795654297
vertex 216.262603759766 230.269104003906 236.595596313477
endloop
endfacet
facet normal -0.552936909778 0.180316340530 0.813478205696
outer loop
vertex 214.217528700829 243.093520402908 233.942042975856
vertex 211.737826255341 243.049412486097 232.266318144283
vertex 214.680801391602 239.108306884766 235.140304565430
endloop
endfacet
facet normal -0.692616314426 -0.287324753508 0.661609497372
outer loop
vertex 217.534698486328 222.305801391602 235.373199462891
vertex 218.490295410156 226.043502807617 237.996795654297
vertex 215.304794311523 225.775695800781 234.545700073242
endloop
endfacet
facet normal -0.728602342613 -0.163558470887 0.665121983504
outer loop
vertex 218.490295410156 226.043502807617 237.996795654297
vertex 219.968093872070 231.126998901367 240.865707397461
vertex 216.262603759766 230.269104003906 236.595596313477
endloop
endfacet
facet normal -0.626616835379 -0.208944489262 0.750795273045
outer loop
vertex 212.545898437500 229.182403564453 233.191192626953
vertex 215.304794311523 225.775695800781 234.545700073242
vertex 216.262603759766 230.269104003906 236.595596313477
endloop
endfacet
facet normal -0.752512579585 -0.238504147361 0.613873430975
outer loop
vertex 220.120498657227 221.589797973633 238.264801025391
vertex 218.490295410156 226.043502807617 237.996795654297
vertex 217.534698486328 222.305801391602 235.373199462891
endloop
endfacet
facet normal -0.740554356616 -0.448060198242 0.500820630215
outer loop
vertex 222.127593994141 212.554199218750 234.971099853516
vertex 219.064697265625 215.601699829102 233.168502807617
vertex 220.671798706055 211.092803955078 231.511001586914
endloop
endfacet
facet normal -0.624460149578 -0.471252118425 0.622873151187
outer loop
vertex 215.402297973633 213.112701416016 227.318695068359
vertex 217.769104003906 212.876205444336 229.512603759766
vertex 214.884094238281 217.079406738281 229.800292968750
endloop
endfacet
facet normal -0.904112859908 -0.340558187414 0.258069869481
outer loop
vertex 223.973297119141 215.540206909180 241.479598999023
vertex 225.637603759766 212.375793457031 243.134399414063
vertex 225.224594116211 215.252899169922 245.484207153320
endloop
endfacet
facet normal -0.951968867768 -0.290385294051 0.097116712253
outer loop
vertex 226.188598632813 213.316192626953 249.142807006836
vertex 225.224594116211 215.252899169922 245.484207153320
vertex 226.469406127930 211.159896850586 245.447906494141
endloop
endfacet
facet normal -0.825620143179 -0.316609649432 0.467022171918
outer loop
vertex 220.120498657227 221.589797973633 238.264801025391
vertex 221.517700195313 216.826293945313 237.505493164063
vertex 222.233901977539 219.927307128906 240.873901367188
endloop
endfacet
facet normal -0.799227000525 -0.459604749513 0.387297916152
outer loop
vertex 227.033706665039 201.146499633789 232.039901733398
vertex 225.544097900391 202.173004150391 230.184097290039
vertex 227.796600341797 199.059692382813 231.137802124023
endloop
endfacet
facet normal -0.822314766831 -0.459857205747 0.335156343480
outer loop
vertex 227.025207519531 197.971206665039 227.751693725586
vertex 229.690994262695 194.776702880859 229.909194946289
vertex 227.796600341797 199.059692382813 231.137802124023
endloop
endfacet
facet normal -0.983405574221 -0.147891657711 0.105078704644
outer loop
vertex 225.013198852539 218.513595581055 248.560806274414
vertex 225.427505493164 217.601303100586 251.154205322266
vertex 224.937500000000 221.125396728516 251.528305053711
endloop
endfacet
facet normal -0.269758698772 -0.645926331370 -0.714149437359
outer loop
vertex 276.614196777344 136.514099121094 231.719497680664
vertex 275.869037067100 135.131179794062 233.251778270775
vertex 274.275117980416 135.530248728325 233.492910444368
endloop
endfacet
facet normal -0.248867464404 -0.689730573151 -0.679953470189
outer loop
vertex 276.614196777344 136.514099121094 231.719497680664
vertex 273.401489257813 136.171295166016 233.243103027344
vertex 274.550811767578 137.683105468750 231.288894653320
endloop
endfacet
facet normal -0.314911769258 -0.671436738080 -0.670822841248
outer loop
vertex 272.265502929688 138.236404418945 231.807907104492
vertex 274.421905517578 139.331100463867 229.699905395508
vertex 274.550811767578 137.683105468750 231.288894653320
endloop
endfacet
facet normal -0.264305446281 -0.641117404174 -0.720493653776
outer loop
vertex 274.814697265625 141.680694580078 227.340103149414
vertex 273.781402587891 144.011199951172 225.645401000977
vertex 276.232788085938 143.325500488281 225.356292724609
endloop
endfacet
facet normal -0.260802677903 -0.620581204964 -0.739500460611
outer loop
vertex 276.232788085938 143.325500488281 225.356292724609
vertex 273.781402587891 144.011199951172 225.645401000977
vertex 276.068389892578 145.029602050781 223.984207153320
endloop
endfacet
facet normal -0.929857002704 0.366390396428 -0.033526585382
outer loop
vertex 227.857369121960 241.833665194350 271.147429208554
vertex 227.153396606445 239.860107421875 269.104309082031
vertex 226.613800048828 238.723205566406 271.645507812500
endloop
endfacet
facet normal -0.691372638212 -0.475590307078 0.543891289639
outer loop
vertex 220.671798706055 211.092803955078 231.511001586914
vertex 219.434295654297 209.280593872070 228.353302001953
vertex 222.467300415039 206.716003417969 229.966201782227
endloop
endfacet
facet normal -0.639041229761 -0.506549310469 0.578821304660
outer loop
vertex 219.434295654297 209.280593872070 228.353302001953
vertex 217.033203125000 210.728698730469 226.969696044922
vertex 218.000595092773 207.776794433594 225.454406738281
endloop
endfacet
facet normal -0.848579857632 -0.488912937005 0.202179042561
outer loop
vertex 231.052505493164 190.833297729492 226.561904907227
vertex 233.433593750000 187.289306640625 227.985595703125
vertex 231.891906738281 190.808395385742 230.024795532227
endloop
endfacet
facet normal -0.998352365954 0.055407622683 -0.014918067658
outer loop
vertex 225.029403686523 226.617294311523 260.120300292969
vertex 224.797103881836 223.099792480469 262.601898193359
vertex 225.130905151367 229.462707519531 263.895812988281
endloop
endfacet
facet normal -0.875432023170 -0.019251215044 -0.482957724368
outer loop
vertex 226.342605590820 187.199295043945 261.670104980469
vertex 225.378494262695 191.361206054688 263.251800537109
vertex 227.258102416992 188.672607421875 259.951904296875
endloop
endfacet
facet normal -0.801980720032 -0.425542982707 0.419213662189
outer loop
vertex 224.611801147461 209.227493286133 236.346603393555
vertex 222.127593994141 212.554199218750 234.971099853516
vertex 222.988693237305 209.173904418945 233.187103271484
endloop
endfacet
facet normal -0.127219172536 -0.692527041748 -0.710085613561
outer loop
vertex 280.326599121094 135.855804443359 231.418594360352
vertex 278.917205810547 138.091903686523 229.490295410156
vertex 282.553497314453 138.026702880859 228.902404785156
endloop
endfacet
facet normal -0.836744718539 -0.507378984719 -0.205972915359
outer loop
vertex 239.690902709961 175.819305419922 231.139892578125
vertex 242.756698608398 170.969604492188 230.631805419922
vertex 240.795700073242 172.366806030273 235.156402587891
endloop
endfacet
facet normal -0.823192387262 -0.452537643642 0.342876033925
outer loop
vertex 224.849700927734 205.956695556641 233.214492797852
vertex 226.731994628906 202.765304565430 233.521499633789
vertex 226.445404052734 205.277801513672 236.149505615234
endloop
endfacet
facet normal -0.838590918501 -0.407356533368 0.361698667581
outer loop
vertex 224.611801147461 209.227493286133 236.346603393555
vertex 224.849700927734 205.956695556641 233.214492797852
vertex 226.445404052734 205.277801513672 236.149505615234
endloop
endfacet
facet normal -0.807783224088 -0.505330626391 0.303524662776
outer loop
vertex 228.820602416992 194.291305541992 226.379196166992
vertex 229.197494506836 192.001800537109 223.570495605469
vertex 231.052505493164 190.833297729492 226.561904907227
endloop
endfacet
facet normal -0.883995948517 -0.453366663784 0.114060646913
outer loop
vertex 231.891906738281 190.808395385742 230.024795532227
vertex 233.433593750000 187.289306640625 227.985595703125
vertex 233.354095458984 188.390304565430 231.745697021484
endloop
endfacet
facet normal -0.423857449084 -0.646573334365 -0.634261607024
outer loop
vertex 265.109008789063 149.505996704102 225.715393066406
vertex 266.449584960938 150.614807128906 223.689193725586
vertex 269.078308105469 148.502807617188 224.085494995117
endloop
endfacet
facet normal -0.453162255166 -0.620919493883 -0.639611563848
outer loop
vertex 266.449584960938 150.614807128906 223.689193725586
vertex 265.109008789063 149.505996704102 225.715393066406
vertex 263.637786865234 152.608093261719 223.746307373047
endloop
endfacet
facet normal -0.513969623006 -0.560526857391 -0.649341873570
outer loop
vertex 263.341491699219 147.852798461914 228.541503906250
vertex 261.447387695313 151.101699829102 227.236206054688
vertex 265.109008789063 149.505996704102 225.715393066406
endloop
endfacet
facet normal -0.484190787056 -0.588765300245 -0.647236203373
outer loop
vertex 263.341491699219 147.852798461914 228.541503906250
vertex 265.109008789063 149.505996704102 225.715393066406
vertex 266.669006347656 146.575103759766 227.214492797852
endloop
endfacet
facet normal -0.541032957216 -0.569192255538 -0.619115106779
outer loop
vertex 261.965698242188 146.295501708984 231.175506591797
vertex 263.341491699219 147.852798461914 228.541503906250
vertex 264.618896484375 145.030197143555 230.020202636719
endloop
endfacet
facet normal -0.483660496564 -0.567825327280 -0.666068256084
outer loop
vertex 263.341491699219 147.852798461914 228.541503906250
vertex 266.669006347656 146.575103759766 227.214492797852
vertex 264.618896484375 145.030197143555 230.020202636719
endloop
endfacet
facet normal -0.528901376133 -0.590895231540 -0.609184832106
outer loop
vertex 262.678314208984 143.586593627930 233.105300903320
vertex 264.618896484375 145.030197143555 230.020202636719
vertex 265.537597656250 142.423095703125 231.751403808594
endloop
endfacet
facet normal -0.541465023495 -0.577620922355 -0.610876172714
outer loop
vertex 262.678314208984 143.586593627930 233.105300903320
vertex 261.965698242188 146.295501708984 231.175506591797
vertex 264.618896484375 145.030197143555 230.020202636719
endloop
endfacet
facet normal -0.529211211707 -0.581267174681 -0.618113229951
outer loop
vertex 262.678314208984 143.586593627930 233.105300903320
vertex 265.537597656250 142.423095703125 231.751403808594
vertex 264.182312011719 140.407501220703 234.807205200195
endloop
endfacet
facet normal -0.559287135596 -0.581093100296 -0.591209530323
outer loop
vertex 262.678314208984 143.586593627930 233.105300903320
vertex 264.182312011719 140.407501220703 234.807205200195
vertex 261.102203369141 141.248703002930 236.894195556641
endloop
endfacet
facet normal -0.604926041502 -0.540237741202 -0.584985185534
outer loop
vertex 258.848510742188 146.514404296875 234.361801147461
vertex 262.678314208984 143.586593627930 233.105300903320
vertex 261.102203369141 141.248703002930 236.894195556641
endloop
endfacet
facet normal -0.567092265993 -0.545591257714 -0.617038525018
outer loop
vertex 264.182312011719 140.407501220703 234.807205200195
vertex 263.882249593735 139.484137296677 235.899426080848
vertex 261.214343287527 141.079050734215 236.941140946696
endloop
endfacet
facet normal -0.495033253312 -0.741933201960 -0.452191554481
outer loop
vertex 264.565307617188 154.276000976563 220.881500244141
vertex 260.779113769531 156.257598876953 221.775100708008
vertex 263.601409912109 155.987792968750 219.128097534180
endloop
endfacet
facet normal -0.180240707605 -0.839768896877 -0.512153772963
outer loop
vertex 275.568511962891 153.319900512695 214.645599365234
vertex 279.441497802734 151.812103271484 215.754898071289
vertex 275.767608642578 151.586593627930 217.417602539063
endloop
endfacet
facet normal -0.460121711898 -0.787343342952 -0.410339457705
outer loop
vertex 260.779113769531 156.257598876953 221.775100708008
vertex 260.995300292969 158.165695190430 217.871505737305
vertex 263.601409912109 155.987792968750 219.128097534180
endloop
endfacet
facet normal -0.455520995805 -0.734549993682 -0.502928353906
outer loop
vertex 267.977508544922 151.892196655273 221.272598266602
vertex 264.565307617188 154.276000976563 220.881500244141
vertex 266.809387207031 154.555999755859 218.440002441406
endloop
endfacet
facet normal -0.433123963694 -0.710888290485 -0.554113228974
outer loop
vertex 263.637786865234 152.608093261719 223.746307373047
vertex 264.565307617188 154.276000976563 220.881500244141
vertex 267.977508544922 151.892196655273 221.272598266602
endloop
endfacet
facet normal -0.667310269035 -0.722890879492 -0.179236662512
outer loop
vertex 248.989196777344 166.669799804688 220.253005981445
vertex 251.332595825195 164.162902832031 221.639099121094
vertex 248.419692993164 166.408493041992 223.427200317383
endloop
endfacet
facet normal -0.709386908743 -0.682622626638 -0.175489496286
outer loop
vertex 246.102600097656 169.076599121094 222.415206909180
vertex 248.419692993164 166.408493041992 223.427200317383
vertex 246.203002929688 168.239501953125 225.265502929688
endloop
endfacet
facet normal -0.988954125345 -0.075990329337 -0.127260393725
outer loop
vertex 224.855804443359 216.672698974609 262.132812500000
vertex 225.177398681641 218.112197875977 258.774108886719
vertex 225.639801025391 213.033599853516 258.213287353516
endloop
endfacet
facet normal -0.901076507945 -0.170158567498 -0.398882424704
outer loop
vertex 229.731903076172 185.324600219727 255.709594726563
vertex 232.206604003906 180.710403442383 252.087600708008
vertex 231.521499633789 179.468597412109 254.164993286133
endloop
endfacet
facet normal -0.967516969411 -0.212479970924 -0.136978742355
outer loop
vertex 228.646697998047 203.146102905273 248.625793457031
vertex 230.211807250977 198.172698974609 245.285705566406
vertex 229.295806884766 199.477798461914 249.731201171875
endloop
endfacet
facet normal -0.874819481387 -0.017375144750 -0.484137355852
outer loop
vertex 225.378494262695 191.361206054688 263.251800537109
vertex 225.921096801758 193.791595458984 262.184112548828
vertex 227.258102416992 188.672607421875 259.951904296875
endloop
endfacet
facet normal -0.858592030869 -0.450139708650 0.245344588744
outer loop
vertex 229.690994262695 194.776702880859 229.909194946289
vertex 229.311798095703 197.551300048828 233.672805786133
vertex 227.796600341797 199.059692382813 231.137802124023
endloop
endfacet
facet normal -0.922075091716 -0.367936245485 -0.120001852050
outer loop
vertex 236.695404052734 181.118499755859 233.895095825195
vertex 235.453704833984 182.610992431641 238.860000610352
vertex 234.208694458008 186.783004760742 235.634704589844
endloop
endfacet
facet normal -0.591754917067 -0.752498993268 -0.289087155125
outer loop
vertex 256.945098876953 160.853607177734 217.932800292969
vertex 257.816802978516 159.127700805664 220.641006469727
vertex 254.641098022461 161.420806884766 221.172607421875
endloop
endfacet
facet normal -0.684563152143 -0.279361976090 0.673297985326
outer loop
vertex 214.841400146484 221.771606445313 232.413192749023
vertex 217.534698486328 222.305801391602 235.373199462891
vertex 215.304794311523 225.775695800781 234.545700073242
endloop
endfacet
facet normal -0.742134913877 0.295339085386 0.601673162314
outer loop
vertex 223.424253291173 242.542105446511 242.474481790273
vertex 222.945297241211 239.848907470703 243.205703735352
vertex 224.065909844691 242.447757300623 243.312246307241
endloop
endfacet
facet normal -0.848010154590 -0.504382328019 0.162718299197
outer loop
vertex 233.433593750000 187.289306640625 227.985595703125
vertex 231.052505493164 190.833297729492 226.561904907227
vertex 232.585693359375 187.870407104492 225.367996215820
endloop
endfacet
facet normal -0.695965580471 0.228997805369 0.680582042032
outer loop
vertex 220.782104492188 238.088806152344 241.091506958008
vertex 222.054992675781 241.834899902344 241.132705688477
vertex 219.029693603516 240.664596557617 238.432800292969
endloop
endfacet
facet normal -0.611239645996 0.252641307219 0.750038975687
outer loop
vertex 217.786803579098 243.021010787805 236.626185871684
vertex 219.029693603516 240.664596557617 238.432800292969
vertex 219.337895512581 242.934495210648 237.919380391275
endloop
endfacet
facet normal -0.696825578801 0.316754003154 0.643506809765
outer loop
vertex 222.054992675781 241.834899902344 241.132705688477
vertex 221.735039168971 242.732793092728 240.344271063805
vertex 220.297403455714 242.850246238986 238.729703701829
endloop
endfacet
facet normal -0.560067933664 -0.731629516994 -0.388641427981
outer loop
vertex 260.995300292969 158.165695190430 217.871505737305
vertex 260.779113769531 156.257598876953 221.775100708008
vertex 257.816802978516 159.127700805664 220.641006469727
endloop
endfacet
facet normal -0.653113601942 -0.683038612464 -0.326956995399
outer loop
vertex 252.701904296875 162.067092895508 223.696105957031
vertex 254.641098022461 161.420806884766 221.172607421875
vertex 255.675903320312 158.889892578125 224.392807006836
endloop
endfacet
facet normal -0.582706062647 -0.762599491140 -0.280883713780
outer loop
vertex 253.321304321289 163.357299804688 218.652999877930
vertex 256.945098876953 160.853607177734 217.932800292969
vertex 254.641098022461 161.420806884766 221.172607421875
endloop
endfacet
facet normal -0.432672996314 -0.654811490092 -0.619690237703
outer loop
vertex 269.078308105469 148.502807617188 224.085494995117
vertex 266.449584960938 150.614807128906 223.689193725586
vertex 267.977508544922 151.892196655273 221.272598266602
endloop
endfacet
facet normal -0.746583098534 -0.483724567212 0.456754003879
outer loop
vertex 223.031005859375 202.725906372070 226.661895751953
vertex 225.544097900391 202.173004150391 230.184097290039
vertex 222.467300415039 206.716003417969 229.966201782227
endloop
endfacet
facet normal -0.440697090431 -0.751320628584 -0.491226411697
outer loop
vertex 264.565307617188 154.276000976563 220.881500244141
vertex 263.601409912109 155.987792968750 219.128097534180
vertex 266.809387207031 154.555999755859 218.440002441406
endloop
endfacet
facet normal -0.462276199557 -0.787899604784 -0.406835259171
outer loop
vertex 260.995300292969 158.165695190430 217.871505737305
vertex 264.830413818359 156.563995361328 216.615707397461
vertex 263.601409912109 155.987792968750 219.128097534180
endloop
endfacet
facet normal -0.470366704879 -0.597181701840 -0.649714689636
outer loop
vertex 264.618896484375 145.030197143555 230.020202636719
vertex 267.524597167969 143.819396972656 229.029495239258
vertex 265.537597656250 142.423095703125 231.751403808594
endloop
endfacet
facet normal -0.469083736698 -0.582724340150 -0.663620969653
outer loop
vertex 266.669006347656 146.575103759766 227.214492797852
vertex 267.524597167969 143.819396972656 229.029495239258
vertex 264.618896484375 145.030197143555 230.020202636719
endloop
endfacet
facet normal -0.466911723473 -0.628763958152 -0.621811327826
outer loop
vertex 264.182312011719 140.407501220703 234.807205200195
vertex 265.537597656250 142.423095703125 231.751403808594
vertex 266.597198486328 140.398895263672 233.002593994141
endloop
endfacet
facet normal -0.440977061709 -0.627489720440 -0.641713239530
outer loop
vertex 265.537597656250 142.423095703125 231.751403808594
vertex 268.287811279297 141.445007324219 230.817901611328
vertex 266.597198486328 140.398895263672 233.002593994141
endloop
endfacet
facet normal -0.471183949091 -0.619790439844 -0.627571108956
outer loop
vertex 264.182312011719 140.407501220703 234.807205200195
vertex 266.597198486328 140.398895263672 233.002593994141
vertex 266.539215087891 138.888702392578 234.537597656250
endloop
endfacet
facet normal -0.570661905106 -0.403475166705 0.715229179992
outer loop
vertex 214.884094238281 217.079406738281 229.800292968750
vertex 214.841400146484 221.771606445313 232.413192749023
vertex 212.049392700195 221.090499877930 229.801300048828
endloop
endfacet
facet normal -0.656828786404 -0.626986938130 -0.418883426224
outer loop
vertex 255.675903320312 158.889892578125 224.392807006836
vertex 252.852996826172 159.361404418945 228.113494873047
vertex 251.713394165039 161.753997802734 226.319198608398
endloop
endfacet
facet normal -0.699222177039 -0.611177691938 -0.370877575507
outer loop
vertex 251.713394165039 161.753997802734 226.319198608398
vertex 252.852996826172 159.361404418945 228.113494873047
vertex 250.282196044922 161.878494262695 228.812301635742
endloop
endfacet
facet normal -0.706834376142 -0.683280032178 -0.183067097892
outer loop
vertex 246.102600097656 169.076599121094 222.415206909180
vertex 248.989196777344 166.669799804688 220.253005981445
vertex 248.419692993164 166.408493041992 223.427200317383
endloop
endfacet
facet normal -0.728396538166 -0.642264591071 -0.238609887148
outer loop
vertex 246.203002929688 168.239501953125 225.265502929688
vertex 248.419692993164 166.408493041992 223.427200317383
vertex 247.791793823242 166.167404174805 225.992904663086
endloop
endfacet
facet normal -0.632959691644 -0.711976469589 -0.304058440939
outer loop
vertex 251.332595825195 164.162902832031 221.639099121094
vertex 254.641098022461 161.420806884766 221.172607421875
vertex 252.701904296875 162.067092895508 223.696105957031
endloop
endfacet
facet normal -0.670231792507 -0.694556037645 -0.261498097285
outer loop
vertex 251.332595825195 164.162902832031 221.639099121094
vertex 252.701904296875 162.067092895508 223.696105957031
vertex 250.097000122070 164.144302368164 224.855392456055
endloop
endfacet
facet normal -0.708485972291 -0.639707384701 -0.298030349169
outer loop
vertex 247.791793823242 166.167404174805 225.992904663086
vertex 250.097000122070 164.144302368164 224.855392456055
vertex 248.598007202148 164.395202636719 227.880294799805
endloop
endfacet
facet normal -0.704098044166 -0.669995796094 -0.235269159514
outer loop
vertex 247.791793823242 166.167404174805 225.992904663086
vertex 248.419692993164 166.408493041992 223.427200317383
vertex 250.097000122070 164.144302368164 224.855392456055
endloop
endfacet
facet normal -0.409699252741 -0.587068263485 -0.698210123324
outer loop
vertex 270.313598632813 144.949905395508 226.442398071289
vertex 267.524597167969 143.819396972656 229.029495239258
vertex 266.669006347656 146.575103759766 227.214492797852
endloop
endfacet
facet normal -0.440949675524 -0.626108827427 -0.643079404018
outer loop
vertex 267.524597167969 143.819396972656 229.029495239258
vertex 268.287811279297 141.445007324219 230.817901611328
vertex 265.537597656250 142.423095703125 231.751403808594
endloop
endfacet
facet normal -0.418748266720 -0.649242999823 -0.634927882755
outer loop
vertex 268.287811279297 141.445007324219 230.817901611328
vertex 269.118896484375 138.943298339844 232.827896118164
vertex 266.597198486328 140.398895263672 233.002593994141
endloop
endfacet
facet normal -0.414646835152 -0.640796519988 -0.646102021410
outer loop
vertex 266.597198486328 140.398895263672 233.002593994141
vertex 269.118896484375 138.943298339844 232.827896118164
vertex 266.539215087891 138.888702392578 234.537597656250
endloop
endfacet
facet normal -0.870960151357 -0.403377608531 0.280561792986
outer loop
vertex 229.311798095703 197.551300048828 233.672805786133
vertex 227.878692626953 200.401199340820 233.321395874023
vertex 227.796600341797 199.059692382813 231.137802124023
endloop
endfacet
facet normal -0.983253592340 -0.090545768294 0.158157633377
outer loop
vertex 224.660507202148 225.351104736328 252.225494384766
vertex 224.313796997070 223.219894409180 248.849899291992
vertex 224.937500000000 221.125396728516 251.528305053711
endloop
endfacet
facet normal -0.568926327244 -0.733866503259 -0.371164100585
outer loop
vertex 257.816802978516 159.127700805664 220.641006469727
vertex 260.779113769531 156.257598876953 221.775100708008
vertex 255.675903320312 158.889892578125 224.392807006836
endloop
endfacet
facet normal -0.597616341839 -0.321921846674 0.734316711373
outer loop
vertex 211.998199462891 224.885498046875 231.464401245117
vertex 214.841400146484 221.771606445313 232.413192749023
vertex 215.304794311523 225.775695800781 234.545700073242
endloop
endfacet
facet normal -0.861665058468 -0.384596415596 0.331087487118
outer loop
vertex 225.455200195313 210.642700195313 240.185501098633
vertex 223.601196289063 213.013793945313 238.114700317383
vertex 224.611801147461 209.227493286133 236.346603393555
endloop
endfacet
facet normal -0.853311285215 -0.412082010405 0.319449944790
outer loop
vertex 226.258407592773 207.486602783203 238.499298095703
vertex 224.611801147461 209.227493286133 236.346603393555
vertex 226.445404052734 205.277801513672 236.149505615234
endloop
endfacet
facet normal -0.798371173881 -0.416276428908 0.435106197900
outer loop
vertex 223.601196289063 213.013793945313 238.114700317383
vertex 222.127593994141 212.554199218750 234.971099853516
vertex 224.611801147461 209.227493286133 236.346603393555
endloop
endfacet
facet normal -0.834781747510 -0.549835603743 0.028639882701
outer loop
vertex 239.467605590820 176.880203247070 226.007095336914
vertex 237.276794433594 180.365798950195 229.067703247070
vertex 236.920394897461 180.691894531250 224.940002441406
endloop
endfacet
facet normal -0.793149111537 -0.484984435471 0.368381031295
outer loop
vertex 226.731994628906 202.765304565430 233.521499633789
vertex 225.544097900391 202.173004150391 230.184097290039
vertex 227.033706665039 201.146499633789 232.039901733398
endloop
endfacet
facet normal -0.812613766359 -0.523615012032 0.255902688339
outer loop
vertex 231.052505493164 190.833297729492 226.561904907227
vertex 231.571792602539 188.345901489258 223.121307373047
vertex 232.585693359375 187.870407104492 225.367996215820
endloop
endfacet
facet normal -0.897120497806 -0.407063816920 0.171679531021
outer loop
vertex 229.311798095703 197.551300048828 233.672805786133
vertex 231.646804809570 192.534103393555 233.978393554688
vertex 230.266098022461 197.036407470703 237.438705444336
endloop
endfacet
facet normal -0.940485329729 -0.141455670252 -0.308994559691
outer loop
vertex 229.502304077148 190.472106933594 254.599792480469
vertex 229.258499145508 194.874893188477 253.326293945313
vertex 231.071792602539 189.940093994141 250.066299438477
endloop
endfacet
facet normal -0.928465286839 0.049440207798 -0.368113945659
outer loop
vertex 221.267807006836 209.621597290039 273.723388671875
vertex 222.341598510742 212.933807373047 271.459899902344
vertex 223.273300170898 206.469192504883 268.241699218750
endloop
endfacet
facet normal -0.901611610499 0.084436902370 -0.424225073908
outer loop
vertex 222.470993041992 202.820297241211 269.862304687500
vertex 221.266873152345 202.737852931023 272.405028343201
vertex 221.023731529490 205.994598268534 273.569996725942
endloop
endfacet
facet normal -0.578589453140 0.152265217981 0.801279943658
outer loop
vertex 211.641263306224 243.045737247867 232.197290217191
vertex 211.641261447593 243.045733026927 232.197289677203
vertex 214.680801391602 239.108306884766 235.140304565430
endloop
endfacet
facet normal -0.460088333155 -0.631122586684 -0.624502206779
outer loop
vertex 266.449584960938 150.614807128906 223.689193725586
vertex 263.637786865234 152.608093261719 223.746307373047
vertex 267.977508544922 151.892196655273 221.272598266602
endloop
endfacet
facet normal -0.402115922958 -0.596854074583 -0.694311168106
outer loop
vertex 269.911499023438 142.690307617188 228.617706298828
vertex 267.524597167969 143.819396972656 229.029495239258
vertex 270.313598632813 144.949905395508 226.442398071289
endloop
endfacet
facet normal -0.369367564248 -0.665087003047 -0.649019938723
outer loop
vertex 268.287811279297 141.445007324219 230.817901611328
vertex 269.911499023438 142.690307617188 228.617706298828
vertex 271.519012451172 140.660995483398 229.782394409180
endloop
endfacet
facet normal -0.437368956056 -0.589908096600 -0.678761249516
outer loop
vertex 269.118896484375 138.943298339844 232.827896118164
vertex 267.219624515349 137.930172075646 234.932220702846
vertex 267.219611574475 137.930190306170 234.932213197414
endloop
endfacet
facet normal -0.363100497299 -0.836067812184 -0.411276843854
outer loop
vertex 266.809387207031 154.555999755859 218.440002441406
vertex 268.387603759766 155.419097900391 215.292098999023
vertex 271.467407226563 153.044296264648 217.400695800781
endloop
endfacet
facet normal -0.608295003067 -0.646707290303 -0.460159613517
outer loop
vertex 255.675903320312 158.889892578125 224.392807006836
vertex 259.102203369141 154.733703613281 225.704605102539
vertex 255.679306030273 156.579803466797 227.634902954102
endloop
endfacet
facet normal -0.672500579200 -0.577480130207 -0.462881918195
outer loop
vertex 257.283508300781 153.224197387695 229.490600585938
vertex 253.360794067383 156.981994628906 230.501602172852
vertex 255.679306030273 156.579803466797 227.634902954102
endloop
endfacet
facet normal -0.726140461046 -0.606125082036 -0.324549558247
outer loop
vertex 250.282196044922 161.878494262695 228.812301635742
vertex 247.921295166016 163.751998901367 230.595596313477
vertex 248.598007202148 164.395202636719 227.880294799805
endloop
endfacet
facet normal -0.366260565890 -0.748480414741 -0.552838372966
outer loop
vertex 267.977508544922 151.892196655273 221.272598266602
vertex 266.809387207031 154.555999755859 218.440002441406
vertex 271.467407226563 153.044296264648 217.400695800781
endloop
endfacet
facet normal -0.745571948438 -0.614313153603 -0.258344380648
outer loop
vertex 245.673400878906 167.755203247070 228.330902099609
vertex 247.791793823242 166.167404174805 225.992904663086
vertex 248.598007202148 164.395202636719 227.880294799805
endloop
endfacet
facet normal -0.674012778320 -0.659545840765 -0.332725199815
outer loop
vertex 252.701904296875 162.067092895508 223.696105957031
vertex 251.713394165039 161.753997802734 226.319198608398
vertex 250.097000122070 164.144302368164 224.855392456055
endloop
endfacet
facet normal -0.267100024757 -0.613029472558 -0.743540478084
outer loop
vertex 276.068389892578 145.029602050781 223.984207153320
vertex 273.781402587891 144.011199951172 225.645401000977
vertex 273.199584960938 146.485504150391 223.814407348633
endloop
endfacet
facet normal -0.952330473373 0.302386880572 -0.040358938818
outer loop
vertex 227.153396606445 239.860107421875 269.104309082031
vertex 227.401596069336 240.212295532227 265.886413574219
vertex 226.498397827148 237.515502929688 266.993194580078
endloop
endfacet
facet normal -0.340911543494 -0.599116260093 -0.724457746460
outer loop
vertex 270.313598632813 144.949905395508 226.442398071289
vertex 269.078308105469 148.502807617188 224.085494995117
vertex 273.199584960938 146.485504150391 223.814407348633
endloop
endfacet
facet normal -0.156309937884 -0.653961791373 -0.740203471178
outer loop
vertex 277.854667873284 134.751268726307 233.039197261021
vertex 277.854705810547 134.751602172852 233.038894653320
vertex 277.855516690369 134.751136808234 233.039134563172
endloop
endfacet
facet normal -0.363633281331 -0.634451172445 -0.682086905380
outer loop
vertex 270.852996826172 136.971405029297 233.737594604492
vertex 269.118896484375 138.943298339844 232.827896118164
vertex 272.265502929688 138.236404418945 231.807907104492
endloop
endfacet
facet normal -0.485210877404 -0.678185510267 -0.551937331690
outer loop
vertex 264.565307617188 154.276000976563 220.881500244141
vertex 263.637786865234 152.608093261719 223.746307373047
vertex 260.779113769531 156.257598876953 221.775100708008
endloop
endfacet
facet normal -0.931069182544 0.363433299013 -0.032037704131
outer loop
vertex 227.401596069336 240.212295532227 265.886413574219
vertex 227.153396606445 239.860107421875 269.104309082031
vertex 228.047478411386 241.999535559945 267.390310200909
endloop
endfacet
facet normal -0.338804654097 -0.831045327596 -0.441106642257
outer loop
vertex 268.387603759766 155.419097900391 215.292098999023
vertex 271.894287109375 154.669998168945 214.009994506836
vertex 271.467407226563 153.044296264648 217.400695800781
endloop
endfacet
facet normal -0.567092265993 -0.545591257715 -0.617038525018
outer loop
vertex 261.102203369141 141.248703002930 236.894195556641
vertex 264.182312011719 140.407501220703 234.807205200195
vertex 261.214340701825 141.079054646027 236.941139864237
endloop
endfacet
facet normal -0.460066887241 -0.597330098745 -0.656913397944
outer loop
vertex 264.878740320204 139.000222817920 235.599099755632
vertex 264.182312011719 140.407501220703 234.807205200195
vertex 266.539215087891 138.888702392578 234.537597656250
endloop
endfacet
facet normal -0.916765015092 -0.397701239916 0.037089498146
outer loop
vertex 231.646804809570 192.534103393555 233.978393554688
vertex 233.354095458984 188.390304565430 231.745697021484
vertex 234.208694458008 186.783004760742 235.634704589844
endloop
endfacet
facet normal -0.903804154006 -0.427381757629 0.021974631898
outer loop
vertex 233.354095458984 188.390304565430 231.745697021484
vertex 235.163604736328 184.524795532227 230.990005493164
vertex 234.208694458008 186.783004760742 235.634704589844
endloop
endfacet
facet normal -0.845334489054 -0.509489327308 0.160717848962
outer loop
vertex 234.201599121094 184.790603637695 224.104003906250
vertex 233.433593750000 187.289306640625 227.985595703125
vertex 232.585693359375 187.870407104492 225.367996215820
endloop
endfacet
facet normal -0.809878127306 -0.528978698239 0.253532948000
outer loop
vertex 231.571792602539 188.345901489258 223.121307373047
vertex 234.201599121094 184.790603637695 224.104003906250
vertex 232.585693359375 187.870407104492 225.367996215820
endloop
endfacet
facet normal -0.658921446864 -0.087058596935 0.747156829295
outer loop
vertex 213.344406127930 233.889694213867 234.443893432617
vertex 212.545898437500 229.182403564453 233.191192626953
vertex 216.262603759766 230.269104003906 236.595596313477
endloop
endfacet
facet normal -0.640722403816 -0.061609700221 0.765296704610
outer loop
vertex 217.785995483398 235.471099853516 238.289794921875
vertex 213.344406127930 233.889694213867 234.443893432617
vertex 216.262603759766 230.269104003906 236.595596313477
endloop
endfacet
facet normal -0.756071647662 0.008275250072 0.654436539198
outer loop
vertex 219.968093872070 231.126998901367 240.865707397461
vertex 217.785995483398 235.471099853516 238.289794921875
vertex 216.262603759766 230.269104003906 236.595596313477
endloop
endfacet
facet normal -0.916776114791 0.375874355248 0.135055634522
outer loop
vertex 227.625227304278 241.984814405441 253.749281167984
vertex 227.341154829581 241.995590351121 251.790967749650
vertex 226.810394287109 240.710693359375 251.764099121094
endloop
endfacet
facet normal -0.831683606065 0.205457976124 0.515838540098
outer loop
vertex 225.018005371094 240.716903686523 246.201797485352
vertex 222.945297241211 239.848907470703 243.205703735352
vertex 222.468994140625 235.637893676758 244.115005493164
endloop
endfacet
facet normal -0.876438825839 0.278459398831 0.392829922185
outer loop
vertex 225.018005371094 240.716903686523 246.201797485352
vertex 222.468994140625 235.637893676758 244.115005493164
vertex 224.468399047852 236.305099487305 248.102905273438
endloop
endfacet
facet normal -0.962374254172 0.249920401775 0.106656400108
outer loop
vertex 225.963394165039 236.063293457031 255.239807128906
vertex 226.377899169922 238.238296508789 253.883407592773
vertex 225.427795410156 234.936996459961 253.046203613281
endloop
endfacet
facet normal -0.766908388672 0.217147395095 0.603902750604
outer loop
vertex 222.945297241211 239.848907470703 243.205703735352
vertex 220.782104492188 238.088806152344 241.091506958008
vertex 222.468994140625 235.637893676758 244.115005493164
endloop
endfacet
facet normal -0.920064158712 0.391494577850 0.014626666303
outer loop
vertex 228.013397216797 241.728607177734 261.529205322266
vertex 228.084171843732 241.999595309989 258.727939059510
vertex 227.979598999023 241.759399414063 258.579010009766
endloop
endfacet
facet normal -0.975544100308 0.201378366879 0.088093482777
outer loop
vertex 225.887496948242 234.908599853516 257.038909912109
vertex 225.963394165039 236.063293457031 255.239807128906
vertex 225.508605957031 233.912292480469 255.120605468750
endloop
endfacet
facet normal -0.963713352545 0.241277483366 0.114200482254
outer loop
vertex 226.741500854492 238.337005615234 257.002288818359
vertex 225.963394165039 236.063293457031 255.239807128906
vertex 225.887496948242 234.908599853516 257.038909912109
endloop
endfacet
facet normal -0.938267432176 0.196662765920 0.284566305488
outer loop
vertex 225.613006591797 237.394805908203 251.123794555664
vertex 224.468399047852 236.305099487305 248.102905273438
vertex 224.844406127930 234.633804321289 250.497695922852
endloop
endfacet
facet normal -0.895886561376 0.106233356683 0.431395112483
outer loop
vertex 224.468399047852 236.305099487305 248.102905273438
vertex 222.468994140625 235.637893676758 244.115005493164
vertex 223.436599731445 233.684005737305 246.605606079102
endloop
endfacet
facet normal -0.975599429697 0.161741258160 0.148477332224
outer loop
vertex 225.115798950195 232.324996948242 253.841506958008
vertex 225.427795410156 234.936996459961 253.046203613281
vertex 224.703903198242 232.026702880859 251.460006713867
endloop
endfacet
facet normal -0.981687106349 -0.014287547323 0.189963920834
outer loop
vertex 224.082305908203 228.329498291016 249.461502075195
vertex 224.660507202148 225.351104736328 252.225494384766
vertex 224.777603149414 229.424606323242 253.136993408203
endloop
endfacet
facet normal -0.983589505967 0.077227667636 0.163056956620
outer loop
vertex 224.082305908203 228.329498291016 249.461502075195
vertex 224.777603149414 229.424606323242 253.136993408203
vertex 224.703903198242 232.026702880859 251.460006713867
endloop
endfacet
facet normal -0.984091761185 0.075708695951 0.160722117100
outer loop
vertex 224.777603149414 229.424606323242 253.136993408203
vertex 225.115798950195 232.324996948242 253.841506958008
vertex 224.703903198242 232.026702880859 251.460006713867
endloop
endfacet
facet normal -0.939260519535 0.086658522453 0.332084291905
outer loop
vertex 223.436599731445 233.684005737305 246.605606079102
vertex 222.717803955078 230.263000488281 245.465301513672
vertex 224.045394897461 232.537094116211 248.626800537109
endloop
endfacet
facet normal -0.914378793385 0.250847634891 0.317784339256
outer loop
vertex 225.018005371094 240.716903686523 246.201797485352
vertex 224.468399047852 236.305099487305 248.102905273438
vertex 225.789901733398 239.580307006836 249.320007324219
endloop
endfacet
facet normal -0.969937691362 0.241892493353 0.026625110972
outer loop
vertex 226.314804077148 236.404403686523 259.015899658203
vertex 226.741500854492 238.337005615234 257.002288818359
vertex 225.887496948242 234.908599853516 257.038909912109
endloop
endfacet
facet normal -0.977009443507 0.205869977180 0.055408481237
outer loop
vertex 225.704193115234 233.406204223633 259.388885498047
vertex 226.314804077148 236.404403686523 259.015899658203
vertex 225.887496948242 234.908599853516 257.038909912109
endloop
endfacet
facet normal -0.809908482856 0.144006328469 0.568603927844
outer loop
vertex 222.468994140625 235.637893676758 244.115005493164
vertex 220.782104492188 238.088806152344 241.091506958008
vertex 220.265502929688 235.082702636719 241.117004394531
endloop
endfacet
facet normal -0.924290757843 0.284668095264 0.254264961221
outer loop
vertex 225.613006591797 237.394805908203 251.123794555664
vertex 226.810394287109 240.710693359375 251.764099121094
vertex 225.789901733398 239.580307006836 249.320007324219
endloop
endfacet
facet normal -0.971830729787 0.037628986075 0.232656596832
outer loop
vertex 224.082305908203 228.329498291016 249.461502075195
vertex 224.703903198242 232.026702880859 251.460006713867
vertex 224.045394897461 232.537094116211 248.626800537109
endloop
endfacet
facet normal -0.846915834639 0.092347263587 0.523646399726
outer loop
vertex 219.968093872070 231.126998901367 240.865707397461
vertex 222.717803955078 230.263000488281 245.465301513672
vertex 222.468994140625 235.637893676758 244.115005493164
endloop
endfacet
facet normal -0.985798331390 0.165433165413 0.028870705059
outer loop
vertex 225.269195556641 231.347106933594 256.334686279297
vertex 225.704193115234 233.406204223633 259.388885498047
vertex 225.887496948242 234.908599853516 257.038909912109
endloop
endfacet
facet normal -0.982093851299 0.147266921433 0.117490940466
outer loop
vertex 225.269195556641 231.347106933594 256.334686279297
vertex 225.887496948242 234.908599853516 257.038909912109
vertex 225.508605957031 233.912292480469 255.120605468750
endloop
endfacet
facet normal -0.970840015780 0.197756276601 0.135506895862
outer loop
vertex 225.963394165039 236.063293457031 255.239807128906
vertex 225.427795410156 234.936996459961 253.046203613281
vertex 225.508605957031 233.912292480469 255.120605468750
endloop
endfacet
facet normal -0.922762688206 0.379442289141 0.067324367551
outer loop
vertex 227.979598999023 241.759399414063 258.579010009766
vertex 227.818629649910 241.976201534271 255.150824785233
vertex 227.806027654662 241.973743941955 254.991950117017
endloop
endfacet
facet normal -0.962958762366 0.248620852263 0.104393935661
outer loop
vertex 225.963394165039 236.063293457031 255.239807128906
vertex 226.741500854492 238.337005615234 257.002288818359
vertex 226.377899169922 238.238296508789 253.883407592773
endloop
endfacet
facet normal -0.914210684343 0.058422001363 0.401005853311
outer loop
vertex 222.468994140625 235.637893676758 244.115005493164
vertex 222.717803955078 230.263000488281 245.465301513672
vertex 223.436599731445 233.684005737305 246.605606079102
endloop
endfacet
facet normal -0.807603561528 0.023284823240 0.589265902979
outer loop
vertex 219.968093872070 231.126998901367 240.865707397461
vertex 222.468994140625 235.637893676758 244.115005493164
vertex 220.265502929688 235.082702636719 241.117004394531
endloop
endfacet
facet normal -0.937297197053 0.306380474744 0.166147431799
outer loop
vertex 226.377899169922 238.238296508789 253.883407592773
vertex 226.810394287109 240.710693359375 251.764099121094
vertex 225.613006591797 237.394805908203 251.123794555664
endloop
endfacet
facet normal -0.938920451129 0.329577876391 0.099029338309
outer loop
vertex 226.741500854492 238.337005615234 257.002288818359
vertex 227.806027654662 241.973743941955 254.991950117017
vertex 227.806027365303 241.973743185101 254.991949892411
endloop
endfacet
facet normal -0.981936378165 0.147647623505 0.118326364393
outer loop
vertex 225.115798950195 232.324996948242 253.841506958008
vertex 225.269195556641 231.347106933594 256.334686279297
vertex 225.508605957031 233.912292480469 255.120605468750
endloop
endfacet
facet normal -0.981911984223 0.151759105994 0.113216734571
outer loop
vertex 225.427795410156 234.936996459961 253.046203613281
vertex 225.115798950195 232.324996948242 253.841506958008
vertex 225.508605957031 233.912292480469 255.120605468750
endloop
endfacet
facet normal -0.957830533304 0.142239791682 0.249656786674
outer loop
vertex 224.844406127930 234.633804321289 250.497695922852
vertex 224.468399047852 236.305099487305 248.102905273438
vertex 224.045394897461 232.537094116211 248.626800537109
endloop
endfacet
facet normal -0.957971996085 0.143344064036 0.248479645088
outer loop
vertex 224.703903198242 232.026702880859 251.460006713867
vertex 224.844406127930 234.633804321289 250.497695922852
vertex 224.045394897461 232.537094116211 248.626800537109
endloop
endfacet
facet normal -0.935196724169 0.060997929141 0.348835691614
outer loop
vertex 222.717803955078 230.263000488281 245.465301513672
vertex 224.082305908203 228.329498291016 249.461502075195
vertex 224.045394897461 232.537094116211 248.626800537109
endloop
endfacet
facet normal -0.918649970114 0.153730392163 0.363935707145
outer loop
vertex 224.468399047852 236.305099487305 248.102905273438
vertex 223.436599731445 233.684005737305 246.605606079102
vertex 224.045394897461 232.537094116211 248.626800537109
endloop
endfacet
facet normal -0.750758503679 0.014490813803 0.660417811289
outer loop
vertex 217.785995483398 235.471099853516 238.289794921875
vertex 219.968093872070 231.126998901367 240.865707397461
vertex 220.265502929688 235.082702636719 241.117004394531
endloop
endfacet
facet normal -0.736162746227 0.132140327460 0.663779590622
outer loop
vertex 220.782104492188 238.088806152344 241.091506958008
vertex 217.785995483398 235.471099853516 238.289794921875
vertex 220.265502929688 235.082702636719 241.117004394531
endloop
endfacet
facet normal -0.954477614602 0.225049025878 0.195768790092
outer loop
vertex 225.427795410156 234.936996459961 253.046203613281
vertex 226.377899169922 238.238296508789 253.883407592773
vertex 225.613006591797 237.394805908203 251.123794555664
endloop
endfacet
facet normal -0.926627100664 0.281090223917 0.249700825657
outer loop
vertex 224.468399047852 236.305099487305 248.102905273438
vertex 225.613006591797 237.394805908203 251.123794555664
vertex 225.789901733398 239.580307006836 249.320007324219
endloop
endfacet
facet normal -0.955784336600 0.222455664609 0.192327271062
outer loop
vertex 225.427795410156 234.936996459961 253.046203613281
vertex 225.613006591797 237.394805908203 251.123794555664
vertex 224.844406127930 234.633804321289 250.497695922852
endloop
endfacet
facet normal -0.969912664948 0.128577310598 0.206730011300
outer loop
vertex 225.427795410156 234.936996459961 253.046203613281
vertex 224.844406127930 234.633804321289 250.497695922852
vertex 224.703903198242 232.026702880859 251.460006713867
endloop
endfacet
facet normal -0.760328230751 -0.608402340272 -0.227480930793
outer loop
vertex 245.673400878906 167.755203247070 228.330902099609
vertex 243.082504272461 171.873199462891 225.977005004883
vertex 246.203002929688 168.239501953125 225.265502929688
endloop
endfacet
facet normal -0.417440605901 -0.801099254950 -0.428932773595
outer loop
vertex 264.830413818359 156.563995361328 216.615707397461
vertex 268.387603759766 155.419097900391 215.292098999023
vertex 266.809387207031 154.555999755859 218.440002441406
endloop
endfacet
facet normal -0.443716791014 -0.801506669674 -0.400877123118
outer loop
vertex 263.601409912109 155.987792968750 219.128097534180
vertex 264.830413818359 156.563995361328 216.615707397461
vertex 266.809387207031 154.555999755859 218.440002441406
endloop
endfacet
facet normal -0.537104933728 -0.597774099910 -0.595133947647
outer loop
vertex 263.637786865234 152.608093261719 223.746307373047
vertex 261.447387695313 151.101699829102 227.236206054688
vertex 259.102203369141 154.733703613281 225.704605102539
endloop
endfacet
facet normal -0.729436293944 -0.678667654707 -0.085632397674
outer loop
vertex 243.082504272461 171.873199462891 225.977005004883
vertex 243.751998901367 171.723098754883 221.463699340820
vertex 246.102600097656 169.076599121094 222.415206909180
endloop
endfacet
facet normal -0.277202500517 -0.823484509542 -0.495007107274
outer loop
vertex 275.568511962891 153.319900512695 214.645599365234
vertex 275.767608642578 151.586593627930 217.417602539063
vertex 271.467407226563 153.044296264648 217.400695800781
endloop
endfacet
facet normal -0.252333571654 -0.751450958634 -0.609630400640
outer loop
vertex 271.467407226563 153.044296264648 217.400695800781
vertex 275.767608642578 151.586593627930 217.417602539063
vertex 273.823913574219 149.573196411133 220.703903198242
endloop
endfacet
facet normal -0.515763655659 -0.619950383716 -0.591311570352
outer loop
vertex 265.109008789063 149.505996704102 225.715393066406
vertex 261.447387695313 151.101699829102 227.236206054688
vertex 263.637786865234 152.608093261719 223.746307373047
endloop
endfacet
facet normal -0.669015199180 -0.605640395348 -0.430834509747
outer loop
vertex 252.852996826172 159.361404418945 228.113494873047
vertex 255.675903320312 158.889892578125 224.392807006836
vertex 255.679306030273 156.579803466797 227.634902954102
endloop
endfacet
facet normal -0.709194155647 -0.569061239156 -0.416188605906
outer loop
vertex 253.360794067383 156.981994628906 230.501602172852
vertex 250.231292724609 160.548202514648 230.958206176758
vertex 252.852996826172 159.361404418945 228.113494873047
endloop
endfacet
facet normal -0.663200473228 -0.595958455280 -0.452767768166
outer loop
vertex 253.360794067383 156.981994628906 230.501602172852
vertex 252.852996826172 159.361404418945 228.113494873047
vertex 255.679306030273 156.579803466797 227.634902954102
endloop
endfacet
facet normal -0.701627302557 -0.607457457318 -0.372444043926
outer loop
vertex 251.713394165039 161.753997802734 226.319198608398
vertex 250.282196044922 161.878494262695 228.812301635742
vertex 248.598007202148 164.395202636719 227.880294799805
endloop
endfacet
facet normal -0.412459750972 -0.598817978283 -0.686508545259
outer loop
vertex 269.078308105469 148.502807617188 224.085494995117
vertex 270.313598632813 144.949905395508 226.442398071289
vertex 266.669006347656 146.575103759766 227.214492797852
endloop
endfacet
facet normal -0.430404639731 -0.581988302551 -0.689957579705
outer loop
vertex 265.109008789063 149.505996704102 225.715393066406
vertex 269.078308105469 148.502807617188 224.085494995117
vertex 266.669006347656 146.575103759766 227.214492797852
endloop
endfacet
facet normal -0.244411093950 -0.663208585534 -0.707401999734
outer loop
vertex 276.120086669922 146.935897827148 222.383102416992
vertex 273.199584960938 146.485504150391 223.814407348633
vertex 273.823913574219 149.573196411133 220.703903198242
endloop
endfacet
facet normal -0.525339035477 -0.784053394854 -0.330574003549
outer loop
vertex 256.945098876953 160.853607177734 217.932800292969
vertex 260.995300292969 158.165695190430 217.871505737305
vertex 257.816802978516 159.127700805664 220.641006469727
endloop
endfacet
facet normal -0.594805971643 -0.606536101826 -0.527560246114
outer loop
vertex 261.447387695313 151.101699829102 227.236206054688
vertex 257.283508300781 153.224197387695 229.490600585938
vertex 259.102203369141 154.733703613281 225.704605102539
endloop
endfacet
facet normal -0.696125589507 -0.602672239907 -0.390122205058
outer loop
vertex 252.852996826172 159.361404418945 228.113494873047
vertex 250.231292724609 160.548202514648 230.958206176758
vertex 250.282196044922 161.878494262695 228.812301635742
endloop
endfacet
facet normal -0.738474951112 -0.602067320126 -0.303594612299
outer loop
vertex 246.716598510742 165.716094970703 229.837203979492
vertex 245.673400878906 167.755203247070 228.330902099609
vertex 248.598007202148 164.395202636719 227.880294799805
endloop
endfacet
facet normal -0.203114707643 -0.645580842768 -0.736185975817
outer loop
vertex 278.436401367188 147.990402221680 220.819305419922
vertex 276.120086669922 146.935897827148 222.383102416992
vertex 273.823913574219 149.573196411133 220.703903198242
endloop
endfacet
facet normal -0.764229731122 -0.625591018742 -0.156808148190
outer loop
vertex 243.082504272461 171.873199462891 225.977005004883
vertex 246.102600097656 169.076599121094 222.415206909180
vertex 246.203002929688 168.239501953125 225.265502929688
endloop
endfacet
facet normal -0.585429779992 -0.639783505228 -0.497944815352
outer loop
vertex 255.675903320312 158.889892578125 224.392807006836
vertex 260.779113769531 156.257598876953 221.775100708008
vertex 259.102203369141 154.733703613281 225.704605102539
endloop
endfacet
facet normal -0.732837127271 -0.570376498287 -0.370972229548
outer loop
vertex 250.231292724609 160.548202514648 230.958206176758
vertex 247.921295166016 163.751998901367 230.595596313477
vertex 250.282196044922 161.878494262695 228.812301635742
endloop
endfacet
facet normal -0.745653522436 -0.582376792962 -0.323787114472
outer loop
vertex 247.921295166016 163.751998901367 230.595596313477
vertex 246.716598510742 165.716094970703 229.837203979492
vertex 248.598007202148 164.395202636719 227.880294799805
endloop
endfacet
facet normal -0.614153688073 -0.585956695140 -0.528649220985
outer loop
vertex 259.102203369141 154.733703613281 225.704605102539
vertex 257.283508300781 153.224197387695 229.490600585938
vertex 255.679306030273 156.579803466797 227.634902954102
endloop
endfacet
facet normal -0.534632216834 -0.685628726204 -0.494046194730
outer loop
vertex 260.779113769531 156.257598876953 221.775100708008
vertex 263.637786865234 152.608093261719 223.746307373047
vertex 259.102203369141 154.733703613281 225.704605102539
endloop
endfacet
facet normal -0.330654372385 -0.610393329010 -0.719783071434
outer loop
vertex 273.781402587891 144.011199951172 225.645401000977
vertex 270.313598632813 144.949905395508 226.442398071289
vertex 273.199584960938 146.485504150391 223.814407348633
endloop
endfacet
facet normal -0.268377495817 -0.615276181179 -0.741221114521
outer loop
vertex 276.120086669922 146.935897827148 222.383102416992
vertex 276.068389892578 145.029602050781 223.984207153320
vertex 273.199584960938 146.485504150391 223.814407348633
endloop
endfacet
facet normal -0.352880872892 -0.627675404715 -0.693901056249
outer loop
vertex 273.199584960938 146.485504150391 223.814407348633
vertex 269.078308105469 148.502807617188 224.085494995117
vertex 273.823913574219 149.573196411133 220.703903198242
endloop
endfacet
facet normal -0.699425629699 -0.652104592373 -0.292512203380
outer loop
vertex 250.097000122070 164.144302368164 224.855392456055
vertex 251.713394165039 161.753997802734 226.319198608398
vertex 248.598007202148 164.395202636719 227.880294799805
endloop
endfacet
facet normal -0.190739572733 -0.782754936611 -0.592379206763
outer loop
vertex 275.767608642578 151.586593627930 217.417602539063
vertex 278.517089843750 150.020797729492 218.601303100586
vertex 273.823913574219 149.573196411133 220.703903198242
endloop
endfacet
facet normal -0.228437300515 -0.713956649108 -0.661877861034
outer loop
vertex 278.517089843750 150.020797729492 218.601303100586
vertex 278.436401367188 147.990402221680 220.819305419922
vertex 273.823913574219 149.573196411133 220.703903198242
endloop
endfacet
facet normal -0.652890851743 -0.682962434850 -0.327560449831
outer loop
vertex 252.701904296875 162.067092895508 223.696105957031
vertex 255.675903320312 158.889892578125 224.392807006836
vertex 251.713394165039 161.753997802734 226.319198608398
endloop
endfacet
facet normal -0.685894610626 -0.676785897175 -0.267412476332
outer loop
vertex 248.419692993164 166.408493041992 223.427200317383
vertex 251.332595825195 164.162902832031 221.639099121094
vertex 250.097000122070 164.144302368164 224.855392456055
endloop
endfacet
facet normal -0.354346260833 -0.759587225390 -0.545404413676
outer loop
vertex 267.977508544922 151.892196655273 221.272598266602
vertex 271.467407226563 153.044296264648 217.400695800781
vertex 273.823913574219 149.573196411133 220.703903198242
endloop
endfacet
facet normal -0.240337621211 -0.863141924336 -0.444098914976
outer loop
vertex 271.894287109375 154.669998168945 214.009994506836
vertex 275.568511962891 153.319900512695 214.645599365234
vertex 271.467407226563 153.044296264648 217.400695800781
endloop
endfacet
facet normal -0.582721577151 -0.719349622798 -0.378115965946
outer loop
vertex 254.641098022461 161.420806884766 221.172607421875
vertex 257.816802978516 159.127700805664 220.641006469727
vertex 255.675903320312 158.889892578125 224.392807006836
endloop
endfacet
facet normal -0.640142492631 -0.733507535453 -0.228438798284
outer loop
vertex 251.332595825195 164.162902832031 221.639099121094
vertex 253.321304321289 163.357299804688 218.652999877930
vertex 254.641098022461 161.420806884766 221.172607421875
endloop
endfacet
facet normal -0.328727727501 -0.664071479005 -0.671525987542
outer loop
vertex 269.078308105469 148.502807617188 224.085494995117
vertex 267.977508544922 151.892196655273 221.272598266602
vertex 273.823913574219 149.573196411133 220.703903198242
endloop
endfacet
facet normal -0.732413567159 -0.641585251504 -0.227900705777
outer loop
vertex 245.673400878906 167.755203247070 228.330902099609
vertex 246.203002929688 168.239501953125 225.265502929688
vertex 247.791793823242 166.167404174805 225.992904663086
endloop
endfacet
facet normal -0.256017175559 -0.426241471829 0.867625157261
outer loop
vertex 195.076904296875 222.242401123047 221.794998168945
vertex 191.470993041992 221.019302368164 220.130096435547
vertex 194.936996459961 217.804306030273 219.573394775391
endloop
endfacet
facet normal -0.291961432394 -0.466226207187 0.835099781898
outer loop
vertex 194.936996459961 217.804306030273 219.573394775391
vertex 199.606094360352 215.391098022461 219.858505249023
vertex 199.434799194336 219.535705566406 222.112503051758
endloop
endfacet
facet normal -0.320350270387 -0.415940685700 0.851098731195
outer loop
vertex 195.076904296875 222.242401123047 221.794998168945
vertex 194.936996459961 217.804306030273 219.573394775391
vertex 199.434799194336 219.535705566406 222.112503051758
endloop
endfacet
facet normal -0.497475862411 -0.849356027005 0.176386240132
outer loop
vertex 250.397399902344 165.788604736328 208.395401000977
vertex 253.311401367188 163.278305053711 204.526092529297
vertex 255.475906372070 162.779602050781 208.229400634766
endloop
endfacet
facet normal -0.544587567831 -0.252053074688 0.799933515053
outer loop
vertex 211.998199462891 224.885498046875 231.464401245117
vertex 212.545898437500 229.182403564453 233.191192626953
vertex 208.595504760742 228.003997802734 230.130493164063
endloop
endfacet
facet normal -0.559426587455 -0.276112290565 0.781539439982
outer loop
vertex 211.998199462891 224.885498046875 231.464401245117
vertex 208.595504760742 228.003997802734 230.130493164063
vertex 208.533798217773 223.251205444336 228.407196044922
endloop
endfacet
facet normal -0.538757844620 -0.397252769013 0.742920064591
outer loop
vertex 212.049392700195 221.090499877930 229.801300048828
vertex 208.533798217773 223.251205444336 228.407196044922
vertex 209.905502319336 218.239898681641 226.722305297852
endloop
endfacet
facet normal -0.522582289586 -0.348119296036 0.778280608995
outer loop
vertex 212.049392700195 221.090499877930 229.801300048828
vertex 211.998199462891 224.885498046875 231.464401245117
vertex 208.533798217773 223.251205444336 228.407196044922
endloop
endfacet
facet normal -0.478945167883 -0.337862798262 0.810222349551
outer loop
vertex 208.533798217773 223.251205444336 228.407196044922
vertex 204.111099243164 226.318298339844 227.071792602539
vertex 204.486495971680 220.711593627930 224.955703735352
endloop
endfacet
facet normal -0.430031622290 -0.531008043360 0.730139207082
outer loop
vertex 212.053497314453 209.929504394531 222.030105590820
vertex 211.690002441406 208.855606079102 221.035003662109
vertex 212.647598266602 209.007400512695 221.709396362305
endloop
endfacet
facet normal -0.483169257233 -0.606732420373 0.631207762098
outer loop
vertex 216.064804077148 198.963592529297 216.143203735352
vertex 219.600906372070 194.697494506836 214.749298095703
vertex 219.393997192383 198.120407104492 217.881103515625
endloop
endfacet
facet normal -0.548531627827 -0.493787276243 0.674749715890
outer loop
vertex 215.402297973633 213.112701416016 227.318695068359
vertex 214.884094238281 217.079406738281 229.800292968750
vertex 212.750198364258 214.268203735352 226.008300781250
endloop
endfacet
facet normal -0.441904451568 -0.392211952918 0.806777689127
outer loop
vertex 209.905502319336 218.239898681641 226.722305297852
vertex 208.533798217773 223.251205444336 228.407196044922
vertex 204.486495971680 220.711593627930 224.955703735352
endloop
endfacet
facet normal -0.558692659890 -0.607903634150 0.564194721149
outer loop
vertex 219.393997192383 198.120407104492 217.881103515625
vertex 222.590301513672 194.087600708008 216.701004028320
vertex 222.425292968750 197.192001342773 219.882507324219
endloop
endfacet
facet normal -0.513800860007 -0.521844109685 0.680945960736
outer loop
vertex 212.750198364258 214.268203735352 226.008300781250
vertex 211.990798950195 212.203994750977 223.853393554688
vertex 214.531295776367 210.335006713867 224.337997436523
endloop
endfacet
facet normal -0.488425917464 -0.550238478838 0.677257513473
outer loop
vertex 212.053497314453 209.929504394531 222.030105590820
vertex 212.647598266602 209.007400512695 221.709396362305
vertex 213.066192626953 209.686599731445 222.563095092773
endloop
endfacet
facet normal -0.681489649413 -0.569673841946 0.459394788331
outer loop
vertex 227.264801025391 193.274307250977 221.657196044922
vertex 224.973007202148 196.377700805664 222.105804443359
vertex 225.732803344727 192.813400268555 218.813003540039
endloop
endfacet
facet normal -0.546791452845 -0.620781142420 0.561827269107
outer loop
vertex 222.927703857422 191.247894287109 213.891693115234
vertex 225.566696166992 190.201705932617 215.304092407227
vertex 222.590301513672 194.087600708008 216.701004028320
endloop
endfacet
facet normal -0.627503925864 -0.596296232930 0.500669177819
outer loop
vertex 224.973007202148 196.377700805664 222.105804443359
vertex 222.425292968750 197.192001342773 219.882507324219
vertex 225.732803344727 192.813400268555 218.813003540039
endloop
endfacet
facet normal -0.601909577916 -0.586933969523 0.541491805508
outer loop
vertex 222.425292968750 197.192001342773 219.882507324219
vertex 222.590301513672 194.087600708008 216.701004028320
vertex 225.732803344727 192.813400268555 218.813003540039
endloop
endfacet
facet normal -0.404778830713 -0.556088992667 0.725891955074
outer loop
vertex 211.715393066406 200.582702636719 214.958206176758
vertex 216.064804077148 198.963592529297 216.143203735352
vertex 213.594894409180 202.559692382813 217.520797729492
endloop
endfacet
facet normal -0.736052213541 -0.570805973317 0.363878660775
outer loop
vertex 229.197494506836 192.001800537109 223.570495605469
vertex 227.264801025391 193.274307250977 221.657196044922
vertex 229.415802001953 189.333694458008 219.826705932617
endloop
endfacet
facet normal -0.745207318234 -0.589988205163 0.310773181949
outer loop
vertex 232.956405639648 184.902099609375 219.903594970703
vertex 231.571792602539 188.345901489258 223.121307373047
vertex 229.415802001953 189.333694458008 219.826705932617
endloop
endfacet
facet normal -0.561359549269 -0.663443041845 0.494690596911
outer loop
vertex 228.104995727539 187.087203979492 214.332199096680
vertex 226.152404785156 186.836700439453 211.780502319336
vertex 229.636093139648 184.538192749023 212.651092529297
endloop
endfacet
facet normal -0.838461292853 -0.534429357907 0.106620456736
outer loop
vertex 236.920394897461 180.691894531250 224.940002441406
vertex 234.201599121094 184.790603637695 224.104003906250
vertex 236.376495361328 180.690200805664 220.654296875000
endloop
endfacet
facet normal -0.605534990491 -0.584237242186 0.540364895357
outer loop
vertex 222.425292968750 197.192001342773 219.882507324219
vertex 222.470993041992 200.144104003906 223.125503540039
vertex 219.492492675781 201.288604736328 221.025207519531
endloop
endfacet
facet normal -0.706550097296 -0.705870512679 -0.050336660022
outer loop
vertex 243.751998901367 171.723098754883 221.463699340820
vertex 242.291793823242 173.389694213867 218.589202880859
vertex 246.171997070313 169.543899536133 218.054306030273
endloop
endfacet
facet normal -0.793413665979 -0.608681960774 -0.001012554171
outer loop
vertex 241.102203369141 174.755599975586 222.348495483398
vertex 239.467605590820 176.880203247070 226.007095336914
vertex 238.649398803711 177.952301025391 222.658996582031
endloop
endfacet
facet normal -0.577660347754 -0.796281398382 0.179567416934
outer loop
vertex 247.237503051758 167.592697143555 207.078506469727
vertex 246.939605712891 168.345397949219 209.457992553711
vertex 244.244598388672 169.990707397461 208.084304809570
endloop
endfacet
facet normal -0.581897033130 -0.514151980113 0.630113945394
outer loop
vertex 218.000595092773 207.776794433594 225.454406738281
vertex 217.033203125000 210.728698730469 226.969696044922
vertex 214.531295776367 210.335006713867 224.337997436523
endloop
endfacet
facet normal -0.346619694373 -0.459154948445 0.817943470413
outer loop
vertex 199.606094360352 215.391098022461 219.858505249023
vertex 203.310501098633 216.488403320313 222.044296264648
vertex 199.434799194336 219.535705566406 222.112503051758
endloop
endfacet
facet normal -0.655077771901 -0.743780717761 -0.132903561458
outer loop
vertex 246.171997070313 169.543899536133 218.054306030273
vertex 250.770904541016 165.747299194336 216.633697509766
vertex 248.989196777344 166.669799804688 220.253005981445
endloop
endfacet
facet normal -0.676370859192 -0.731150908281 -0.089111223508
outer loop
vertex 246.102600097656 169.076599121094 222.415206909180
vertex 246.171997070313 169.543899536133 218.054306030273
vertex 248.989196777344 166.669799804688 220.253005981445
endloop
endfacet
facet normal -0.752897045396 -0.658137722252 0.000881806514
outer loop
vertex 243.751998901367 171.723098754883 221.463699340820
vertex 241.102203369141 174.755599975586 222.348495483398
vertex 242.291793823242 173.389694213867 218.589202880859
endloop
endfacet
facet normal -0.618514160023 -0.777980602770 0.110392099201
outer loop
vertex 246.939605712891 168.345397949219 209.457992553711
vertex 247.901992797852 168.060195922852 212.840194702148
vertex 244.851303100586 170.229705810547 211.037002563477
endloop
endfacet
facet normal -0.651966391303 -0.732983158710 0.194101812611
outer loop
vertex 240.283401489258 174.664794921875 213.166000366211
vertex 239.024795532227 175.310592651367 211.377197265625
vertex 241.771697998047 172.685195922852 210.689498901367
endloop
endfacet
facet normal -0.508274895878 -0.860169363344 0.042015432693
outer loop
vertex 250.397399902344 165.788604736328 208.395401000977
vertex 255.475906372070 162.779602050781 208.229400634766
vertex 252.755004882813 164.578796386719 212.148101806641
endloop
endfacet
facet normal -0.679252837546 -0.679535289888 0.277213586397
outer loop
vertex 235.188903808594 179.231399536133 212.313507080078
vertex 236.434906005859 177.148193359375 210.259994506836
vertex 237.224395751953 177.797897338867 213.787094116211
endloop
endfacet
facet normal -0.682127406475 -0.671843462722 0.288666871901
outer loop
vertex 235.188903808594 179.231399536133 212.313507080078
vertex 237.224395751953 177.797897338867 213.787094116211
vertex 234.281692504883 180.847305297852 213.930603027344
endloop
endfacet
facet normal -0.689186677696 -0.677199578928 0.257725539258
outer loop
vertex 237.224395751953 177.797897338867 213.787094116211
vertex 234.942993164063 181.253494262695 216.766296386719
vertex 234.281692504883 180.847305297852 213.930603027344
endloop
endfacet
facet normal -0.324510232919 -0.501455056204 0.802019909565
outer loop
vertex 202.941101074219 213.365798950195 219.941604614258
vertex 199.606094360352 215.391098022461 219.858505249023
vertex 200.759201049805 211.779403686523 218.066894531250
endloop
endfacet
facet normal -0.357094389147 -0.516041902784 0.778578417252
outer loop
vertex 202.941101074219 213.365798950195 219.941604614258
vertex 204.517807006836 209.865402221680 218.344696044922
vertex 206.702392578125 212.954193115234 221.393905639648
endloop
endfacet
facet normal -0.465423288992 -0.576829747814 0.671303660128
outer loop
vertex 213.594894409180 202.559692382813 217.520797729492
vertex 216.064804077148 198.963592529297 216.143203735352
vertex 216.321197509766 202.189407348633 219.092803955078
endloop
endfacet
facet normal -0.438929766209 -0.586293604936 0.680882125736
outer loop
vertex 216.064804077148 198.963592529297 216.143203735352
vertex 215.909606933594 195.336105346680 212.919601440430
vertex 219.600906372070 194.697494506836 214.749298095703
endloop
endfacet
facet normal -0.406312089431 -0.554799729554 0.726021863355
outer loop
vertex 210.942306518555 204.646804809570 217.631195068359
vertex 211.715393066406 200.582702636719 214.958206176758
vertex 213.594894409180 202.559692382813 217.520797729492
endloop
endfacet
facet normal -0.415022575679 -0.545820850773 0.727898248753
outer loop
vertex 209.210098266602 208.470794677734 219.511001586914
vertex 210.942306518555 204.646804809570 217.631195068359
vertex 213.063598632813 206.158706665039 219.974395751953
endloop
endfacet
facet normal -0.627049108715 -0.767897555271 0.130930362669
outer loop
vertex 243.337905883789 172.020797729492 214.293701171875
vertex 241.771697998047 172.685195922852 210.689498901367
vertex 244.851303100586 170.229705810547 211.037002563477
endloop
endfacet
facet normal -0.578597132528 -0.794768328877 0.183217525485
outer loop
vertex 244.244598388672 169.990707397461 208.084304809570
vertex 246.939605712891 168.345397949219 209.457992553711
vertex 244.851303100586 170.229705810547 211.037002563477
endloop
endfacet
facet normal -0.767214895065 -0.624071056733 0.148042632168
outer loop
vertex 236.376495361328 180.690200805664 220.654296875000
vertex 237.582595825195 178.408996582031 217.288406372070
vertex 239.341293334961 176.782501220703 219.546203613281
endloop
endfacet
facet normal -0.736875088083 -0.649162824562 0.188686861675
outer loop
vertex 237.582595825195 178.408996582031 217.288406372070
vertex 234.942993164063 181.253494262695 216.766296386719
vertex 237.224395751953 177.797897338867 213.787094116211
endloop
endfacet
facet normal -0.789655003674 -0.611156469922 0.054154819233
outer loop
vertex 239.341293334961 176.782501220703 219.546203613281
vertex 241.102203369141 174.755599975586 222.348495483398
vertex 238.649398803711 177.952301025391 222.658996582031
endloop
endfacet
facet normal -0.740836539950 -0.664436122509 0.098416767785
outer loop
vertex 237.582595825195 178.408996582031 217.288406372070
vertex 240.016098022461 175.510894775391 216.040893554688
vertex 239.341293334961 176.782501220703 219.546203613281
endloop
endfacet
facet normal -0.281296046830 -0.510559828162 0.812527658548
outer loop
vertex 196.495498657227 212.918395996094 217.306503295898
vertex 200.504699707031 206.950195312500 214.944305419922
vertex 200.759201049805 211.779403686523 218.066894531250
endloop
endfacet
facet normal -0.315794406063 -0.503405106120 0.804274326478
outer loop
vertex 200.504699707031 206.950195312500 214.944305419922
vertex 204.517807006836 209.865402221680 218.344696044922
vertex 200.759201049805 211.779403686523 218.066894531250
endloop
endfacet
facet normal -0.424083273785 -0.496073246529 0.757670582096
outer loop
vertex 206.823806762695 216.598007202148 223.847595214844
vertex 206.702392578125 212.954193115234 221.393905639648
vertex 209.773406982422 214.294403076172 223.990295410156
endloop
endfacet
facet normal -0.429999191976 -0.504189717320 0.748928183372
outer loop
vertex 209.905502319336 218.239898681641 226.722305297852
vertex 206.823806762695 216.598007202148 223.847595214844
vertex 209.773406982422 214.294403076172 223.990295410156
endloop
endfacet
facet normal -0.494024701687 -0.483721023643 0.722463539155
outer loop
vertex 212.750198364258 214.268203735352 226.008300781250
vertex 209.905502319336 218.239898681641 226.722305297852
vertex 209.773406982422 214.294403076172 223.990295410156
endloop
endfacet
facet normal -0.549760848686 -0.524901784222 0.649800835774
outer loop
vertex 215.402297973633 213.112701416016 227.318695068359
vertex 212.750198364258 214.268203735352 226.008300781250
vertex 214.531295776367 210.335006713867 224.337997436523
endloop
endfacet
facet normal -0.489464793733 -0.566937749266 0.662575130950
outer loop
vertex 216.064804077148 198.963592529297 216.143203735352
vertex 219.393997192383 198.120407104492 217.881103515625
vertex 216.321197509766 202.189407348633 219.092803955078
endloop
endfacet
facet normal -0.473645697664 -0.542767887549 0.693586889531
outer loop
vertex 213.594894409180 202.559692382813 217.520797729492
vertex 216.321197509766 202.189407348633 219.092803955078
vertex 213.063598632813 206.158706665039 219.974395751953
endloop
endfacet
facet normal -0.666897245380 -0.632575920932 0.393822000860
outer loop
vertex 231.256500244141 184.778396606445 215.626800537109
vertex 229.415802001953 189.333694458008 219.826705932617
vertex 228.000305175781 188.882705688477 216.705307006836
endloop
endfacet
facet normal -0.685387208615 -0.609241099714 0.398835375420
outer loop
vertex 229.415802001953 189.333694458008 219.826705932617
vertex 225.732803344727 192.813400268555 218.813003540039
vertex 228.000305175781 188.882705688477 216.705307006836
endloop
endfacet
facet normal -0.543817052762 -0.544331739295 0.638722138900
outer loop
vertex 219.492492675781 201.288604736328 221.025207519531
vertex 216.433197021484 205.774093627930 222.243103027344
vertex 216.321197509766 202.189407348633 219.092803955078
endloop
endfacet
facet normal -0.566845094283 -0.571358680383 0.593494648196
outer loop
vertex 219.393997192383 198.120407104492 217.881103515625
vertex 222.425292968750 197.192001342773 219.882507324219
vertex 219.492492675781 201.288604736328 221.025207519531
endloop
endfacet
facet normal -0.521543071135 -0.592905333604 0.613560176621
outer loop
vertex 219.600906372070 194.697494506836 214.749298095703
vertex 222.590301513672 194.087600708008 216.701004028320
vertex 219.393997192383 198.120407104492 217.881103515625
endloop
endfacet
facet normal -0.536492909724 -0.585987195026 0.607284418606
outer loop
vertex 219.393997192383 198.120407104492 217.881103515625
vertex 219.492492675781 201.288604736328 221.025207519531
vertex 216.321197509766 202.189407348633 219.092803955078
endloop
endfacet
facet normal -0.674050974277 -0.580267630214 0.457104759769
outer loop
vertex 227.264801025391 193.274307250977 221.657196044922
vertex 225.732803344727 192.813400268555 218.813003540039
vertex 229.415802001953 189.333694458008 219.826705932617
endloop
endfacet
facet normal -0.744116544516 -0.541115031740 0.391771732777
outer loop
vertex 229.197494506836 192.001800537109 223.570495605469
vertex 227.043304443359 195.544799804688 224.372497558594
vertex 227.264801025391 193.274307250977 221.657196044922
endloop
endfacet
facet normal -0.297651605403 -0.478284121773 0.826225042383
outer loop
vertex 199.606094360352 215.391098022461 219.858505249023
vertex 194.936996459961 217.804306030273 219.573394775391
vertex 196.495498657227 212.918395996094 217.306503295898
endloop
endfacet
facet normal -0.661624905990 -0.661504285362 0.353078694092
outer loop
vertex 231.256500244141 184.778396606445 215.626800537109
vertex 232.813598632813 181.109603881836 211.671005249023
vertex 234.281692504883 180.847305297852 213.930603027344
endloop
endfacet
facet normal -0.385012391536 -0.379785051705 0.841147295582
outer loop
vertex 204.486495971680 220.711593627930 224.955703735352
vertex 199.312896728516 224.192092895508 224.159103393555
vertex 199.434799194336 219.535705566406 222.112503051758
endloop
endfacet
facet normal -0.305424311252 -0.389837617058 0.868759243072
outer loop
vertex 199.312896728516 224.192092895508 224.159103393555
vertex 195.076904296875 222.242401123047 221.794998168945
vertex 199.434799194336 219.535705566406 222.112503051758
endloop
endfacet
facet normal -0.678020913158 -0.719822285249 0.148806985655
outer loop
vertex 243.337905883789 172.020797729492 214.293701171875
vertex 240.016098022461 175.510894775391 216.040893554688
vertex 240.283401489258 174.664794921875 213.166000366211
endloop
endfacet
facet normal -0.675477705545 -0.703378931468 0.221332212023
outer loop
vertex 237.224395751953 177.797897338867 213.787094116211
vertex 239.024795532227 175.310592651367 211.377197265625
vertex 240.283401489258 174.664794921875 213.166000366211
endloop
endfacet
facet normal -0.572976980123 -0.814118164782 0.094387467497
outer loop
vertex 246.939605712891 168.345397949219 209.457992553711
vertex 250.397399902344 165.788604736328 208.395401000977
vertex 247.901992797852 168.060195922852 212.840194702148
endloop
endfacet
facet normal -0.625101496632 -0.757133982214 0.189726782205
outer loop
vertex 241.771697998047 172.685195922852 210.689498901367
vertex 244.244598388672 169.990707397461 208.084304809570
vertex 244.851303100586 170.229705810547 211.037002563477
endloop
endfacet
facet normal -0.787804152758 -0.613427482977 0.055419671825
outer loop
vertex 236.376495361328 180.690200805664 220.654296875000
vertex 239.341293334961 176.782501220703 219.546203613281
vertex 238.649398803711 177.952301025391 222.658996582031
endloop
endfacet
facet normal -0.800798060155 -0.590208832937 0.101862654466
outer loop
vertex 236.920394897461 180.691894531250 224.940002441406
vertex 236.376495361328 180.690200805664 220.654296875000
vertex 238.649398803711 177.952301025391 222.658996582031
endloop
endfacet
facet normal -0.625239794148 -0.769113083749 0.132439662562
outer loop
vertex 247.901992797852 168.060195922852 212.840194702148
vertex 243.337905883789 172.020797729492 214.293701171875
vertex 244.851303100586 170.229705810547 211.037002563477
endloop
endfacet
facet normal -0.709700585964 -0.678128653649 0.190962319275
outer loop
vertex 240.016098022461 175.510894775391 216.040893554688
vertex 237.582595825195 178.408996582031 217.288406372070
vertex 237.224395751953 177.797897338867 213.787094116211
endloop
endfacet
facet normal -0.436783779714 -0.586982531723 0.681668128367
outer loop
vertex 212.419799804688 210.712203979492 222.938796997070
vertex 210.528106689453 211.123794555664 222.081100463867
vertex 212.053497314453 209.929504394531 222.030105590820
endloop
endfacet
facet normal -0.392522174401 -0.541220458615 0.743644241409
outer loop
vertex 206.702392578125 212.954193115234 221.393905639648
vertex 210.528106689453 211.123794555664 222.081100463867
vertex 209.773406982422 214.294403076172 223.990295410156
endloop
endfacet
facet normal -0.390018866965 -0.533378898673 0.750594586885
outer loop
vertex 209.210098266602 208.470794677734 219.511001586914
vertex 210.528106689453 211.123794555664 222.081100463867
vertex 206.702392578125 212.954193115234 221.393905639648
endloop
endfacet
facet normal -0.429961969497 -0.531154948098 0.730073370215
outer loop
vertex 212.647598266602 209.007400512695 221.709396362305
vertex 211.690002441406 208.855606079102 221.035003662109
vertex 212.765197753906 208.114593505859 221.129104614258
endloop
endfacet
facet normal -0.549687911318 -0.526949271841 0.648203413333
outer loop
vertex 216.433197021484 205.774093627930 222.243103027344
vertex 214.531295776367 210.335006713867 224.337997436523
vertex 213.735794067383 208.231903076172 221.953704833984
endloop
endfacet
facet normal -0.551980571694 -0.525347208535 0.647555216917
outer loop
vertex 214.531295776367 210.335006713867 224.337997436523
vertex 213.066192626953 209.686599731445 222.563095092773
vertex 213.735794067383 208.231903076172 221.953704833984
endloop
endfacet
facet normal -0.461343888134 -0.535686716584 0.707249290248
outer loop
vertex 210.528106689453 211.123794555664 222.081100463867
vertex 211.990798950195 212.203994750977 223.853393554688
vertex 209.773406982422 214.294403076172 223.990295410156
endloop
endfacet
facet normal -0.380820416604 -0.507700879275 0.772797274504
outer loop
vertex 203.310501098633 216.488403320313 222.044296264648
vertex 206.702392578125 212.954193115234 221.393905639648
vertex 206.823806762695 216.598007202148 223.847595214844
endloop
endfacet
facet normal -0.527603682242 -0.549106000658 0.648164295936
outer loop
vertex 211.990798950195 212.203994750977 223.853393554688
vertex 212.419799804688 210.712203979492 222.938796997070
vertex 214.531295776367 210.335006713867 224.337997436523
endloop
endfacet
facet normal -0.834701109276 -0.549997635044 0.027868613513
outer loop
vertex 239.467605590820 176.880203247070 226.007095336914
vertex 236.920394897461 180.691894531250 224.940002441406
vertex 238.649398803711 177.952301025391 222.658996582031
endloop
endfacet
facet normal -0.416407125262 -0.508488388486 0.753687378697
outer loop
vertex 211.690002441406 208.855606079102 221.035003662109
vertex 213.063598632813 206.158706665039 219.974395751953
vertex 212.765197753906 208.114593505859 221.129104614258
endloop
endfacet
facet normal -0.523603191706 -0.522812656976 0.672686125427
outer loop
vertex 213.066192626953 209.686599731445 222.563095092773
vertex 212.647598266602 209.007400512695 221.709396362305
vertex 213.735794067383 208.231903076172 221.953704833984
endloop
endfacet
facet normal -0.529363313653 -0.489751988000 0.692760761309
outer loop
vertex 212.765197753906 208.114593505859 221.129104614258
vertex 213.063598632813 206.158706665039 219.974395751953
vertex 213.735794067383 208.231903076172 221.953704833984
endloop
endfacet
facet normal -0.505566026698 -0.560584824986 0.655856422278
outer loop
vertex 216.321197509766 202.189407348633 219.092803955078
vertex 216.433197021484 205.774093627930 222.243103027344
vertex 213.063598632813 206.158706665039 219.974395751953
endloop
endfacet
facet normal -0.754634482959 -0.656145291477 -0.000391920307
outer loop
vertex 242.291793823242 173.389694213867 218.589202880859
vertex 241.102203369141 174.755599975586 222.348495483398
vertex 239.341293334961 176.782501220703 219.546203613281
endloop
endfacet
facet normal -0.350583938000 -0.539174552077 0.765755643015
outer loop
vertex 207.246200561523 205.241500854492 216.338104248047
vertex 209.210098266602 208.470794677734 219.511001586914
vertex 204.517807006836 209.865402221680 218.344696044922
endloop
endfacet
facet normal -0.473031988967 -0.546999384379 0.690675329588
outer loop
vertex 211.990798950195 212.203994750977 223.853393554688
vertex 212.750198364258 214.268203735352 226.008300781250
vertex 209.773406982422 214.294403076172 223.990295410156
endloop
endfacet
facet normal -0.402325235031 -0.545265325147 0.735404739208
outer loop
vertex 212.053497314453 209.929504394531 222.030105590820
vertex 210.528106689453 211.123794555664 222.081100463867
vertex 211.690002441406 208.855606079102 221.035003662109
endloop
endfacet
facet normal -0.487844664943 -0.554453276461 0.674232264957
outer loop
vertex 212.419799804688 210.712203979492 222.938796997070
vertex 212.053497314453 209.929504394531 222.030105590820
vertex 213.066192626953 209.686599731445 222.563095092773
endloop
endfacet
facet normal -0.394413213084 -0.503259110649 0.768874817440
outer loop
vertex 211.690002441406 208.855606079102 221.035003662109
vertex 209.210098266602 208.470794677734 219.511001586914
vertex 213.063598632813 206.158706665039 219.974395751953
endloop
endfacet
facet normal -0.297613521821 -0.522383585819 0.799087968184
outer loop
vertex 207.246200561523 205.241500854492 216.338104248047
vertex 204.517807006836 209.865402221680 218.344696044922
vertex 200.504699707031 206.950195312500 214.944305419922
endloop
endfacet
facet normal -0.378097324128 -0.540367525587 0.751694985202
outer loop
vertex 210.528106689453 211.123794555664 222.081100463867
vertex 209.210098266602 208.470794677734 219.511001586914
vertex 211.690002441406 208.855606079102 221.035003662109
endloop
endfacet
facet normal -0.398465009187 -0.442776613027 0.803227556431
outer loop
vertex 203.310501098633 216.488403320313 222.044296264648
vertex 206.823806762695 216.598007202148 223.847595214844
vertex 204.486495971680 220.711593627930 224.955703735352
endloop
endfacet
facet normal -0.279254551583 -0.496779607339 0.821721922034
outer loop
vertex 199.606094360352 215.391098022461 219.858505249023
vertex 196.495498657227 212.918395996094 217.306503295898
vertex 200.759201049805 211.779403686523 218.066894531250
endloop
endfacet
facet normal -0.535914263106 -0.505420403309 0.676273700892
outer loop
vertex 214.884094238281 217.079406738281 229.800292968750
vertex 209.905502319336 218.239898681641 226.722305297852
vertex 212.750198364258 214.268203735352 226.008300781250
endloop
endfacet
facet normal -0.318013218224 -0.508341236169 0.800285436982
outer loop
vertex 204.517807006836 209.865402221680 218.344696044922
vertex 202.941101074219 213.365798950195 219.941604614258
vertex 200.759201049805 211.779403686523 218.066894531250
endloop
endfacet
facet normal -0.590534729509 -0.497058469086 0.635768520417
outer loop
vertex 217.033203125000 210.728698730469 226.969696044922
vertex 215.402297973633 213.112701416016 227.318695068359
vertex 214.531295776367 210.335006713867 224.337997436523
endloop
endfacet
facet normal -0.523794082218 -0.563985898370 0.638403998948
outer loop
vertex 214.531295776367 210.335006713867 224.337997436523
vertex 212.419799804688 210.712203979492 222.938796997070
vertex 213.066192626953 209.686599731445 222.563095092773
endloop
endfacet
facet normal -0.586536678555 -0.527051761136 0.614972491899
outer loop
vertex 216.433197021484 205.774093627930 222.243103027344
vertex 218.000595092773 207.776794433594 225.454406738281
vertex 214.531295776367 210.335006713867 224.337997436523
endloop
endfacet
facet normal -0.406380654588 -0.554881534494 0.725920964193
outer loop
vertex 210.942306518555 204.646804809570 217.631195068359
vertex 213.594894409180 202.559692382813 217.520797729492
vertex 213.063598632813 206.158706665039 219.974395751953
endloop
endfacet
facet normal -0.591998943136 -0.632840251098 0.499049564589
outer loop
vertex 222.590301513672 194.087600708008 216.701004028320
vertex 225.566696166992 190.201705932617 215.304092407227
vertex 225.732803344727 192.813400268555 218.813003540039
endloop
endfacet
facet normal -0.352410895656 -0.560126319785 0.749709988267
outer loop
vertex 207.246200561523 205.241500854492 216.338104248047
vertex 211.715393066406 200.582702636719 214.958206176758
vertex 210.942306518555 204.646804809570 217.631195068359
endloop
endfacet
facet normal -0.637519358774 -0.565238606941 0.523521140368
outer loop
vertex 224.973007202148 196.377700805664 222.105804443359
vertex 222.470993041992 200.144104003906 223.125503540039
vertex 222.425292968750 197.192001342773 219.882507324219
endloop
endfacet
facet normal -0.612930801247 -0.642882225699 0.459367256955
outer loop
vertex 225.566696166992 190.201705932617 215.304092407227
vertex 228.104995727539 187.087203979492 214.332199096680
vertex 228.000305175781 188.882705688477 216.705307006836
endloop
endfacet
facet normal -0.706121137121 -0.641760790190 0.299225713944
outer loop
vertex 234.942993164063 181.253494262695 216.766296386719
vertex 232.956405639648 184.902099609375 219.903594970703
vertex 231.256500244141 184.778396606445 215.626800537109
endloop
endfacet
facet normal -0.744648094205 -0.589502301663 0.313027558100
outer loop
vertex 231.256500244141 184.778396606445 215.626800537109
vertex 232.956405639648 184.902099609375 219.903594970703
vertex 229.415802001953 189.333694458008 219.826705932617
endloop
endfacet
facet normal -0.655921668037 -0.754823622319 -0.002839821889
outer loop
vertex 246.171997070313 169.543899536133 218.054306030273
vertex 243.337905883789 172.020797729492 214.293701171875
vertex 247.901992797852 168.060195922852 212.840194702148
endloop
endfacet
facet normal -0.698827629510 -0.713012689970 0.057033745937
outer loop
vertex 242.291793823242 173.389694213867 218.589202880859
vertex 243.337905883789 172.020797729492 214.293701171875
vertex 246.171997070313 169.543899536133 218.054306030273
endloop
endfacet
facet normal -0.367977051939 -0.349797645228 0.861530322530
outer loop
vertex 204.111099243164 226.318298339844 227.071792602539
vertex 199.312896728516 224.192092895508 224.159103393555
vertex 204.486495971680 220.711593627930 224.955703735352
endloop
endfacet
facet normal -0.350178314220 -0.463590814908 0.813915661837
outer loop
vertex 203.310501098633 216.488403320313 222.044296264648
vertex 204.486495971680 220.711593627930 224.955703735352
vertex 199.434799194336 219.535705566406 222.112503051758
endloop
endfacet
facet normal -0.612671326422 -0.546233230302 0.571194453662
outer loop
vertex 222.470993041992 200.144104003906 223.125503540039
vertex 219.996704101563 204.030807495117 224.188400268555
vertex 219.492492675781 201.288604736328 221.025207519531
endloop
endfacet
facet normal -0.518997510842 -0.512834897110 0.683843514297
outer loop
vertex 212.647598266602 209.007400512695 221.709396362305
vertex 212.765197753906 208.114593505859 221.129104614258
vertex 213.735794067383 208.231903076172 221.953704833984
endloop
endfacet
facet normal -0.768762669622 -0.541144475574 0.340832237841
outer loop
vertex 231.571792602539 188.345901489258 223.121307373047
vertex 229.197494506836 192.001800537109 223.570495605469
vertex 229.415802001953 189.333694458008 219.826705932617
endloop
endfacet
facet normal -0.616169448780 -0.617564715925 0.488824132010
outer loop
vertex 225.732803344727 192.813400268555 218.813003540039
vertex 225.566696166992 190.201705932617 215.304092407227
vertex 228.000305175781 188.882705688477 216.705307006836
endloop
endfacet
facet normal -0.590929573115 -0.560560960614 0.580149678147
outer loop
vertex 219.996704101563 204.030807495117 224.188400268555
vertex 216.433197021484 205.774093627930 222.243103027344
vertex 219.492492675781 201.288604736328 221.025207519531
endloop
endfacet
facet normal -0.359984058054 -0.491428453653 0.793038178707
outer loop
vertex 203.310501098633 216.488403320313 222.044296264648
vertex 202.941101074219 213.365798950195 219.941604614258
vertex 206.702392578125 212.954193115234 221.393905639648
endloop
endfacet
facet normal -0.640977557813 -0.625443689900 0.444935906782
outer loop
vertex 228.104995727539 187.087203979492 214.332199096680
vertex 231.256500244141 184.778396606445 215.626800537109
vertex 228.000305175781 188.882705688477 216.705307006836
endloop
endfacet
facet normal -0.523884626104 -0.493180400010 0.694491174586
outer loop
vertex 213.063598632813 206.158706665039 219.974395751953
vertex 216.433197021484 205.774093627930 222.243103027344
vertex 213.735794067383 208.231903076172 221.953704833984
endloop
endfacet
facet normal -0.708122203241 -0.656787054360 0.259217496520
outer loop
vertex 234.942993164063 181.253494262695 216.766296386719
vertex 231.256500244141 184.778396606445 215.626800537109
vertex 234.281692504883 180.847305297852 213.930603027344
endloop
endfacet
facet normal -0.811958807878 -0.538011658497 0.226420735868
outer loop
vertex 234.201599121094 184.790603637695 224.104003906250
vertex 231.571792602539 188.345901489258 223.121307373047
vertex 232.956405639648 184.902099609375 219.903594970703
endloop
endfacet
facet normal 0.017536556312 -0.852662340619 0.522167982629
outer loop
vertex 291.231811523438 115.906097412109 137.257995605469
vertex 289.809295654297 119.631202697754 143.388595581055
vertex 286.466491699219 117.663101196289 140.287094116211
endloop
endfacet
facet normal 0.006971358781 -0.816534335807 0.577254777897
outer loop
vertex 290.414306640625 130.756805419922 160.837997436523
vertex 285.979309082031 131.847595214844 162.434494018555
vertex 287.601501464844 128.958892822266 158.328796386719
endloop
endfacet
facet normal 0.000657491386 -0.790763961870 0.612120841267
outer loop
vertex 289.785003662109 136.829406738281 169.024093627930
vertex 284.834503173828 135.860397338867 167.777603149414
vertex 288.800109863281 133.723495483398 165.012802124023
endloop
endfacet
facet normal -0.005359736369 -0.789789924557 0.613354015471
outer loop
vertex 289.842895507813 144.672698974609 178.953292846680
vertex 284.227905273438 144.209594726563 178.307907104492
vertex 286.188385009766 140.593002319336 173.668106079102
endloop
endfacet
facet normal 0.048977289439 -0.828020543971 0.558554566610
outer loop
vertex 289.802795410156 148.137802124023 184.093597412109
vertex 289.842895507813 144.672698974609 178.953292846680
vertex 293.044891357422 147.266998291016 182.518402099609
endloop
endfacet
facet normal 0.081132427401 -0.904303124955 -0.419110233019
outer loop
vertex 293.890289306641 153.472106933594 211.855194091797
vertex 289.614196777344 151.824600219727 214.582199096680
vertex 287.015197753906 153.503295898438 210.457000732422
endloop
endfacet
facet normal -0.009933208136 -0.928368169958 -0.371529100321
outer loop
vertex 289.614196777344 151.824600219727 214.582199096680
vertex 284.239410400391 151.892593383789 214.555999755859
vertex 287.015197753906 153.503295898438 210.457000732422
endloop
endfacet
facet normal -0.008438247064 -0.849804464877 0.527030518530
outer loop
vertex 286.466491699219 117.663101196289 140.287094116211
vertex 284.445312500000 120.541702270508 144.896301269531
vertex 281.678100585938 117.717102050781 140.297500610352
endloop
endfacet
facet normal -0.067642566220 -0.978537170916 -0.194652224161
outer loop
vertex 287.015197753906 153.503295898438 210.457000732422
vertex 281.994384765625 154.527496337891 207.052993774414
vertex 287.141815185547 154.365402221680 206.079101562500
endloop
endfacet
facet normal 0.007956325885 -0.998597254167 -0.052347118827
outer loop
vertex 284.469696044922 154.534896850586 202.439605712891
vertex 290.095886230469 154.540298461914 203.191696166992
vertex 287.141815185547 154.365402221680 206.079101562500
endloop
endfacet
facet normal -0.015188967666 -0.992566326251 0.120753398517
outer loop
vertex 284.469696044922 154.534896850586 202.439605712891
vertex 288.963500976563 153.989303588867 198.520202636719
vertex 290.095886230469 154.540298461914 203.191696166992
endloop
endfacet
facet normal -0.018925665151 -0.993006791286 0.116530389424
outer loop
vertex 284.469696044922 154.534896850586 202.439605712891
vertex 283.357604980469 154.019104003906 197.863693237305
vertex 288.963500976563 153.989303588867 198.520202636719
endloop
endfacet
facet normal -0.037090764377 -0.961275601908 0.273081475706
outer loop
vertex 288.963500976563 153.989303588867 198.520202636719
vertex 283.357604980469 154.019104003906 197.863693237305
vertex 286.104797363281 152.835098266602 194.069000244141
endloop
endfacet
facet normal -0.063067437899 -0.964784194524 0.255370233725
outer loop
vertex 283.357604980469 154.019104003906 197.863693237305
vertex 281.364807128906 153.225601196289 194.373703002930
vertex 286.104797363281 152.835098266602 194.069000244141
endloop
endfacet
facet normal -0.056286966175 -0.975945831605 -0.210621725401
outer loop
vertex 280.088104248047 153.607299804688 211.826293945313
vertex 281.994384765625 154.527496337891 207.052993774414
vertex 287.015197753906 153.503295898438 210.457000732422
endloop
endfacet
facet normal 0.007313963917 -0.924096893155 0.382088259429
outer loop
vertex 288.377899169922 150.712707519531 188.892395019531
vertex 291.282196044922 152.846801757813 193.998199462891
vertex 286.104797363281 152.835098266602 194.069000244141
endloop
endfacet
facet normal -0.018990210278 -0.899221476731 0.437081351352
outer loop
vertex 283.265808105469 151.693496704102 190.688095092773
vertex 284.211700439453 150.247695922852 187.754699707031
vertex 288.377899169922 150.712707519531 188.892395019531
endloop
endfacet
facet normal -0.041240911256 -0.862886936943 0.503711545721
outer loop
vertex 288.377899169922 150.712707519531 188.892395019531
vertex 284.211700439453 150.247695922852 187.754699707031
vertex 284.370788574219 147.883895874023 183.718399047852
endloop
endfacet
facet normal 0.008348637391 -0.880099199636 0.474716440683
outer loop
vertex 289.802795410156 148.137802124023 184.093597412109
vertex 288.377899169922 150.712707519531 188.892395019531
vertex 284.370788574219 147.883895874023 183.718399047852
endloop
endfacet
facet normal 0.000150018098 -0.829192242652 0.558963507055
outer loop
vertex 289.842895507813 144.672698974609 178.953292846680
vertex 289.802795410156 148.137802124023 184.093597412109
vertex 284.370788574219 147.883895874023 183.718399047852
endloop
endfacet
facet normal -0.008682983042 -0.793951327640 0.607919316311
outer loop
vertex 279.921203613281 145.376205444336 179.770004272461
vertex 280.732788085938 141.744400024414 175.038406372070
vertex 284.227905273438 144.209594726563 178.307907104492
endloop
endfacet
facet normal -0.001648074428 -0.768830774548 0.639450173164
outer loop
vertex 280.732788085938 141.744400024414 175.038406372070
vertex 282.235595703125 138.787994384766 171.487701416016
vertex 286.188385009766 140.593002319336 173.668106079102
endloop
endfacet
facet normal -0.052710590512 -0.931878300971 0.358921197240
outer loop
vertex 283.265808105469 151.693496704102 190.688095092773
vertex 288.377899169922 150.712707519531 188.892395019531
vertex 286.104797363281 152.835098266602 194.069000244141
endloop
endfacet
facet normal -0.000459392203 -0.791443564990 0.611242073482
outer loop
vertex 291.546600341797 140.291000366211 173.281097412109
vertex 289.842895507813 144.672698974609 178.953292846680
vertex 286.188385009766 140.593002319336 173.668106079102
endloop
endfacet
facet normal -0.015224993704 -0.790097512597 0.612792069266
outer loop
vertex 282.235595703125 138.787994384766 171.487701416016
vertex 279.874206542969 136.303207397461 168.225296020508
vertex 284.834503173828 135.860397338867 167.777603149414
endloop
endfacet
facet normal -0.018740189434 -0.806868876909 0.590433248366
outer loop
vertex 279.874206542969 136.303207397461 168.225296020508
vertex 281.010711669922 132.613998413086 163.219802856445
vertex 284.834503173828 135.860397338867 167.777603149414
endloop
endfacet
facet normal 0.011181469642 -0.840480631374 0.541726206696
outer loop
vertex 289.854400634766 127.134002685547 155.451004028320
vertex 290.996887207031 128.675094604492 157.818405151367
vertex 287.601501464844 128.958892822266 158.328796386719
endloop
endfacet
facet normal 0.016963502730 -0.821659603232 0.569726018355
outer loop
vertex 290.996887207031 128.675094604492 157.818405151367
vertex 290.414306640625 130.756805419922 160.837997436523
vertex 287.601501464844 128.958892822266 158.328796386719
endloop
endfacet
facet normal -0.038398445647 -0.838514773500 0.543524179769
outer loop
vertex 277.103302001953 128.292999267578 156.574600219727
vertex 276.294891357422 121.860603332520 146.593994140625
vertex 282.553985595703 124.015098571777 150.360000610352
endloop
endfacet
facet normal -0.014359201808 -0.800999345143 0.598492992777
outer loop
vertex 284.834503173828 135.860397338867 167.777603149414
vertex 285.979309082031 131.847595214844 162.434494018555
vertex 288.800109863281 133.723495483398 165.012802124023
endloop
endfacet
facet normal 0.035896015891 -0.794423635123 0.606302370110
outer loop
vertex 293.092712402344 133.443893432617 164.392303466797
vertex 289.785003662109 136.829406738281 169.024093627930
vertex 288.800109863281 133.723495483398 165.012802124023
endloop
endfacet
facet normal -0.034816889319 -0.816389389506 0.576451341329
outer loop
vertex 285.979309082031 131.847595214844 162.434494018555
vertex 281.010711669922 132.613998413086 163.219802856445
vertex 283.356811523438 129.554397583008 159.028396606445
endloop
endfacet
facet normal -0.008479035536 -0.852559907635 0.522560723601
outer loop
vertex 286.466491699219 117.663101196289 140.287094116211
vertex 281.678100585938 117.717102050781 140.297500610352
vertex 285.124206542969 115.698097229004 137.059402465820
endloop
endfacet
facet normal -0.035356392580 -0.999162983102 -0.020573252114
outer loop
vertex 281.994384765625 154.527496337891 207.052993774414
vertex 284.469696044922 154.534896850586 202.439605712891
vertex 287.141815185547 154.365402221680 206.079101562500
endloop
endfacet
facet normal -0.008008059337 -0.852340852355 0.522925369812
outer loop
vertex 285.124206542969 115.698097229004 137.059402465820
vertex 281.678100585938 117.717102050781 140.297500610352
vertex 281.347412109375 115.097297668457 136.022293090820
endloop
endfacet
facet normal 0.005603787445 -0.847057144587 0.531472286549
outer loop
vertex 286.466491699219 117.663101196289 140.287094116211
vertex 289.809295654297 119.631202697754 143.388595581055
vertex 284.445312500000 120.541702270508 144.896301269531
endloop
endfacet
facet normal -0.003456733105 -0.859776639068 0.510658576653
outer loop
vertex 285.080348031521 113.712343136239 133.715766100690
vertex 285.124206542969 115.698097229004 137.059402465820
vertex 281.347412109375 115.097297668457 136.022293090820
endloop
endfacet
facet normal -0.025441263884 -0.844931713359 0.534268791763
outer loop
vertex 284.445312500000 120.541702270508 144.896301269531
vertex 276.294891357422 121.860603332520 146.593994140625
vertex 281.678100585938 117.717102050781 140.297500610352
endloop
endfacet
facet normal 0.012379729717 -0.856373708764 0.516208110388
outer loop
vertex 291.231811523438 115.906097412109 137.257995605469
vertex 286.466491699219 117.663101196289 140.287094116211
vertex 285.124206542969 115.698097229004 137.059402465820
endloop
endfacet
facet normal -0.003396695711 -0.844433549549 0.535649552277
outer loop
vertex 284.445312500000 120.541702270508 144.896301269531
vertex 289.377899169922 123.781997680664 150.035797119141
vertex 282.553985595703 124.015098571777 150.360000610352
endloop
endfacet
facet normal -0.002337569283 -0.850189446548 0.526471690358
outer loop
vertex 289.377899169922 123.781997680664 150.035797119141
vertex 289.854400634766 127.134002685547 155.451004028320
vertex 285.029205322266 126.747299194336 154.805099487305
endloop
endfacet
facet normal 0.001785729904 -0.776226490444 0.630451621222
outer loop
vertex 289.785003662109 136.829406738281 169.024093627930
vertex 291.546600341797 140.291000366211 173.281097412109
vertex 286.188385009766 140.593002319336 173.668106079102
endloop
endfacet
facet normal -0.005420871889 -0.778942717510 0.627071652194
outer loop
vertex 284.834503173828 135.860397338867 167.777603149414
vertex 289.785003662109 136.829406738281 169.024093627930
vertex 286.188385009766 140.593002319336 173.668106079102
endloop
endfacet
facet normal 0.003667875241 -0.827309438755 0.561734491765
outer loop
vertex 289.842895507813 144.672698974609 178.953292846680
vertex 284.370788574219 147.883895874023 183.718399047852
vertex 284.227905273438 144.209594726563 178.307907104492
endloop
endfacet
facet normal -0.033033357389 -0.826412846089 0.562094836410
outer loop
vertex 284.370788574219 147.883895874023 183.718399047852
vertex 279.921203613281 145.376205444336 179.770004272461
vertex 284.227905273438 144.209594726563 178.307907104492
endloop
endfacet
facet normal 0.005576516043 -0.968836158303 0.247639659251
outer loop
vertex 291.282196044922 152.846801757813 193.998199462891
vertex 288.963500976563 153.989303588867 198.520202636719
vertex 286.104797363281 152.835098266602 194.069000244141
endloop
endfacet
facet normal -0.053631354964 -0.931568028487 0.359589607839
outer loop
vertex 281.364807128906 153.225601196289 194.373703002930
vertex 283.265808105469 151.693496704102 190.688095092773
vertex 286.104797363281 152.835098266602 194.069000244141
endloop
endfacet
facet normal 0.039685287280 -0.975387914092 -0.216895124464
outer loop
vertex 292.128906250000 154.430892944336 207.221206665039
vertex 293.890289306641 153.472106933594 211.855194091797
vertex 287.015197753906 153.503295898438 210.457000732422
endloop
endfacet
facet normal -0.096567569310 -0.902379022353 -0.419984290867
outer loop
vertex 284.239410400391 151.892593383789 214.555999755859
vertex 280.088104248047 153.607299804688 211.826293945313
vertex 287.015197753906 153.503295898438 210.457000732422
endloop
endfacet
facet normal -0.022992077686 -0.844045013700 0.535779226185
outer loop
vertex 276.294891357422 121.860603332520 146.593994140625
vertex 276.121398925781 116.785797119141 138.591903686523
vertex 281.678100585938 117.717102050781 140.297500610352
endloop
endfacet
facet normal -0.017881478559 -0.851891158741 0.523413513757
outer loop
vertex 281.678100585938 117.717102050781 140.297500610352
vertex 276.121398925781 116.785797119141 138.591903686523
vertex 281.347412109375 115.097297668457 136.022293090820
endloop
endfacet
facet normal -0.029518263530 -0.802285151314 0.596210707803
outer loop
vertex 281.010711669922 132.613998413086 163.219802856445
vertex 285.979309082031 131.847595214844 162.434494018555
vertex 284.834503173828 135.860397338867 167.777603149414
endloop
endfacet
facet normal 0.032197991284 -0.808802252875 0.587198607884
outer loop
vertex 290.414306640625 130.756805419922 160.837997436523
vertex 293.092712402344 133.443893432617 164.392303466797
vertex 288.800109863281 133.723495483398 165.012802124023
endloop
endfacet
facet normal -0.013516269027 -0.791393542433 0.611157566808
outer loop
vertex 284.227905273438 144.209594726563 178.307907104492
vertex 280.732788085938 141.744400024414 175.038406372070
vertex 286.188385009766 140.593002319336 173.668106079102
endloop
endfacet
facet normal 0.012036663481 -0.780855374279 0.624595871898
outer loop
vertex 282.235595703125 138.787994384766 171.487701416016
vertex 284.834503173828 135.860397338867 167.777603149414
vertex 286.188385009766 140.593002319336 173.668106079102
endloop
endfacet
facet normal 0.009312680770 -0.813406175488 0.581621584585
outer loop
vertex 285.979309082031 131.847595214844 162.434494018555
vertex 290.414306640625 130.756805419922 160.837997436523
vertex 288.800109863281 133.723495483398 165.012802124023
endloop
endfacet
facet normal -0.057052012075 -0.821321415406 0.567605673433
outer loop
vertex 281.010711669922 132.613998413086 163.219802856445
vertex 277.103302001953 128.292999267578 156.574600219727
vertex 283.356811523438 129.554397583008 159.028396606445
endloop
endfacet
facet normal -0.004109420955 -0.850906129577 0.525301695512
outer loop
vertex 282.553985595703 124.015098571777 150.360000610352
vertex 289.377899169922 123.781997680664 150.035797119141
vertex 285.029205322266 126.747299194336 154.805099487305
endloop
endfacet
facet normal -0.043190846605 -0.840232535594 0.540503318121
outer loop
vertex 277.103302001953 128.292999267578 156.574600219727
vertex 282.553985595703 124.015098571777 150.360000610352
vertex 285.029205322266 126.747299194336 154.805099487305
endloop
endfacet
facet normal 0.021856675147 -0.999032879304 -0.038152219096
outer loop
vertex 290.095886230469 154.540298461914 203.191696166992
vertex 292.128906250000 154.430892944336 207.221206665039
vertex 287.141815185547 154.365402221680 206.079101562500
endloop
endfacet
facet normal 0.056683200052 -0.979889094784 -0.191322703190
outer loop
vertex 292.128906250000 154.430892944336 207.221206665039
vertex 287.015197753906 153.503295898438 210.457000732422
vertex 287.141815185547 154.365402221680 206.079101562500
endloop
endfacet
facet normal 0.009207092769 -0.857675531197 0.514108852899
outer loop
vertex 291.232428448524 113.610063815515 133.427566497727
vertex 291.231811523438 115.906097412109 137.257995605469
vertex 286.657840013504 113.654783607268 133.584097027779
endloop
endfacet
facet normal 0.004988337842 -0.848054745871 0.529885142736
outer loop
vertex 289.809295654297 119.631202697754 143.388595581055
vertex 289.377899169922 123.781997680664 150.035797119141
vertex 284.445312500000 120.541702270508 144.896301269531
endloop
endfacet
facet normal -0.026863679580 -0.847786120500 0.529657471020
outer loop
vertex 276.294891357422 121.860603332520 146.593994140625
vertex 284.445312500000 120.541702270508 144.896301269531
vertex 282.553985595703 124.015098571777 150.360000610352
endloop
endfacet
facet normal -0.042955812861 -0.839806424492 0.541183857412
outer loop
vertex 283.356811523438 129.554397583008 159.028396606445
vertex 277.103302001953 128.292999267578 156.574600219727
vertex 285.029205322266 126.747299194336 154.805099487305
endloop
endfacet
facet normal -0.021383353129 -0.821622131641 0.569631306204
outer loop
vertex 287.601501464844 128.958892822266 158.328796386719
vertex 285.979309082031 131.847595214844 162.434494018555
vertex 283.356811523438 129.554397583008 159.028396606445
endloop
endfacet
facet normal -0.003630617605 -0.845792846121 0.533499090970
outer loop
vertex 289.854400634766 127.134002685547 155.451004028320
vertex 287.601501464844 128.958892822266 158.328796386719
vertex 285.029205322266 126.747299194336 154.805099487305
endloop
endfacet
facet normal -0.027546369617 -0.837495314540 0.545749755515
outer loop
vertex 287.601501464844 128.958892822266 158.328796386719
vertex 283.356811523438 129.554397583008 159.028396606445
vertex 285.029205322266 126.747299194336 154.805099487305
endloop
endfacet
facet normal -0.003388434222 -0.850952191943 0.525232220585
outer loop
vertex 272.659808620846 115.216738379675 136.027469723988
vertex 273.445785045624 115.079951990048 135.810926556587
vertex 276.121398925781 116.785797119141 138.591903686523
endloop
endfacet
facet normal -0.020439461577 -0.854119327737 0.519675285535
outer loop
vertex 276.121398925781 116.785797119141 138.591903686523
vertex 280.053224098394 114.130405412232 134.382242286541
vertex 281.347412109375 115.097297668457 136.022293090820
endloop
endfacet
facet normal 0.010765431323 -0.657278908455 -0.753570528875
outer loop
vertex 287.006591796875 143.290405273438 224.088104248047
vertex 285.651092529297 146.191101074219 221.538696289063
vertex 288.987396240234 145.757797241211 221.964294433594
endloop
endfacet
facet normal -0.118469355985 -0.822594046341 -0.556151100527
outer loop
vertex 278.517089843750 150.020797729492 218.601303100586
vertex 279.441497802734 151.812103271484 215.754898071289
vertex 282.445098876953 150.201705932617 217.496994018555
endloop
endfacet
facet normal -0.123635079937 -0.825814817145 -0.550222005007
outer loop
vertex 279.441497802734 151.812103271484 215.754898071289
vertex 284.239410400391 151.892593383789 214.555999755859
vertex 282.445098876953 150.201705932617 217.496994018555
endloop
endfacet
facet normal 0.031427561747 -0.852150410923 -0.522352357635
outer loop
vertex 289.614196777344 151.824600219727 214.582199096680
vertex 291.276489257813 150.026000976563 217.616394042969
vertex 286.815795898438 150.095397949219 217.234802246094
endloop
endfacet
facet normal -0.018366152067 -0.779738843279 -0.625835458200
outer loop
vertex 286.815795898438 150.095397949219 217.234802246094
vertex 288.835693359375 147.984207153320 219.805892944336
vertex 284.473388671875 148.392105102539 219.425704956055
endloop
endfacet
facet normal 0.072514518931 -0.700687129131 -0.709774042646
outer loop
vertex 292.597595214844 148.512298583984 219.668899536133
vertex 292.040008544922 146.712997436523 221.388198852539
vertex 288.835693359375 147.984207153320 219.805892944336
endloop
endfacet
facet normal 0.064201714248 -0.657789034285 -0.750461009155
outer loop
vertex 292.040008544922 146.712997436523 221.388198852539
vertex 291.397796630859 144.541397094727 223.236694335938
vertex 288.987396240234 145.757797241211 221.964294433594
endloop
endfacet
facet normal 0.049055751731 -0.673911433629 -0.737181736647
outer loop
vertex 291.397796630859 144.541397094727 223.236694335938
vertex 287.006591796875 143.290405273438 224.088104248047
vertex 288.987396240234 145.757797241211 221.964294433594
endloop
endfacet
facet normal 0.091395574573 -0.643207346460 -0.760217836155
outer loop
vertex 293.850494384766 143.661895751953 224.275695800781
vertex 291.562103271484 142.285293579102 225.165298461914
vertex 291.397796630859 144.541397094727 223.236694335938
endloop
endfacet
facet normal 0.278251902194 -0.630293643069 -0.724779830316
outer loop
vertex 297.963638209036 135.501252609759 232.748288846358
vertex 297.542602539063 136.235992431641 231.947692871094
vertex 299.631567029049 135.979486363369 232.972738624466
endloop
endfacet
facet normal 0.141511054846 -0.682443293010 -0.717109317456
outer loop
vertex 294.796112060547 135.370407104492 232.042694091797
vertex 292.241973395876 134.430914861693 232.432748043765
vertex 292.241970628020 134.430922354443 232.432740367029
endloop
endfacet
facet normal -0.001982862487 -0.693087076107 -0.720851144960
outer loop
vertex 288.835693359375 147.984207153320 219.805892944336
vertex 285.651092529297 146.191101074219 221.538696289063
vertex 284.473388671875 148.392105102539 219.425704956055
endloop
endfacet
facet normal 0.136564776124 -0.693640329417 -0.707257488704
outer loop
vertex 294.519714355469 137.586807250977 229.815597534180
vertex 294.796112060547 135.370407104492 232.042694091797
vertex 291.729614257813 135.817901611328 231.011703491211
endloop
endfacet
facet normal -0.103316347460 -0.706042874580 -0.700592029359
outer loop
vertex 280.326599121094 135.855804443359 231.418594360352
vertex 282.553497314453 138.026702880859 228.902404785156
vertex 284.444610595703 135.908905029297 230.757797241211
endloop
endfacet
facet normal 0.182081054332 -0.673515911849 -0.716395704998
outer loop
vertex 295.733331980667 135.030030855755 232.600903483542
vertex 294.927775712213 134.867907559533 232.548580563771
vertex 294.796112060547 135.370407104492 232.042694091797
endloop
endfacet
facet normal -0.025996357226 -0.700158212901 -0.713514307017
outer loop
vertex 284.444610595703 135.908905029297 230.757797241211
vertex 286.511993408203 138.031097412109 228.600006103516
vertex 288.233398437500 135.938003540039 230.591201782227
endloop
endfacet
facet normal -0.004440108422 -0.649494986643 -0.760352910011
outer loop
vertex 287.006591796875 143.290405273438 224.088104248047
vertex 288.842712402344 140.270492553711 226.656997680664
vertex 284.644104003906 140.313003540039 226.645202636719
endloop
endfacet
facet normal -0.034895718319 -0.635055557415 -0.771677865329
outer loop
vertex 282.272399902344 142.342697143555 225.082107543945
vertex 287.006591796875 143.290405273438 224.088104248047
vertex 284.644104003906 140.313003540039 226.645202636719
endloop
endfacet
facet normal -0.083135966759 -0.642262538796 -0.761962756499
outer loop
vertex 282.672210693359 144.678298950195 223.069793701172
vertex 282.272399902344 142.342697143555 225.082107543945
vertex 280.102111816406 143.715103149414 224.162094116211
endloop
endfacet
facet normal -0.060850403671 -0.704143469803 -0.707445547238
outer loop
vertex 283.000281586322 134.145713701581 232.636991570893
vertex 285.397171974182 134.054690599442 232.521423065298
vertex 283.000328780387 134.145707558537 232.636993625901
endloop
endfacet
facet normal 0.037005948227 -0.647777457205 -0.760930302809
outer loop
vertex 291.397796630859 144.541397094727 223.236694335938
vertex 291.562103271484 142.285293579102 225.165298461914
vertex 287.006591796875 143.290405273438 224.088104248047
endloop
endfacet
facet normal -0.084712941421 -0.698476448339 -0.710601413362
outer loop
vertex 281.912292480469 146.948593139648 221.149902343750
vertex 281.161712646484 148.743301391602 219.475296020508
vertex 284.473388671875 148.392105102539 219.425704956055
endloop
endfacet
facet normal -0.071091018453 -0.710318108072 -0.700281552263
outer loop
vertex 285.651092529297 146.191101074219 221.538696289063
vertex 281.912292480469 146.948593139648 221.149902343750
vertex 284.473388671875 148.392105102539 219.425704956055
endloop
endfacet
facet normal -0.040512738324 -0.670232387730 -0.741044711519
outer loop
vertex 287.006591796875 143.290405273438 224.088104248047
vertex 282.672210693359 144.678298950195 223.069793701172
vertex 285.651092529297 146.191101074219 221.538696289063
endloop
endfacet
facet normal 0.085921880195 -0.774612124955 -0.626572810116
outer loop
vertex 291.276489257813 150.026000976563 217.616394042969
vertex 292.597595214844 148.512298583984 219.668899536133
vertex 288.835693359375 147.984207153320 219.805892944336
endloop
endfacet
facet normal 0.073426886135 -0.655548539937 -0.751574749562
outer loop
vertex 291.562103271484 142.285293579102 225.165298461914
vertex 292.882995605469 139.955001831055 227.326904296875
vertex 288.842712402344 140.270492553711 226.656997680664
endloop
endfacet
facet normal -0.029492121436 -0.649541945801 -0.759753562294
outer loop
vertex 282.272399902344 142.342697143555 225.082107543945
vertex 282.672210693359 144.678298950195 223.069793701172
vertex 287.006591796875 143.290405273438 224.088104248047
endloop
endfacet
facet normal 0.117105840053 -0.676405516764 -0.727160091807
outer loop
vertex 294.519714355469 137.586807250977 229.815597534180
vertex 291.729614257813 135.817901611328 231.011703491211
vertex 290.451507568359 137.908599853516 228.861099243164
endloop
endfacet
facet normal 0.044248442585 -0.754755505764 -0.654512186172
outer loop
vertex 286.815795898438 150.095397949219 217.234802246094
vertex 291.276489257813 150.026000976563 217.616394042969
vertex 288.835693359375 147.984207153320 219.805892944336
endloop
endfacet
facet normal -0.147473901548 -0.748005465722 -0.647100665748
outer loop
vertex 281.161712646484 148.743301391602 219.475296020508
vertex 278.517089843750 150.020797729492 218.601303100586
vertex 282.445098876953 150.201705932617 217.496994018555
endloop
endfacet
facet normal -0.054426779495 -0.655323490191 -0.753384927430
outer loop
vertex 282.672210693359 144.678298950195 223.069793701172
vertex 281.912292480469 146.948593139648 221.149902343750
vertex 285.651092529297 146.191101074219 221.538696289063
endloop
endfacet
facet normal -0.055429419330 -0.675358710962 -0.735403420579
outer loop
vertex 286.511993408203 138.031097412109 228.600006103516
vertex 282.553497314453 138.026702880859 228.902404785156
vertex 284.644104003906 140.313003540039 226.645202636719
endloop
endfacet
facet normal 0.001200797740 -0.696013157076 -0.718028024009
outer loop
vertex 288.987396240234 145.757797241211 221.964294433594
vertex 285.651092529297 146.191101074219 221.538696289063
vertex 288.835693359375 147.984207153320 219.805892944336
endloop
endfacet
facet normal 0.080631277933 -0.690951831363 -0.718389980272
outer loop
vertex 292.040008544922 146.712997436523 221.388198852539
vertex 288.987396240234 145.757797241211 221.964294433594
vertex 288.835693359375 147.984207153320 219.805892944336
endloop
endfacet
facet normal 0.043594830359 -0.631810179612 -0.773896238332
outer loop
vertex 287.006591796875 143.290405273438 224.088104248047
vertex 291.562103271484 142.285293579102 225.165298461914
vertex 288.842712402344 140.270492553711 226.656997680664
endloop
endfacet
facet normal 0.073985950142 -0.652991861835 -0.753742467663
outer loop
vertex 288.842712402344 140.270492553711 226.656997680664
vertex 292.882995605469 139.955001831055 227.326904296875
vertex 290.451507568359 137.908599853516 228.861099243164
endloop
endfacet
facet normal -0.076069928536 -0.664439470313 -0.743460527710
outer loop
vertex 282.553497314453 138.026702880859 228.902404785156
vertex 280.684600830078 140.094406127930 227.245697021484
vertex 284.644104003906 140.313003540039 226.645202636719
endloop
endfacet
facet normal 0.027698035903 -0.676934776575 -0.735521670021
outer loop
vertex 288.233398437500 135.938003540039 230.591201782227
vertex 286.511993408203 138.031097412109 228.600006103516
vertex 290.451507568359 137.908599853516 228.861099243164
endloop
endfacet
facet normal 0.115975439683 -0.680335091944 -0.723666953826
outer loop
vertex 292.882995605469 139.955001831055 227.326904296875
vertex 294.519714355469 137.586807250977 229.815597534180
vertex 290.451507568359 137.908599853516 228.861099243164
endloop
endfacet
facet normal -0.076367664630 -0.662851938893 -0.744845814182
outer loop
vertex 280.684600830078 140.094406127930 227.245697021484
vertex 282.272399902344 142.342697143555 225.082107543945
vertex 284.644104003906 140.313003540039 226.645202636719
endloop
endfacet
facet normal 0.063420097242 -0.687297169395 -0.723602440714
outer loop
vertex 291.729614257813 135.817901611328 231.011703491211
vertex 289.765014648438 134.376495361328 232.208602905273
vertex 288.233398437500 135.938003540039 230.591201782227
endloop
endfacet
facet normal 0.079677616572 -0.698843796363 -0.710822640117
outer loop
vertex 291.729614257813 135.817901611328 231.011703491211
vertex 292.241970628020 134.430922354443 232.432740367029
vertex 290.348199615530 134.233742821528 232.414320206328
endloop
endfacet
facet normal 0.061981012635 -0.696983181947 -0.714403806090
outer loop
vertex 291.729614257813 135.817901611328 231.011703491211
vertex 288.233398437500 135.938003540039 230.591201782227
vertex 290.451507568359 137.908599853516 228.861099243164
endloop
endfacet
facet normal -0.091318282658 -0.772340457004 -0.628610523080
outer loop
vertex 281.161712646484 148.743301391602 219.475296020508
vertex 282.445098876953 150.201705932617 217.496994018555
vertex 284.473388671875 148.392105102539 219.425704956055
endloop
endfacet
facet normal -0.057435685042 -0.757492956216 -0.650311896991
outer loop
vertex 282.445098876953 150.201705932617 217.496994018555
vertex 286.815795898438 150.095397949219 217.234802246094
vertex 284.473388671875 148.392105102539 219.425704956055
endloop
endfacet
facet normal -0.051994881917 -0.851721460652 -0.521408751096
outer loop
vertex 282.445098876953 150.201705932617 217.496994018555
vertex 284.239410400391 151.892593383789 214.555999755859
vertex 286.815795898438 150.095397949219 217.234802246094
endloop
endfacet
facet normal -0.007858748544 -0.833880973641 -0.551888359971
outer loop
vertex 284.239410400391 151.892593383789 214.555999755859
vertex 289.614196777344 151.824600219727 214.582199096680
vertex 286.815795898438 150.095397949219 217.234802246094
endloop
endfacet
facet normal -0.004480073691 -0.652683245915 -0.757617653861
outer loop
vertex 288.842712402344 140.270492553711 226.656997680664
vertex 286.511993408203 138.031097412109 228.600006103516
vertex 284.644104003906 140.313003540039 226.645202636719
endloop
endfacet
facet normal 0.028179796463 -0.671665411246 -0.740318495248
outer loop
vertex 286.511993408203 138.031097412109 228.600006103516
vertex 288.842712402344 140.270492553711 226.656997680664
vertex 290.451507568359 137.908599853516 228.861099243164
endloop
endfacet
facet normal -0.054723936842 -0.685184144733 -0.726311213285
outer loop
vertex 284.444610595703 135.908905029297 230.757797241211
vertex 282.553497314453 138.026702880859 228.902404785156
vertex 286.511993408203 138.031097412109 228.600006103516
endloop
endfacet
facet normal -0.026658201329 -0.686911020028 -0.726252429164
outer loop
vertex 286.330943725696 134.030005950968 232.465674811411
vertex 288.233398437500 135.938003540039 230.591201782227
vertex 286.943646305677 134.028151646873 232.444938485844
endloop
endfacet
facet normal 0.079677616572 -0.698843796363 -0.710822640117
outer loop
vertex 291.729614257813 135.817901611328 231.011703491211
vertex 290.348199615530 134.233742821528 232.414320206328
vertex 289.765014648438 134.376495361328 232.208602905273
endloop
endfacet
facet normal 0.827006307447 0.417597575573 0.376394516855
outer loop
vertex 345.011505126953 245.023193359375 249.338897705078
vertex 344.291493909364 247.276637500585 248.420767986906
vertex 343.846698174684 247.305631637573 249.365895986557
endloop
endfacet
facet normal 0.854807292231 0.414361898481 0.312423927117
outer loop
vertex 342.398467681914 247.251601129980 252.927273594980
vertex 341.876986695674 247.202962552291 254.418579742651
vertex 343.237487792969 246.639495849609 251.443496704102
endloop
endfacet
facet normal 0.821223326565 0.373809651069 0.431113201693
outer loop
vertex 345.011505126953 245.023193359375 249.338897705078
vertex 345.658996582031 243.261993408203 249.632598876953
vertex 346.151489257813 243.526397705078 248.465194702148
endloop
endfacet
facet normal 0.816447731256 0.356835054982 0.453962383533
outer loop
vertex 346.225402832031 245.259201049805 246.970199584961
vertex 345.011505126953 245.023193359375 249.338897705078
vertex 346.151489257813 243.526397705078 248.465194702148
endloop
endfacet
facet normal 0.814977871366 0.358227809896 0.455504012497
outer loop
vertex 347.284301757813 242.661102294922 247.118896484375
vertex 346.225402832031 245.259201049805 246.970199584961
vertex 346.151489257813 243.526397705078 248.465194702148
endloop
endfacet
facet normal 0.075549487369 -0.498727101246 0.863460221111
outer loop
vertex 369.128204345703 184.973403930664 200.481796264648
vertex 366.233184814453 187.496307373047 202.192306518555
vertex 362.214691162109 180.990997314453 198.786499023438
endloop
endfacet
facet normal 0.072672641222 -0.501217453621 0.862264316439
outer loop
vertex 374.347900390625 190.185394287109 203.071502685547
vertex 366.233184814453 187.496307373047 202.192306518555
vertex 369.128204345703 184.973403930664 200.481796264648
endloop
endfacet
facet normal 0.081927123402 -0.490587828097 0.867531860726
outer loop
vertex 367.250701904297 180.361892700195 198.051300048828
vertex 375.685791015625 185.210693359375 199.996704101563
vertex 369.128204345703 184.973403930664 200.481796264648
endloop
endfacet
facet normal 0.066452306788 -0.486263799849 0.871281589315
outer loop
vertex 367.250701904297 180.361892700195 198.051300048828
vertex 369.128204345703 184.973403930664 200.481796264648
vertex 362.214691162109 180.990997314453 198.786499023438
endloop
endfacet
facet normal -0.155875319039 -0.586966556714 0.794464062255
outer loop
vertex 205.950607299805 179.192306518555 196.986999511719
vertex 211.086303710938 179.900695800781 198.518005371094
vertex 204.619903564453 183.667800903320 200.032501220703
endloop
endfacet
facet normal -0.136269735606 -0.564669656567 0.813989396805
outer loop
vertex 199.869293212891 189.039093017578 202.963302612305
vertex 198.056106567383 184.067596435547 199.210998535156
vertex 204.619903564453 183.667800903320 200.032501220703
endloop
endfacet
facet normal -0.165105857316 -0.580923614856 0.797036893489
outer loop
vertex 208.054092407227 185.921493530273 202.386505126953
vertex 199.869293212891 189.039093017578 202.963302612305
vertex 204.619903564453 183.667800903320 200.032501220703
endloop
endfacet
facet normal -0.157220103893 -0.588663152208 0.792942325875
outer loop
vertex 211.086303710938 179.900695800781 198.518005371094
vertex 208.054092407227 185.921493530273 202.386505126953
vertex 204.619903564453 183.667800903320 200.032501220703
endloop
endfacet
facet normal -0.206931245658 -0.647730583097 0.733228853286
outer loop
vertex 203.361602783203 165.218704223633 184.853103637695
vertex 204.435302734375 168.633804321289 188.173004150391
vertex 199.003601074219 167.015197753906 185.210205078125
endloop
endfacet
facet normal -0.214575225582 -0.663075371149 0.717139125094
outer loop
vertex 200.822494506836 161.326400756836 180.494506835938
vertex 203.361602783203 165.218704223633 184.853103637695
vertex 199.003601074219 167.015197753906 185.210205078125
endloop
endfacet
facet normal -0.185351696540 -0.656854943486 0.730880518147
outer loop
vertex 198.686294555664 172.164505004883 189.757507324219
vertex 193.234893798828 169.546401977539 186.022094726563
vertex 199.003601074219 167.015197753906 185.210205078125
endloop
endfacet
facet normal 0.218322803430 -0.660953221262 0.717966568028
outer loop
vertex 378.842652092911 170.650169083935 187.427849524356
vertex 379.340350386933 171.805907295236 188.340468629563
vertex 375.524688720703 169.834503173828 187.685897827148
endloop
endfacet
facet normal 0.241483441257 -0.663165763706 0.708446834594
outer loop
vertex 375.312572803840 163.723700776563 182.045171016348
vertex 372.945892333984 167.065399169922 185.979995727539
vertex 368.247100830078 163.212600708008 183.975097656250
endloop
endfacet
facet normal 0.267732388765 -0.647969067619 0.713060625344
outer loop
vertex 375.524688720703 169.834503173828 187.685897827148
vertex 374.667602539063 174.986602783203 192.689498901367
vertex 368.263885498047 171.356094360352 191.794799804688
endloop
endfacet
facet normal -0.020114743725 -0.823891500176 0.566390495173
outer loop
vertex 309.554412841797 116.936698913574 138.526000976563
vertex 304.118455770818 114.578894264033 134.903203435465
vertex 304.271101951599 114.569269756584 134.894624352455
endloop
endfacet
facet normal -0.020114743725 -0.823891500176 0.566390495173
outer loop
vertex 308.643788099289 115.340796338654 136.172205209732
vertex 309.554412841797 116.936698913574 138.526000976563
vertex 304.271101951599 114.569269756584 134.894624352455
endloop
endfacet
facet normal -0.006029654971 -0.833952190426 0.551803758002
outer loop
vertex 306.498992919922 119.969596862793 143.076293945313
vertex 304.118455770818 114.578894264033 134.903203435465
vertex 309.554412841797 116.936698913574 138.526000976563
endloop
endfacet
facet normal 0.018534200937 -0.837587528024 0.545988659492
outer loop
vertex 303.434459947906 114.501350586979 134.791623316591
vertex 303.749908613063 114.548280309691 134.852908768057
vertex 298.925415039063 116.815002441406 138.494003295898
endloop
endfacet
facet normal -0.006029654971 -0.833952190426 0.551803758002
outer loop
vertex 306.498992919922 119.969596862793 143.076293945313
vertex 303.749908613063 114.548280309691 134.852908768057
vertex 304.118455770818 114.578894264033 134.903203435465
endloop
endfacet
facet normal 0.000834770882 -0.857712182136 0.514129473746
outer loop
vertex 296.135755156788 113.764292678397 133.676902174274
vertex 291.231811523438 115.906097412109 137.257995605469
vertex 291.698783636093 113.612613030887 133.431062102318
endloop
endfacet
facet normal 0.015341519810 -0.848721367544 0.528617705005
outer loop
vertex 296.657888541801 113.798984564215 133.717448347624
vertex 298.925415039063 116.815002441406 138.494003295898
vertex 291.231811523438 115.906097412109 137.257995605469
endloop
endfacet
facet normal 0.003255688104 -0.846241642968 0.532789341300
outer loop
vertex 298.925415039063 116.815002441406 138.494003295898
vertex 296.657888541801 113.798984564215 133.717448347624
vertex 299.095451831818 113.992214965368 134.009465575218
endloop
endfacet
facet normal 0.015341519810 -0.848721367544 0.528617705005
outer loop
vertex 296.135755156788 113.764292678397 133.676902174274
vertex 296.657888541801 113.798984564215 133.717448347624
vertex 291.231811523438 115.906097412109 137.257995605469
endloop
endfacet
facet normal -0.003388434222 -0.850952191943 0.525232220585
outer loop
vertex 276.121398925781 116.785797119141 138.591903686523
vertex 273.445785045624 115.079951990048 135.810926556587
vertex 277.800387143816 114.428504322030 134.783579952327
endloop
endfacet
facet normal 0.012683377032 -0.859805556654 0.510464040549
outer loop
vertex 291.231811523438 115.906097412109 137.257995605469
vertex 285.124206542969 115.698097229004 137.059402465820
vertex 286.059175986247 113.674928069736 133.628424931598
endloop
endfacet
facet normal 0.009207092769 -0.857675531197 0.514108852899
outer loop
vertex 291.231811523438 115.906097412109 137.257995605469
vertex 286.059175986247 113.674928069736 133.628424931598
vertex 286.657840013504 113.654783607268 133.584097027779
endloop
endfacet
facet normal 0.012683377032 -0.859805556654 0.510464040549
outer loop
vertex 286.059175986247 113.674928069736 133.628424931598
vertex 285.124206542969 115.698097229004 137.059402465820
vertex 285.080348031521 113.712343136239 133.715766100690
endloop
endfacet
facet normal -0.003456733105 -0.859776639068 0.510658576653
outer loop
vertex 283.990842376894 113.784348100490 133.829623105260
vertex 285.080348031521 113.712343136239 133.715766100690
vertex 281.347412109375 115.097297668457 136.022293090820
endloop
endfacet
facet normal -0.003984082042 -0.860053370271 0.510188521408
outer loop
vertex 280.053224098394 114.130405412232 134.382242286541
vertex 283.990842376894 113.784348100490 133.829623105260
vertex 281.347412109375 115.097297668457 136.022293090820
endloop
endfacet
facet normal -0.020439461577 -0.854119327737 0.519675285535
outer loop
vertex 276.121398925781 116.785797119141 138.591903686523
vertex 277.800387143816 114.428504322030 134.783579952327
vertex 280.053224098394 114.130405412232 134.382242286541
endloop
endfacet
facet normal -0.020238179105 -0.840431549360 0.541539681783
outer loop
vertex 267.468109130859 119.939598083496 143.162994384766
vertex 272.659808620846 115.216738379675 136.027469723988
vertex 276.121398925781 116.785797119141 138.591903686523
endloop
endfacet
facet normal 0.009785682100 -0.817609768467 0.575689592518
outer loop
vertex 262.604981660843 117.489533582860 139.426767826080
vertex 264.168355366769 117.083538753127 138.823588575769
vertex 260.091400146484 120.412803649902 143.621200561523
endloop
endfacet
facet normal -0.018410816355 -0.828684208476 0.559413554058
outer loop
vertex 264.318190045746 117.042230961766 138.767328702547
vertex 267.468109130859 119.939598083496 143.162994384766
vertex 260.091400146484 120.412803649902 143.621200561523
endloop
endfacet
facet normal -0.018410816355 -0.828684208476 0.559413554058
outer loop
vertex 264.168355366769 117.083538753127 138.823588575769
vertex 264.318189095107 117.042230087347 138.767327375945
vertex 260.091400146484 120.412803649902 143.621200561523
endloop
endfacet
facet normal 0.004646976587 -0.836456573622 0.548013509006
outer loop
vertex 264.318190045746 117.042230961766 138.767328702547
vertex 265.683174133301 116.713443948004 138.253912329674
vertex 267.468109130859 119.939598083496 143.162994384766
endloop
endfacet
facet normal 0.009785682100 -0.817609768467 0.575689592518
outer loop
vertex 262.604981660843 117.489533582860 139.426767826080
vertex 260.091400146484 120.412803649902 143.621200561523
vertex 259.586423729698 118.323232084889 140.662118780436
endloop
endfacet
facet normal -0.015923319100 -0.815476789895 0.578570698403
outer loop
vertex 253.908096313477 122.136199951172 145.880096435547
vertex 259.586423729698 118.323232084889 140.662118780436
vertex 260.091400146484 120.412803649902 143.621200561523
endloop
endfacet
facet normal 0.026338001804 -0.798490172529 0.601431420892
outer loop
vertex 253.908096313477 122.136199951172 145.880096435547
vertex 254.195699313889 120.071051331019 143.125707973618
vertex 257.490550644924 119.013679213948 141.577599557355
endloop
endfacet
facet normal 0.013722809917 -0.799326017320 0.600740878020
outer loop
vertex 253.908096313477 122.136199951172 145.880096435547
vertex 250.897693205132 121.240370322221 144.756902119054
vertex 254.195699313889 120.071051331019 143.125707973618
endloop
endfacet
facet normal 0.000553814036 -0.797543098182 0.603261717526
outer loop
vertex 253.908096313477 122.136199951172 145.880096435547
vertex 247.648895263672 125.236503601074 149.984603881836
vertex 245.039225334149 123.604130262301 147.828917916064
endloop
endfacet
facet normal 0.004831493028 -0.788056835395 0.615583528746
outer loop
vertex 245.039225334149 123.604130262301 147.828917916064
vertex 245.297864079475 123.495197955455 147.687435150146
vertex 253.908096313477 122.136199951172 145.880096435547
endloop
endfacet
facet normal -0.092265596552 -0.739304027089 0.667020700745
outer loop
vertex 226.341600955102 133.694044502658 158.818053961203
vertex 228.043319851764 132.557157230902 157.793355284794
vertex 228.437194824219 133.244705200195 158.609893798828
endloop
endfacet
facet normal -0.017700726625 -0.793514558237 0.608293786047
outer loop
vertex 247.648895263672 125.236503601074 149.984603881836
vertex 241.849304199219 128.262405395508 153.763107299805
vertex 238.235288552244 126.753456354630 151.689530742734
endloop
endfacet
facet normal -0.013979283341 -0.784105668155 0.620469887105
outer loop
vertex 247.648895263672 125.236503601074 149.984603881836
vertex 238.235288552244 126.753456354630 151.689530742734
vertex 238.999664783478 126.380661014284 151.235640048981
endloop
endfacet
facet normal -0.017700726625 -0.793514558237 0.608293786047
outer loop
vertex 238.235288552244 126.753456354630 151.689530742734
vertex 241.849304199219 128.262405395508 153.763107299805
vertex 237.594763522957 127.061713664160 152.073011405706
endloop
endfacet
facet normal -0.039338787736 -0.765168969281 0.642626569812
outer loop
vertex 237.594763522957 127.061713664160 152.073011405706
vertex 241.849304199219 128.262405395508 153.763107299805
vertex 233.973841217680 129.026435758353 154.190729143645
endloop
endfacet
facet normal -0.081879320618 -0.759988925082 0.644757792204
outer loop
vertex 228.437194824219 133.244705200195 158.609893798828
vertex 232.662802270758 129.732053325384 155.006080578267
vertex 236.642395019531 131.816894531250 157.968902587891
endloop
endfacet
facet normal -0.053477426095 -0.750987075260 0.658147838779
outer loop
vertex 228.437194824219 133.244705200195 158.609893798828
vertex 228.043319851764 132.557157230902 157.793355284794
vertex 229.984729097186 131.365163189831 156.590965027529
endloop
endfacet
facet normal -0.081879320618 -0.759988925082 0.644757792204
outer loop
vertex 228.437194824219 133.244705200195 158.609893798828
vertex 229.984729097186 131.365163189831 156.590965027529
vertex 232.662802270758 129.732053325384 155.006080578267
endloop
endfacet
facet normal -0.124521073574 -0.728165061712 0.673995656616
outer loop
vertex 219.175344174925 138.825946976271 163.298198580861
vertex 222.885926096745 136.047638535512 160.982128028467
vertex 224.130905151367 137.120193481445 162.370895385742
endloop
endfacet
facet normal -0.094237347861 -0.745276302174 0.660062539223
outer loop
vertex 224.130905151367 137.120193481445 162.370895385742
vertex 226.341600955102 133.694044502658 158.818053961203
vertex 228.437194824219 133.244705200195 158.609893798828
endloop
endfacet
facet normal -0.144757437312 -0.716426980747 0.682479058726
outer loop
vertex 222.384201049805 140.675506591797 165.985305786133
vertex 219.764602661133 146.120101928711 171.145095825195
vertex 218.162640982801 139.595019322516 163.955657504456
endloop
endfacet
facet normal -0.144757437312 -0.716426980747 0.682479058726
outer loop
vertex 218.162640982801 139.595019322516 163.955657504456
vertex 219.764602661133 146.120101928711 171.145095825195
vertex 217.661548786384 139.996699402007 164.271033663788
endloop
endfacet
facet normal -0.129854613219 -0.737527476884 0.662714871016
outer loop
vertex 222.384201049805 140.675506591797 165.985305786133
vertex 219.175344174925 138.825946976271 163.298198580861
vertex 224.130905151367 137.120193481445 162.370895385742
endloop
endfacet
facet normal -0.129854613219 -0.737527476884 0.662714871016
outer loop
vertex 222.384201049805 140.675506591797 165.985305786133
vertex 218.162640982801 139.595019322516 163.955657504456
vertex 219.175344174925 138.825946976271 163.298198580861
endloop
endfacet
facet normal -0.149319009451 -0.715200767316 0.682782319519
outer loop
vertex 219.764602661133 146.120101928711 171.145095825195
vertex 212.819680725605 144.006969010300 167.412832882868
vertex 213.028758764267 143.830278414280 167.273476719856
endloop
endfacet
facet normal -0.175710574876 -0.680255502842 0.711602589041
outer loop
vertex 210.936041799135 145.742264943047 168.607323364655
vertex 211.038894653320 148.485595703125 171.255203247070
vertex 209.644451737404 146.952405571938 169.445233174072
endloop
endfacet
facet normal -0.175444165191 -0.680293695319 0.711631810004
outer loop
vertex 212.819680725605 144.006969010300 167.412832882868
vertex 219.764602661133 146.120101928711 171.145095825195
vertex 211.038894653320 148.485595703125 171.255203247070
endloop
endfacet
facet normal -0.175444165191 -0.680293695319 0.711631810004
outer loop
vertex 210.936041799135 145.742264943047 168.607323364655
vertex 212.819680725605 144.006969010300 167.412832882868
vertex 211.038894653320 148.485595703125 171.255203247070
endloop
endfacet
facet normal -0.182410629540 -0.667739274148 0.721699815707
outer loop
vertex 211.038894653320 148.485595703125 171.255203247070
vertex 204.784301757813 153.643707275391 174.446792602539
vertex 208.534855691241 148.010418062115 170.182654689183
endloop
endfacet
facet normal -0.175710574876 -0.680255502842 0.711602589041
outer loop
vertex 211.038894653320 148.485595703125 171.255203247070
vertex 208.534855691241 148.010418062115 170.182654689183
vertex 209.644451737404 146.952405571938 169.445233174072
endloop
endfacet
facet normal -0.212154576907 -0.666302095915 0.714864988985
outer loop
vertex 204.784301757813 153.643707275391 174.446792602539
vertex 203.588157877592 153.034225200493 173.523727977859
vertex 205.131480775892 151.407757709433 172.465772009438
endloop
endfacet
facet normal -0.207555876747 -0.670879287957 0.711928043427
outer loop
vertex 202.741985342178 153.929751726777 174.120926135396
vertex 203.588157877592 153.034225200493 173.523727977859
vertex 204.784301757813 153.643707275391 174.446792602539
endloop
endfacet
facet normal -0.182410629540 -0.667739274148 0.721699815707
outer loop
vertex 205.131480775892 151.407757709433 172.465772009438
vertex 205.473825335503 151.059716939926 172.230281850694
vertex 204.784301757813 153.643707275391 174.446792602539
endloop
endfacet
facet normal -0.207574451813 -0.668912707230 0.713770717430
outer loop
vertex 202.741985342178 153.929751726777 174.120926135396
vertex 200.822494506836 161.326400756836 180.494506835938
vertex 199.943110346794 156.998604536057 176.182960430086
endloop
endfacet
facet normal -0.207574451813 -0.668912707230 0.713770717430
outer loop
vertex 200.822494506836 161.326400756836 180.494506835938
vertex 198.487097020969 158.660636187503 177.317110240051
vertex 199.943110346794 156.998604536057 176.182960430086
endloop
endfacet
facet normal -0.207574451813 -0.668912707230 0.713770717430
outer loop
vertex 202.741985342178 153.929751726777 174.120926135396
vertex 204.784301757813 153.643707275391 174.446792602539
vertex 200.822494506836 161.326400756836 180.494506835938
endloop
endfacet
facet normal -0.203307845718 -0.671366903930 0.712693763251
outer loop
vertex 200.822494506836 161.326400756836 180.494506835938
vertex 195.091548808500 162.754271137278 180.204731173552
vertex 195.852100849152 161.800712347031 179.523426466230
endloop
endfacet
facet normal -0.141393276074 -0.682328935392 0.717241357848
outer loop
vertex 193.234893798828 169.546401977539 186.022094726563
vertex 191.052676812821 168.224218264951 184.334078551101
vertex 191.844167168038 167.097001946466 183.417760927958
endloop
endfacet
facet normal -0.201537732528 -0.662484330954 0.721454817440
outer loop
vertex 195.091548808500 162.754271137278 180.204731173552
vertex 200.822494506836 161.326400756836 180.494506835938
vertex 199.003601074219 167.015197753906 185.210205078125
endloop
endfacet
facet normal -0.192552265299 -0.669075291571 0.717817441511
outer loop
vertex 193.234893798828 169.546401977539 186.022094726563
vertex 194.553683720326 163.444263118864 180.688072274864
vertex 199.003601074219 167.015197753906 185.210205078125
endloop
endfacet
facet normal -0.171508482706 -0.670294348667 0.722004381223
outer loop
vertex 193.864536963630 164.345413244629 181.343169917840
vertex 193.234893798828 169.546401977539 186.022094726563
vertex 191.844167168038 167.097001946466 183.417760927958
endloop
endfacet
facet normal -0.192552265299 -0.669075291571 0.717817441511
outer loop
vertex 193.234893798828 169.546401977539 186.022094726563
vertex 193.864536963630 164.345413244629 181.343169917840
vertex 194.553683720326 163.444263118864 180.688072274864
endloop
endfacet
facet normal -0.108038125252 -0.685798641000 0.719727717609
outer loop
vertex 190.965499877930 174.420898437500 190.022705078125
vertex 187.645164315927 174.061934300917 189.182248428253
vertex 189.145501197820 171.284299460787 186.760770733352
endloop
endfacet
facet normal -0.153812494072 -0.671529617508 0.724837698714
outer loop
vertex 193.234893798828 169.546401977539 186.022094726563
vertex 189.469666177092 170.735895708366 186.325115967362
vertex 191.052676812821 168.224218264951 184.334078551101
endloop
endfacet
facet normal -0.152596135158 -0.668464848049 0.727921126536
outer loop
vertex 189.469666177092 170.735895708366 186.325115967362
vertex 190.965499877930 174.420898437500 190.022705078125
vertex 189.145501197820 171.284299460787 186.760770733352
endloop
endfacet
facet normal -0.115184616687 -0.664118355537 0.738701099172
outer loop
vertex 190.965499877930 174.420898437500 190.022705078125
vertex 189.138900756836 178.397293090820 193.312805175781
vertex 187.645164315927 174.061934300917 189.182248428253
endloop
endfacet
facet normal -0.091473639163 -0.643819783605 0.759689844329
outer loop
vertex 186.137528519631 177.877100643898 192.510561162414
vertex 189.138900756836 178.397293090820 193.312805175781
vertex 186.172698974609 181.623397827148 195.689697265625
endloop
endfacet
facet normal -0.076607482566 -0.681053383610 0.728215340602
outer loop
vertex 187.034305700918 175.448052121326 190.333166943202
vertex 189.138900756836 178.397293090820 193.312805175781
vertex 186.137528519631 177.877100643898 192.510561162414
endloop
endfacet
facet normal -0.075366578899 -0.628323836215 0.774292603367
outer loop
vertex 185.257156899173 182.851259514393 196.596968610530
vertex 189.529205322266 184.424194335938 198.289199829102
vertex 185.192623111723 184.169212450860 197.660181084247
endloop
endfacet
facet normal -0.073893012262 -0.572517543496 0.816555867732
outer loop
vertex 185.245186068543 187.329871806034 199.938801887402
vertex 191.071502685547 189.750305175781 202.163101196289
vertex 185.356704332474 189.445890863058 201.432512852152
endloop
endfacet
facet normal -0.052248829544 -0.661515937552 0.748108764937
outer loop
vertex 185.497854639695 180.695415316155 194.821995832572
vertex 186.172698974609 181.623397827148 195.689697265625
vertex 185.359209920067 181.618286388537 195.628362402030
endloop
endfacet
facet normal -0.055138825245 -0.619637462411 0.782948992673
outer loop
vertex 185.359209920067 181.618286388537 195.628362402030
vertex 186.172698974609 181.623397827148 195.689697265625
vertex 185.257156899173 182.851259514393 196.596968610530
endloop
endfacet
facet normal -0.080937820254 -0.595388230122 0.799350939628
outer loop
vertex 185.192623111723 184.169212450860 197.660181084247
vertex 189.529205322266 184.424194335938 198.289199829102
vertex 185.188913780197 185.749220457673 198.836658021879
endloop
endfacet
facet normal -0.070306816298 -0.568858801093 0.819424563948
outer loop
vertex 189.529205322266 184.424194335938 198.289199829102
vertex 185.245186068543 187.329871806034 199.938801887402
vertex 185.188913780197 185.749220457673 198.836658021879
endloop
endfacet
facet normal -0.096278116273 -0.539261639740 0.836616643530
outer loop
vertex 185.492123554870 196.024885545302 205.565458067961
vertex 185.537711091843 194.665860782998 204.694711776676
vertex 192.996597290039 194.681701660156 205.563293457031
endloop
endfacet
facet normal -0.086737191208 -0.486008960156 0.869638976996
outer loop
vertex 189.101303100586 199.265502929688 207.736495971680
vertex 185.415818491746 197.305590850493 206.273586133839
vertex 185.492123554870 196.024885545302 205.565458067961
endloop
endfacet
facet normal -0.080189759227 -0.526258128383 0.846535282682
outer loop
vertex 185.480549931526 191.753163933754 202.878586490978
vertex 191.071502685547 189.750305175781 202.163101196289
vertex 185.539215803146 194.086983799934 204.334988961261
endloop
endfacet
facet normal -0.096278116273 -0.539261639740 0.836616643530
outer loop
vertex 185.537711091843 194.665860782998 204.694711776676
vertex 191.071502685547 189.750305175781 202.163101196289
vertex 192.996597290039 194.681701660156 205.563293457031
endloop
endfacet
facet normal -0.080189759227 -0.526258128383 0.846535282682
outer loop
vertex 191.071502685547 189.750305175781 202.163101196289
vertex 185.537711091843 194.665860782998 204.694711776676
vertex 185.539215803146 194.086983799934 204.334988961261
endloop
endfacet
facet normal -0.086737191208 -0.486008960156 0.869638976995
outer loop
vertex 189.101303100586 199.265502929688 207.736495971680
vertex 185.492123554870 196.024885545302 205.565458067961
vertex 192.996597290039 194.681701660156 205.563293457031
endloop
endfacet
facet normal -0.096593043447 -0.472314362204 0.876121525368
outer loop
vertex 189.101303100586 199.265502929688 207.736495971680
vertex 184.169841431422 203.010766442464 209.211858485476
vertex 184.532150626183 201.905071735382 208.655726797726
endloop
endfacet
facet normal -0.119444238318 -0.496064436341 0.860030899986
outer loop
vertex 184.169841431422 203.010766442464 209.211858485476
vertex 191.013595581055 203.274902343750 210.314697265625
vertex 184.154494126347 203.056675092728 209.236207031036
endloop
endfacet
facet normal -0.096593043447 -0.472314362204 0.876121525368
outer loop
vertex 185.086876153946 199.649170041084 207.500736178692
vertex 189.101303100586 199.265502929688 207.736495971680
vertex 184.532150626183 201.905071735382 208.655726797726
endloop
endfacet
facet normal -0.119444238318 -0.496064436341 0.860030899986
outer loop
vertex 189.101303100586 199.265502929688 207.736495971680
vertex 191.013595581055 203.274902343750 210.314697265625
vertex 184.169841431422 203.010766442464 209.211858485476
endloop
endfacet
facet normal -0.124548756562 -0.451581201874 0.883494213537
outer loop
vertex 191.013595581055 203.274902343750 210.314697265625
vertex 186.378097534180 207.042602539063 211.587005615234
vertex 184.154494126347 203.056675092728 209.236207031036
endloop
endfacet
facet normal -0.118172456425 -0.454759937968 0.882739298639
outer loop
vertex 182.181503295898 207.424392700195 211.221893310547
vertex 182.933270931244 205.982431769371 210.579678971390
vertex 186.378097534180 207.042602539063 211.587005615234
endloop
endfacet
facet normal -0.118172456429 -0.454759937969 0.882739298638
outer loop
vertex 182.433252727323 206.868925527466 210.969435570598
vertex 182.181503295898 207.424392700195 211.221893310547
vertex 182.403680847573 206.921354192279 210.992486401934
endloop
endfacet
facet normal -0.118172456425 -0.454759937968 0.882739298639
outer loop
vertex 186.378097534180 207.042602539063 211.587005615234
vertex 182.933270931244 205.982431769371 210.579678971390
vertex 184.025451540947 203.457787632942 209.425270929360
endloop
endfacet
facet normal -0.118172456425 -0.454759937968 0.882739298639
outer loop
vertex 182.470048195061 206.803689997599 210.940754062086
vertex 182.933270931244 205.982431769371 210.579678971390
vertex 182.181503295898 207.424392700195 211.221893310547
endloop
endfacet
facet normal -0.118172456425 -0.454759937968 0.882739298639
outer loop
vertex 182.433252727323 206.868925527466 210.969435570598
vertex 182.470048195061 206.803689997599 210.940754062086
vertex 182.181503295898 207.424392700195 211.221893310547
endloop
endfacet
facet normal -0.051277609904 -0.426987781859 0.902802326573
outer loop
vertex 182.181503295898 207.424392700195 211.221893310547
vertex 182.110546603095 207.476972873074 211.242731318182
vertex 182.148933650889 207.409202508576 211.212859085073
endloop
endfacet
facet normal -0.082967027761 -0.461917956892 0.883033563012
outer loop
vertex 183.921905517578 210.749694824219 213.124893188477
vertex 180.811673402786 209.661364555359 212.263356277206
vertex 182.110546603095 207.476972873074 211.242731318182
endloop
endfacet
facet normal -0.082967027761 -0.461917956892 0.883033563012
outer loop
vertex 180.429908916007 210.253796255412 212.537390001234
vertex 180.811673402786 209.661364555359 212.263356277206
vertex 183.921905517578 210.749694824219 213.124893188477
endloop
endfacet
facet normal -0.082967027761 -0.461917956892 0.883033563012
outer loop
vertex 182.181503295898 207.424392700195 211.221893310547
vertex 183.921905517578 210.749694824219 213.124893188477
vertex 182.110546603095 207.476972873074 211.242731318182
endloop
endfacet
facet normal -0.093602843465 -0.413729011916 0.905575404036
outer loop
vertex 180.429908916007 210.253796255412 212.537390001234
vertex 180.223602294922 214.587707519531 214.496093750000
vertex 179.351422266423 211.973336147795 213.211518429264
endloop
endfacet
facet normal -0.093602843465 -0.413729011916 0.905575404036
outer loop
vertex 183.921905517578 210.749694824219 213.124893188477
vertex 180.223602294922 214.587707519531 214.496093750000
vertex 180.429908916007 210.253796255412 212.537390001234
endloop
endfacet
facet normal -0.079163978962 -0.356520002775 0.930927791000
outer loop
vertex 178.035706270793 213.959439262702 214.069430415492
vertex 180.223602294922 214.587707519531 214.496093750000
vertex 176.457504272461 216.580200195313 214.938903808594
endloop
endfacet
facet normal -0.053856482792 -0.425822774331 0.903202327346
outer loop
vertex 179.351422266423 211.973336147795 213.211518429264
vertex 180.223602294922 214.587707519531 214.496093750000
vertex 178.035706270793 213.959439262702 214.069430415492
endloop
endfacet
facet normal -0.066344493236 -0.361214861384 0.930119471967
outer loop
vertex 176.366464240939 216.580911080370 214.932686088524
vertex 176.422821640247 216.491832460314 214.902112039538
vertex 176.457504272461 216.580200195313 214.938903808594
endloop
endfacet
facet normal -0.103563462897 -0.311408092165 0.944616117419
outer loop
vertex 175.274200439453 219.811706542969 216.018493652344
vertex 174.465103576304 219.716323680194 215.898343396387
vertex 174.776091587356 219.181567500093 215.756147636652
endloop
endfacet
facet normal -0.079163978962 -0.356520002775 0.930927791000
outer loop
vertex 176.457504272461 216.580200195313 214.938903808594
vertex 176.422821640247 216.491832460314 214.902112039538
vertex 176.609992980957 216.194301843643 214.804082537051
endloop
endfacet
facet normal -0.066753336316 -0.338064400677 0.938752604836
outer loop
vertex 175.274200439453 219.811706542969 216.018493652344
vertex 176.366464240939 216.580911080370 214.932686088524
vertex 176.457504272461 216.580200195313 214.938903808594
endloop
endfacet
facet normal -0.066753336317 -0.338064400677 0.938752604836
outer loop
vertex 174.926593899727 218.928486108780 215.675709748103
vertex 176.366464240939 216.580911080370 214.932686088524
vertex 175.274200439453 219.811706542969 216.018493652344
endloop
endfacet
facet normal -0.110534342118 -0.267961638948 0.957067771511
outer loop
vertex 175.274200439453 219.811706542969 216.018493652344
vertex 173.828934142315 220.902383855577 216.156945833950
vertex 174.465103576304 219.716323680194 215.898343396387
endloop
endfacet
facet normal -0.066753336317 -0.338064400677 0.938752604836
outer loop
vertex 174.926593899727 218.928486108780 215.675709748103
vertex 175.274200439453 219.811706542969 216.018493652344
vertex 174.776091587356 219.181567500093 215.756147636652
endloop
endfacet
facet normal -0.139220472213 -0.304112963059 0.942408067567
outer loop
vertex 173.828934142315 220.902383855577 216.156945833950
vertex 175.274200439453 219.811706542969 216.018493652344
vertex 176.241592407227 223.767395019531 217.437896728516
endloop
endfacet
facet normal -0.180263292574 -0.225855663348 0.957337121752
outer loop
vertex 173.104438424289 222.300780370616 216.501176621975
vertex 176.241592407227 223.767395019531 217.437896728516
vertex 172.415298461914 224.960906982422 216.998992919922
endloop
endfacet
facet normal -0.180263292574 -0.225855663348 0.957337121752
outer loop
vertex 172.412578687858 223.907013385675 216.749845459327
vertex 173.104438424289 222.300780370616 216.501176621975
vertex 172.415298461914 224.960906982422 216.998992919922
endloop
endfacet
facet normal -0.159803678912 -0.142153839506 0.976859800647
outer loop
vertex 172.415298461914 224.960906982422 216.998992919922
vertex 171.750701904297 228.313903808594 217.378204345703
vertex 172.015792118402 225.046831968585 216.946141920510
endloop
endfacet
facet normal -0.159803678912 -0.142153839506 0.976859800647
outer loop
vertex 172.015792118402 225.046831968585 216.946141920510
vertex 171.750701904297 228.313903808594 217.378204345703
vertex 171.424836036998 227.850049005276 217.257395499221
endloop
endfacet
facet normal -0.186356163004 -0.082496942640 0.979012581618
outer loop
vertex 171.432554972239 228.330462741434 217.319040059886
vertex 171.428633639371 228.162002587100 217.304098257798
vertex 171.750701904297 228.313903808594 217.378204345703
endloop
endfacet
facet normal -0.245432961105 0.091841714526 0.965053242612
outer loop
vertex 173.857123548388 233.518705909240 217.896279341805
vertex 172.620501650877 232.098305188235 217.716956866214
vertex 175.030700683594 232.615493774414 218.280700683594
endloop
endfacet
facet normal -0.220133794048 -0.036660237478 0.974780559770
outer loop
vertex 171.451339551738 228.795051862760 217.328694978644
vertex 171.750701904297 228.313903808594 217.378204345703
vertex 175.030700683594 232.615493774414 218.280700683594
endloop
endfacet
facet normal -0.220133794048 -0.036660237478 0.974780559770
outer loop
vertex 171.470046043396 229.331299662590 217.353087035331
vertex 175.030700683594 232.615493774414 218.280700683594
vertex 172.053024172783 231.296405196190 217.558645528462
endloop
endfacet
facet normal -0.220133794048 -0.036660237478 0.974780559770
outer loop
vertex 175.030700683594 232.615493774414 218.280700683594
vertex 172.620501650877 232.098305188235 217.716956866214
vertex 172.053024172783 231.296405196190 217.558645528462
endloop
endfacet
facet normal -0.297664175119 0.113050176191 0.947953425287
outer loop
vertex 180.939300537109 233.305999755859 220.053695678711
vertex 178.833380341530 236.695513129234 218.988198097289
vertex 177.180129362708 235.851956044150 218.569665602764
endloop
endfacet
facet normal -0.252812482820 0.081825787036 0.964048955762
outer loop
vertex 175.367191433907 234.739840030670 218.188633530996
vertex 175.030700683594 232.615493774414 218.280700683594
vertex 176.903426647186 235.704720020294 218.509599984068
endloop
endfacet
facet normal -0.252812482819 0.081825787035 0.964048955762
outer loop
vertex 175.030700683594 232.615493774414 218.280700683594
vertex 177.180129362708 235.851956044150 218.569665602764
vertex 176.903426647186 235.704720020294 218.509599984068
endloop
endfacet
facet normal -0.330093885057 0.137879847660 0.933823952711
outer loop
vertex 180.439148236851 237.418846513492 219.494582029451
vertex 184.033401489258 236.707702636719 220.870101928711
vertex 182.158440351486 238.071143627167 220.006015887641
endloop
endfacet
facet normal -0.297664175119 0.113050176191 0.947953425287
outer loop
vertex 175.030700683594 232.615493774414 218.280700683594
vertex 180.939300537109 233.305999755859 220.053695678711
vertex 177.180129362708 235.851956044150 218.569665602764
endloop
endfacet
facet normal -0.341259820402 0.085749894336 0.936049512900
outer loop
vertex 180.939300537109 233.305999755859 220.053695678711
vertex 184.033401489258 236.707702636719 220.870101928711
vertex 179.037549473471 236.784143710616 219.041738843120
endloop
endfacet
facet normal -0.297664175119 0.113050176191 0.947953425287
outer loop
vertex 179.037549473471 236.784143710616 219.041738843120
vertex 178.833380341530 236.695513129234 218.988198097289
vertex 180.939300537109 233.305999755859 220.053695678711
endloop
endfacet
facet normal -0.341259820402 0.085749894336 0.936049512900
outer loop
vertex 179.037549473471 236.784143710616 219.041738843120
vertex 184.033401489258 236.707702636719 220.870101928711
vertex 180.439148236851 237.418846513492 219.494582029451
endloop
endfacet
facet normal -0.330093885057 0.137879847660 0.933823952711
outer loop
vertex 182.158440351486 238.071143627167 220.006015887641
vertex 184.033401489258 236.707702636719 220.870101928711
vertex 183.939501643181 238.688215613365 220.544485315832
endloop
endfacet
facet normal -0.342515983509 0.141267179272 0.928830654695
outer loop
vertex 184.033401489258 236.707702636719 220.870101928711
vertex 188.770492553711 238.376800537109 222.363098144531
vertex 184.676729039779 238.920523262593 220.770784621621
endloop
endfacet
facet normal -0.336010607777 0.156227169679 0.928811037249
outer loop
vertex 189.211885555083 240.173759050659 222.220527689797
vertex 188.472524285316 240.001961588860 221.981949777262
vertex 188.770492553711 238.376800537109 222.363098144531
endloop
endfacet
facet normal -0.370476156884 0.163544194749 0.914330746253
outer loop
vertex 193.302597045898 240.442306518555 223.830001831055
vertex 189.211885555083 240.173759050659 222.220527689797
vertex 188.770492553711 238.376800537109 222.363098144531
endloop
endfacet
facet normal -0.370476156884 0.163544194749 0.914330746253
outer loop
vertex 192.060381174088 240.829810500145 223.257358516821
vertex 189.211885555083 240.173759050659 222.220527689797
vertex 193.302597045898 240.442306518555 223.830001831055
endloop
endfacet
facet normal -0.370476156884 0.163544194749 0.914330746253
outer loop
vertex 192.060381174088 240.829810500145 223.257358516821
vertex 193.302597045898 240.442306518555 223.830001831055
vertex 192.493039033183 240.922839380882 223.416026578777
endloop
endfacet
facet normal -0.355245184136 0.190003810166 0.915259204417
outer loop
vertex 193.302597045898 240.442306518555 223.830001831055
vertex 193.760368212410 241.163313470611 223.858001477678
vertex 192.493039033183 240.922839380882 223.416026578777
endloop
endfacet
facet normal -0.436240340988 0.211215562103 0.874689860019
outer loop
vertex 204.868111309996 242.647246353330 228.457974689677
vertex 202.635660767555 242.432445287704 227.396437680393
vertex 205.593994140625 241.845901489258 229.013504028320
endloop
endfacet
facet normal -0.357881195785 0.191731339000 0.913870966466
outer loop
vertex 197.600834590337 241.791830390269 225.230103618052
vertex 196.517139673233 241.629153490067 224.839847459376
vertex 198.890304565430 240.153503417969 226.078796386719
endloop
endfacet
facet normal -0.374693851338 0.176585131900 0.910177020673
outer loop
vertex 197.600834590337 241.791830390269 225.230103618052
vertex 198.890304565430 240.153503417969 226.078796386719
vertex 199.953090012012 242.103070958148 226.138075548541
endloop
endfacet
facet normal -0.430219350384 0.217643700745 0.876095046260
outer loop
vertex 205.593994140625 241.845901489258 229.013504028320
vertex 206.062035052585 242.741911190183 229.020751403945
vertex 204.868111309996 242.647246353330 228.457974689677
endloop
endfacet
facet normal -0.478914854977 0.099298599511 0.872227235196
outer loop
vertex 205.593994140625 241.845901489258 229.013504028320
vertex 209.016098022461 237.083999633789 231.434600830078
vertex 211.235388881133 243.036000801566 231.975544703930
endloop
endfacet
facet normal -0.490915789797 0.249684317040 0.834661266115
outer loop
vertex 205.593994140625 241.845901489258 229.013504028320
vertex 208.978366402834 242.943124977405 230.675833815407
vertex 206.062035052585 242.741911190183 229.020751403945
endloop
endfacet
facet normal -0.490915789797 0.249684317041 0.834661266115
outer loop
vertex 208.978366402834 242.943124977405 230.675833815407
vertex 208.805948495865 242.936030030251 230.576546620344
vertex 206.062035052585 242.741911190183 229.020751403945
endloop
endfacet
facet normal -0.490915789797 0.249684317040 0.834661266115
outer loop
vertex 205.593994140625 241.845901489258 229.013504028320
vertex 211.235388881133 243.036000801566 231.975544703930
vertex 208.978366402834 242.943124977405 230.675833815407
endloop
endfacet
facet normal -0.578589457255 0.152265213256 0.801279941585
outer loop
vertex 211.737826255341 243.049412486097 232.266318144283
vertex 211.641263306224 243.045737247867 232.197290217191
vertex 214.680801391602 239.108306884766 235.140304565430
endloop
endfacet
facet normal -0.478914854977 0.099298599511 0.872227235196
outer loop
vertex 211.235388881133 243.036000801566 231.975544703930
vertex 209.016098022461 237.083999633789 231.434600830078
vertex 211.641261447593 243.045733026927 232.197289677203
endloop
endfacet
facet normal -0.638211196820 0.227300154219 0.735541370791
outer loop
vertex 216.513638937805 243.051526806342 235.512061965497
vertex 219.029693603516 240.664596557617 238.432800292969
vertex 217.022359371185 243.050366640091 235.953824720803
endloop
endfacet
facet normal -0.552936909778 0.180316340530 0.813478205696
outer loop
vertex 214.217528700829 243.093520402908 233.942042975856
vertex 214.680801391602 239.108306884766 235.140304565430
vertex 216.513638937805 243.051526806342 235.512061965497
endloop
endfacet
facet normal -0.638211196820 0.227300154219 0.735541370791
outer loop
vertex 219.029693603516 240.664596557617 238.432800292969
vertex 217.786803579098 243.021010787805 236.626185871684
vertex 217.022359371185 243.050366640091 235.953824720803
endloop
endfacet
facet normal -0.638211196820 0.227300154219 0.735541370791
outer loop
vertex 216.513638937805 243.051526806342 235.512061965497
vertex 214.680801391602 239.108306884766 235.140304565430
vertex 219.029693603516 240.664596557617 238.432800292969
endloop
endfacet
facet normal -0.696825578801 0.316754003154 0.643506809765
outer loop
vertex 219.029693603516 240.664596557617 238.432800292969
vertex 222.054992675781 241.834899902344 241.132705688477
vertex 220.297403455714 242.850246238986 238.729703701829
endloop
endfacet
facet normal -0.611239645996 0.252641307219 0.750038975687
outer loop
vertex 219.029693603516 240.664596557617 238.432800292969
vertex 220.297403455714 242.850246238986 238.729703701829
vertex 219.337895512581 242.934495210648 237.919380391275
endloop
endfacet
facet normal -0.741406546449 0.354804750853 0.569587501315
outer loop
vertex 222.054992675781 241.834899902344 241.132705688477
vertex 223.424253291173 242.542105446511 242.474481790273
vertex 222.525682219107 242.648605112761 241.238511792329
endloop
endfacet
facet normal -0.696825578801 0.316754003154 0.643506809765
outer loop
vertex 221.946007024055 242.712273573307 240.582819336048
vertex 221.735039168971 242.732793092728 240.344271063805
vertex 222.054992675781 241.834899902344 241.132705688477
endloop
endfacet
facet normal -0.694773277884 0.318010178659 0.645104347070
outer loop
vertex 222.054992675781 241.834899902344 241.132705688477
vertex 222.525682219107 242.648605112761 241.238511792329
vertex 221.946007024055 242.712273573307 240.582819336048
endloop
endfacet
facet normal -0.742134913877 0.295339085386 0.601673162314
outer loop
vertex 222.054992675781 241.834899902344 241.132705688477
vertex 222.945297241211 239.848907470703 243.205703735352
vertex 223.424253291173 242.542105446511 242.474481790273
endloop
endfacet
facet normal -0.817771406220 0.333386045253 0.469152077689
outer loop
vertex 224.065909844691 242.447757300623 243.312246307241
vertex 225.018005371094 240.716903686523 246.201797485352
vertex 224.065912830260 242.447764224554 243.312246591095
endloop
endfacet
facet normal -0.817771404596 0.333386047824 0.469152078693
outer loop
vertex 222.945297241211 239.848907470703 243.205703735352
vertex 225.018005371094 240.716903686523 246.201797485352
vertex 224.065909844691 242.447757300623 243.312246307241
endloop
endfacet
facet normal -0.868423512037 0.404624388235 0.286565364598
outer loop
vertex 225.799098369827 242.189137285226 246.490101363554
vertex 225.018005371094 240.716903686523 246.201797485352
vertex 226.369581775335 242.131180600975 248.300759435254
endloop
endfacet
facet normal -0.911532024087 0.347513664146 0.219871831519
outer loop
vertex 226.810394287109 240.710693359375 251.764099121094
vertex 226.737380005109 242.071166274891 249.311134680965
vertex 225.789901733398 239.580307006836 249.320007324219
endloop
endfacet
facet normal -0.878656238431 0.335435404779 0.339773901126
outer loop
vertex 226.369581775335 242.131180600975 248.300759435254
vertex 225.018005371094 240.716903686523 246.201797485352
vertex 225.789901733398 239.580307006836 249.320007324219
endloop
endfacet
facet normal -0.878656238431 0.335435404779 0.339773901126
outer loop
vertex 226.737380005109 242.071166274891 249.311134680965
vertex 226.369581775335 242.131180600975 248.300759435254
vertex 225.789901733398 239.580307006836 249.320007324219
endloop
endfacet
facet normal -0.899605047146 0.366644619303 0.237239293300
outer loop
vertex 226.810394287109 240.710693359375 251.764099121094
vertex 227.341154829581 241.995590351121 251.790967749650
vertex 226.943365251675 242.052229796346 250.195026139171
endloop
endfacet
facet normal -0.911532024265 0.347513663660 0.219871831550
outer loop
vertex 226.943365251675 242.052229796346 250.195026139171
vertex 226.943366628383 242.052243685882 250.195009893845
vertex 226.737380005109 242.071166274891 249.311134680965
endloop
endfacet
facet normal -0.911532024087 0.347513664146 0.219871831519
outer loop
vertex 226.810394287109 240.710693359375 251.764099121094
vertex 226.943365251675 242.052229796346 250.195026139171
vertex 226.737380005109 242.071166274891 249.311134680965
endloop
endfacet
facet normal -0.947541762287 0.313044973576 0.064555814933
outer loop
vertex 226.741500854492 238.337005615234 257.002288818359
vertex 227.979598999023 241.759399414063 258.579010009766
vertex 227.806027654662 241.973743941955 254.991950117017
endloop
endfacet
facet normal -0.936368339675 0.308049802474 0.168284436743
outer loop
vertex 227.794378430789 241.974983669227 254.924862140763
vertex 227.794377587415 241.974982585602 254.924859431669
vertex 226.377899169922 238.238296508789 253.883407592773
endloop
endfacet
facet normal -0.916776114791 0.375874355248 0.135055634522
outer loop
vertex 227.625227304278 241.984814405441 253.749281167984
vertex 226.810394287109 240.710693359375 251.764099121094
vertex 227.794377587415 241.974982585602 254.924859431669
endloop
endfacet
facet normal -0.938920453117 0.329577872938 0.099029330952
outer loop
vertex 226.741500854492 238.337005615234 257.002288818359
vertex 227.806027365303 241.973743185101 254.991949892411
vertex 226.377899169922 238.238296508789 253.883407592773
endloop
endfacet
facet normal -0.936368339834 0.308049803100 0.168284434714
outer loop
vertex 227.794377587415 241.974982585602 254.924859431669
vertex 226.810394287109 240.710693359375 251.764099121094
vertex 226.377899169922 238.238296508789 253.883407592773
endloop
endfacet
facet normal -0.936368339834 0.308049803100 0.168284434713
outer loop
vertex 227.806027365303 241.973743185101 254.991949892411
vertex 227.794378430789 241.974983669227 254.924862140763
vertex 226.377899169922 238.238296508789 253.883407592773
endloop
endfacet
facet normal -0.917318484628 0.392239344894 0.068374659611
outer loop
vertex 227.835982627048 241.978483290570 255.395443610400
vertex 227.979598999023 241.759399414063 258.579010009766
vertex 228.036119677798 241.997405886650 257.971942424774
endloop
endfacet
facet normal -0.947522140420 0.313158011016 0.064295050742
outer loop
vertex 227.835982627048 241.978483290570 255.395443610400
vertex 227.818629649910 241.976201534271 255.150824785233
vertex 227.979598999023 241.759399414063 258.579010009766
endloop
endfacet
facet normal -0.917318484628 0.392239344894 0.068374659611
outer loop
vertex 227.979598999023 241.759399414063 258.579010009766
vertex 228.073412606243 241.996691011225 258.476367530123
vertex 228.036119677798 241.997405886650 257.971942424774
endloop
endfacet
facet normal -0.917318484239 0.392239345808 0.068374659584
outer loop
vertex 228.073412606243 241.996691011225 258.476367530123
vertex 228.073418163866 241.996705068642 258.476361449469
vertex 228.036119677798 241.997405886650 257.971942424774
endloop
endfacet
facet normal -0.924097562318 0.380538655022 0.035128725461
outer loop
vertex 227.979598999023 241.759399414063 258.579010009766
vertex 228.084171843732 241.999595309989 258.727939059510
vertex 228.073412606243 241.996691011225 258.476367530123
endloop
endfacet
facet normal -0.923987294071 0.382117529109 -0.015286410405
outer loop
vertex 228.013397216797 241.728607177734 261.529205322266
vertex 228.137589082391 242.038669146214 261.773108719563
vertex 228.141210500413 242.033178706882 261.416966420221
endloop
endfacet
facet normal -0.920064158712 0.391494577850 0.014626666303
outer loop
vertex 228.013397216797 241.728607177734 261.529205322266
vertex 228.141210500413 242.033178706882 261.416966420221
vertex 228.084171843732 241.999595309989 258.727939059510
endloop
endfacet
facet normal -0.920064158016 0.391494579487 0.014626666268
outer loop
vertex 228.141210500413 242.033178706882 261.416966420221
vertex 228.141212574210 242.033183648619 261.416964599122
vertex 228.084171843732 241.999595309989 258.727939059510
endloop
endfacet
facet normal -0.933717676607 0.358008566355 0.001080188502
outer loop
vertex 227.961395263672 241.678497314453 263.832702636719
vertex 227.401596069336 240.212295532227 265.886413574219
vertex 228.105719120665 242.053683044669 264.238216154306
endloop
endfacet
facet normal -0.924769019596 0.380320146109 -0.012603446291
outer loop
vertex 228.013397216797 241.728607177734 261.529205322266
vertex 227.961395263672 241.678497314453 263.832702636719
vertex 228.137589082391 242.038669146214 261.773108719563
endloop
endfacet
facet normal -0.925430445988 0.378352158570 -0.020691392973
outer loop
vertex 228.117528090750 242.054686198179 263.728398609868
vertex 227.961395263672 241.678497314453 263.832702636719
vertex 228.105719120665 242.053683044669 264.238216154306
endloop
endfacet
facet normal -0.933717676607 0.358008566355 0.001080188502
outer loop
vertex 228.105719120665 242.053683044669 264.238216154306
vertex 227.401596069336 240.212295532227 265.886413574219
vertex 228.101798088642 242.039140122653 265.668849556299
endloop
endfacet
facet normal -0.934394549847 0.355602307308 -0.021303151259
outer loop
vertex 227.401596069336 240.212295532227 265.886413574219
vertex 228.047478411386 241.999535559945 267.390310200909
vertex 228.101798088642 242.039140122653 265.668849556299
endloop
endfacet
facet normal -0.929857002704 0.366390396428 -0.033526585382
outer loop
vertex 227.783221058311 241.741733714561 272.199259703517
vertex 227.857369121960 241.833665194350 271.147429208554
vertex 226.613800048828 238.723205566406 271.645507812500
endloop
endfacet
facet normal -0.930984239507 0.363773742268 -0.030610622779
outer loop
vertex 227.997255794307 241.973102311107 268.550006540218
vertex 227.153396606445 239.860107421875 269.104309082031
vertex 227.857369121960 241.833665194350 271.147429208554
endloop
endfacet
facet normal -0.925824750066 0.371467433744 -0.069717127255
outer loop
vertex 226.281097412109 238.645599365234 275.650207519531
vertex 227.783221058311 241.741733714561 272.199259703517
vertex 226.613800048828 238.723205566406 271.645507812500
endloop
endfacet
facet normal -0.926029854719 0.370740139312 -0.070855185213
outer loop
vertex 227.318628678465 241.311386227608 276.038736104965
vertex 227.643236902967 241.635801184853 273.493781067586
vertex 226.281097412109 238.645599365234 275.650207519531
endloop
endfacet
facet normal -0.925824750066 0.371467433744 -0.069717127255
outer loop
vertex 226.281097412109 238.645599365234 275.650207519531
vertex 227.643236902967 241.635801184853 273.493781067586
vertex 227.783221058311 241.741733714561 272.199259703517
endloop
endfacet
facet normal -0.926107161997 0.358009084037 -0.118974872324
outer loop
vertex 226.591154339665 240.635796243366 279.225438253945
vertex 226.281097412109 238.645599365234 275.650207519531
vertex 225.631393432617 238.072494506836 278.983001708984
endloop
endfacet
facet normal -0.926029854719 0.370740139312 -0.070855185213
outer loop
vertex 227.318628678465 241.311386227608 276.038736104965
vertex 226.281097412109 238.645599365234 275.650207519531
vertex 227.232685411735 241.207348414885 276.617593354415
endloop
endfacet
facet normal -0.926107161997 0.358009084037 -0.118974872324
outer loop
vertex 226.388170112861 240.383303651960 280.045699733818
vertex 226.591154339665 240.635796243366 279.225438253945
vertex 225.631393432617 238.072494506836 278.983001708984
endloop
endfacet
facet normal -0.910208795547 0.390354572532 -0.138359156592
outer loop
vertex 226.591154339665 240.635796243366 279.225438253945
vertex 227.232685411735 241.207348414885 276.617593354415
vertex 226.281097412109 238.645599365234 275.650207519531
endloop
endfacet
facet normal -0.920984681082 0.364673587280 -0.137114521304
outer loop
vertex 225.230102539063 238.122604370117 281.811706542969
vertex 226.388170112861 240.383303651960 280.045699733818
vertex 225.631393432617 238.072494506836 278.983001708984
endloop
endfacet
facet normal -0.913968984543 0.375056424422 -0.154897946380
outer loop
vertex 225.230102539063 238.122604370117 281.811706542969
vertex 225.259999235426 238.667339086533 282.954275608063
vertex 225.484646474320 239.027665303311 282.501216365114
endloop
endfacet
facet normal -0.920996779831 0.364259214129 -0.138130939558
outer loop
vertex 226.061704519197 239.940449306382 281.060709132506
vertex 225.230102539063 238.122604370117 281.811706542969
vertex 225.484646474320 239.027665303311 282.501216365114
endloop
endfacet
facet normal -0.929798459009 0.335140105970 -0.152170742897
outer loop
vertex 224.444828822822 236.870363354683 283.851981163025
vertex 225.061592648507 238.284074600576 283.196962228131
vertex 223.724899291992 234.339797973633 282.677612304688
endloop
endfacet
facet normal -0.913968984543 0.375056424422 -0.154897946380
outer loop
vertex 225.061592648507 238.284074600576 283.196962228131
vertex 225.259999235426 238.667339086533 282.954275608063
vertex 225.230102539063 238.122604370117 281.811706542969
endloop
endfacet
facet normal -0.929798459009 0.335140105970 -0.152170742897
outer loop
vertex 223.724899291992 234.339797973633 282.677612304688
vertex 225.061592648507 238.284074600576 283.196962228131
vertex 225.230102539063 238.122604370117 281.811706542969
endloop
endfacet
facet normal -0.931975337425 0.321891809728 -0.166756209063
outer loop
vertex 223.724899291992 234.339797973633 282.677612304688
vertex 223.149851128050 233.240380883217 283.769249916077
vertex 223.599889686031 234.664206086397 284.002481618078
endloop
endfacet
facet normal -0.929798459009 0.335140105970 -0.152170742897
outer loop
vertex 224.444828822822 236.870363354683 283.851981163025
vertex 223.724899291992 234.339797973633 282.677612304688
vertex 224.152458552481 236.127900259417 284.003234064596
endloop
endfacet
facet normal -0.921554290435 0.347990558978 -0.172163470700
outer loop
vertex 223.724899291992 234.339797973633 282.677612304688
vertex 223.599889686031 234.664206086397 284.002481618078
vertex 224.152458552481 236.127900259417 284.003234064596
endloop
endfacet
facet normal -0.931054328103 0.305805515893 -0.199049804243
outer loop
vertex 223.724899291992 234.339797973633 282.677612304688
vertex 222.625396728516 228.742202758789 279.220794677734
vertex 222.910700371195 232.456426117661 283.592548784049
endloop
endfacet
facet normal -0.931975337425 0.321891809728 -0.166756209063
outer loop
vertex 222.910700371195 232.456426117661 283.592548784049
vertex 223.149851128050 233.240380883217 283.769249916077
vertex 223.724899291992 234.339797973633 282.677612304688
endloop
endfacet
facet normal -0.937733880727 0.289307613836 -0.192240145424
outer loop
vertex 222.369377236629 230.376529481309 282.929184069649
vertex 222.625396728516 228.742202758789 279.220794677734
vertex 222.149386743374 229.420289397240 282.563209533691
endloop
endfacet
facet normal -0.931054328103 0.305805515893 -0.199049804243
outer loop
vertex 222.369377236629 230.376529481309 282.929184069649
vertex 222.609854431212 231.311067938805 283.240109682083
vertex 222.625396728516 228.742202758789 279.220794677734
endloop
endfacet
facet normal -0.937733880727 0.289307613836 -0.192240145424
outer loop
vertex 222.149386743374 229.420289397240 282.563209533691
vertex 222.625396728516 228.742202758789 279.220794677734
vertex 221.805105808185 227.892860770226 281.943917274475
endloop
endfacet
facet normal -0.942398395287 0.240311336863 -0.232670853217
outer loop
vertex 222.625396728516 228.742202758789 279.220794677734
vertex 221.441299438477 223.376602172852 278.475006103516
vertex 221.594825191948 226.935598438662 281.529040233687
endloop
endfacet
facet normal -0.937733880727 0.289307613836 -0.192240145424
outer loop
vertex 222.625396728516 228.742202758789 279.220794677734
vertex 221.594825191948 226.935598438662 281.529040233687
vertex 221.805105808185 227.892860770226 281.943917274475
endloop
endfacet
facet normal -0.949907903823 0.173574962540 -0.259897492551
outer loop
vertex 221.441299438477 223.376602172852 278.475006103516
vertex 220.886093139648 219.644302368164 278.011596679688
vertex 220.985337833596 222.722985078247 279.704990919712
endloop
endfacet
facet normal -0.945712913567 0.232627097671 -0.226961931923
outer loop
vertex 221.441299438477 223.376602172852 278.475006103516
vertex 220.985337833596 222.722985078247 279.704990919712
vertex 221.188201761657 224.164381623268 280.337065458298
endloop
endfacet
facet normal -0.928671040569 0.092198102513 -0.359262589621
outer loop
vertex 220.799492443307 210.793818472060 275.234781055664
vertex 220.763883893917 211.833834648132 275.593727827072
vertex 221.267807006836 209.621597290039 273.723388671875
endloop
endfacet
facet normal -0.949907903823 0.173574962540 -0.259897492551
outer loop
vertex 220.801185767585 220.099859441675 278.626175466953
vertex 220.875689332308 221.137136220932 279.046624898911
vertex 220.886093139648 219.644302368164 278.011596679688
endloop
endfacet
facet normal -0.949014839435 0.175966332101 -0.261546715709
outer loop
vertex 220.801185767585 220.099859441675 278.626175466953
vertex 220.886093139648 219.644302368164 278.011596679688
vertex 220.745462935555 219.342908547572 278.319094272277
endloop
endfacet
facet normal -0.943623892781 0.129478781237 -0.304646014553
outer loop
vertex 220.745462935555 219.342908547572 278.319094272277
vertex 220.960006713867 215.537704467773 276.037292480469
vertex 220.694748795055 216.187121665330 277.134925277950
endloop
endfacet
facet normal -0.935948138839 0.153423392272 -0.316957953217
outer loop
vertex 220.694748795055 216.187121665330 277.134925277950
vertex 220.960006713867 215.537704467773 276.037292480469
vertex 220.652707925296 215.040481215587 276.704037230105
endloop
endfacet
facet normal -0.913676711952 0.131036572757 -0.384739239794
outer loop
vertex 221.267807006836 209.621597290039 273.723388671875
vertex 220.809866946321 209.417227852221 274.741297056433
vertex 220.799492443307 210.793818472060 275.234781055664
endloop
endfacet
facet normal -0.904031031750 0.078605928640 -0.420177345433
outer loop
vertex 221.267807006836 209.621597290039 273.723388671875
vertex 222.470993041992 202.820297241211 269.862304687500
vertex 221.009266376439 206.197181353016 273.639018007159
endloop
endfacet
facet normal -0.904031031750 0.078605928640 -0.420177345433
outer loop
vertex 221.009266109762 206.197177820840 273.639017920133
vertex 222.470993041992 202.820297241211 269.862304687500
vertex 221.023731529490 205.994598268534 273.569996725942
endloop
endfacet
facet normal -0.914949819401 0.078829527198 -0.395793801897
outer loop
vertex 221.267807006836 209.621597290039 273.723388671875
vertex 221.009266376439 206.197181353016 273.639018007159
vertex 220.809866946321 209.417227852221 274.741297056433
endloop
endfacet
facet normal -0.901282552932 0.072042427584 -0.427199775759
outer loop
vertex 221.400300012984 201.243714403594 271.855320929536
vertex 221.308114078591 202.224713506772 272.215244178261
vertex 222.274505615234 199.275100708008 269.678985595703
endloop
endfacet
facet normal -0.901282552932 0.072042427584 -0.427199775759
outer loop
vertex 221.308114078591 202.224713506772 272.215244178261
vertex 222.470993041992 202.820297241211 269.862304687500
vertex 222.274505615234 199.275100708008 269.678985595703
endloop
endfacet
facet normal -0.901611610499 0.084436902370 -0.424225073908
outer loop
vertex 221.308114078591 202.224713506772 272.215244178261
vertex 221.266873152345 202.737852931023 272.405028343201
vertex 222.470993041992 202.820297241211 269.862304687500
endloop
endfacet
facet normal -0.871983849507 0.084919831684 -0.482112837815
outer loop
vertex 223.738800048828 196.246002197266 266.497009277344
vertex 221.959076510958 195.848981253941 269.646013225901
vertex 221.910580082595 196.194872746435 269.794653013092
endloop
endfacet
facet normal -0.871983849510 0.084919831643 -0.482112837817
outer loop
vertex 223.738800048828 196.246002197266 266.497009277344
vertex 221.910580082595 196.194872746435 269.794653013092
vertex 221.910582352621 196.194891959704 269.794652291603
endloop
endfacet
facet normal -0.893764462177 0.089089612529 -0.439599962567
outer loop
vertex 221.700448953510 198.109149932861 270.609825849533
vertex 222.274505615234 199.275100708008 269.678985595703
vertex 221.910582352621 196.194891959704 269.794652291603
endloop
endfacet
facet normal -0.871983849507 0.084919831684 -0.482112837815
outer loop
vertex 223.738800048828 196.246002197266 266.497009277344
vertex 221.910582352621 196.194891959704 269.794652291603
vertex 222.274505615234 199.275100708008 269.678985595703
endloop
endfacet
facet normal -0.872106478449 0.044207614755 -0.487315069585
outer loop
vertex 223.686599731445 190.975494384766 266.112304687500
vertex 221.959076510958 195.848981253941 269.646013225901
vertex 223.738800048828 196.246002197266 266.497009277344
endloop
endfacet
facet normal -0.863389872528 0.058040908104 -0.501187770205
outer loop
vertex 223.686599731445 190.975494384766 266.112304687500
vertex 222.698319820851 191.946330283072 267.927231382171
vertex 222.635898172322 192.244008183479 268.069237470627
endloop
endfacet
facet normal -0.860854697534 0.066731792692 -0.504456199860
outer loop
vertex 222.698319820851 191.946330283072 267.927231382171
vertex 223.686599731445 190.975494384766 266.112304687500
vertex 223.046534946301 190.269547856894 267.111189625000
endloop
endfacet
facet normal -0.848873474893 0.022382588593 -0.528121996654
outer loop
vertex 223.046534946301 190.269547856894 267.111189625000
vertex 224.507904052734 187.278396606445 264.635498046875
vertex 223.560289237000 188.418969511986 266.206979751587
endloop
endfacet
facet normal -0.848873474893 0.022382588593 -0.528121996654
outer loop
vertex 224.507904052734 187.278396606445 264.635498046875
vertex 223.902105444365 187.294206811009 265.609894580888
vertex 223.560289237000 188.418969511986 266.206979751587
endloop
endfacet
facet normal -0.847522880468 0.055742445363 -0.527823594460
outer loop
vertex 224.070652537253 186.675548605278 265.273924304547
vertex 223.902105444365 187.294206811009 265.609894580888
vertex 224.507904052734 187.278396606445 264.635498046875
endloop
endfacet
facet normal -0.827014427916 -0.002219269784 -0.562176316524
outer loop
vertex 225.851955809233 181.971892026032 262.631833173417
vertex 225.406211042583 183.080329754095 263.283190087729
vertex 227.156204223633 182.975692749023 260.709197998047
endloop
endfacet
facet normal -0.810258669855 -0.063211444732 -0.582653585915
outer loop
vertex 226.290393690003 181.068299116942 262.120155758122
vertex 225.851955809233 181.971892026032 262.631833173417
vertex 227.156204223633 182.975692749023 260.709197998047
endloop
endfacet
facet normal -0.826887610526 0.004209896023 -0.562351452683
outer loop
vertex 227.156204223633 182.975692749023 260.709197998047
vertex 225.406211042583 183.080329754095 263.283190087729
vertex 225.094218059379 183.883458375931 263.747960329056
endloop
endfacet
facet normal -0.813050235690 -0.059359619819 -0.579159520149
outer loop
vertex 227.572899119173 178.479015827179 260.585099458694
vertex 226.290393690003 181.068299116942 262.120155758122
vertex 230.704498291016 177.244003295898 256.315399169922
endloop
endfacet
facet normal -0.813050235690 -0.059359619819 -0.579159520149
outer loop
vertex 227.572899119173 178.479015827179 260.585099458694
vertex 230.704498291016 177.244003295898 256.315399169922
vertex 228.192737887073 177.281086903766 259.837720824987
endloop
endfacet
facet normal -0.813050235690 -0.059359619819 -0.579159520149
outer loop
vertex 230.704498291016 177.244003295898 256.315399169922
vertex 226.290393690003 181.068299116942 262.120155758122
vertex 227.156204223633 182.975692749023 260.709197998047
endloop
endfacet
facet normal -0.808677092283 -0.122402219400 -0.575377317160
outer loop
vertex 229.035456954263 175.838954803612 258.960092492970
vertex 228.192737887073 177.281086903766 259.837720824987
vertex 230.704498291016 177.244003295898 256.315399169922
endloop
endfacet
facet normal -0.792501310130 -0.164169332775 -0.587358581804
outer loop
vertex 230.640291666159 173.393487930298 257.478266954422
vertex 229.035456954263 175.838954803612 258.960092492970
vertex 232.453796386719 171.499298095703 255.560806274414
endloop
endfacet
facet normal -0.792501310130 -0.164169332775 -0.587358581804
outer loop
vertex 232.453796386719 171.499298095703 255.560806274414
vertex 229.035456954263 175.838954803612 258.960092492970
vertex 230.704498291016 177.244003295898 256.315399169922
endloop
endfacet
facet normal -0.793331829207 -0.225692812897 -0.565409022720
outer loop
vertex 232.453796386719 171.499298095703 255.560806274414
vertex 232.261379790114 171.055333699218 256.008004274203
vertex 231.685398313048 171.845076494335 256.500930907304
endloop
endfacet
facet normal -0.792501310130 -0.164169332775 -0.587358581804
outer loop
vertex 230.640291666159 173.393487930298 257.478266954422
vertex 232.453796386719 171.499298095703 255.560806274414
vertex 231.685398313048 171.845076494335 256.500930907304
endloop
endfacet
facet normal -0.777481876947 -0.246033417817 -0.578782764374
outer loop
vertex 232.453796386719 171.499298095703 255.560806274414
vertex 235.756500244141 166.921096801758 253.070404052734
vertex 232.261379790114 171.055333699218 256.008004274203
endloop
endfacet
facet normal -0.777481876947 -0.246033417817 -0.578782764374
outer loop
vertex 235.756500244141 166.921096801758 253.070404052734
vertex 234.081561048609 168.730363249779 254.551261663437
vertex 232.261379790114 171.055333699218 256.008004274203
endloop
endfacet
facet normal -0.777481876947 -0.246033417817 -0.578782764374
outer loop
vertex 235.410468183925 167.061214223057 253.475668518162
vertex 234.081561048609 168.730363249779 254.551261663437
vertex 235.756500244141 166.921096801758 253.070404052734
endloop
endfacet
facet normal -0.777338614583 -0.249821724380 -0.577350659743
outer loop
vertex 235.410468183925 167.061214223057 253.475668518162
vertex 235.756500244141 166.921096801758 253.070404052734
vertex 235.609059276745 166.813838377793 253.315328067925
endloop
endfacet
facet normal -0.742472837515 -0.321430742525 -0.587721331341
outer loop
vertex 235.609059276745 166.813838377793 253.315328067925
vertex 235.756500244141 166.921096801758 253.070404052734
vertex 235.755446740723 166.653720961183 253.217965504083
endloop
endfacet
facet normal -0.814399838130 -0.377093734893 -0.441081873079
outer loop
vertex 236.950775301185 165.238735168624 252.303631709315
vertex 235.756500244141 166.921096801758 253.070404052734
vertex 237.958297729492 165.610900878906 250.125198364258
endloop
endfacet
facet normal -0.821234543459 -0.377030505312 -0.428277740133
outer loop
vertex 239.326003075963 162.330180406570 250.390738248825
vertex 240.393905639648 163.074905395508 247.687393188477
vertex 239.440527323306 162.187295220139 250.296922506900
endloop
endfacet
facet normal -0.814399838130 -0.377093734893 -0.441081873079
outer loop
vertex 236.950775301185 165.238735168624 252.303631709315
vertex 237.958297729492 165.610900878906 250.125198364258
vertex 238.821872502298 162.954062223434 250.802129507065
endloop
endfacet
facet normal -0.821234543459 -0.377030505312 -0.428277740133
outer loop
vertex 240.393905639648 163.074905395508 247.687393188477
vertex 238.973049279734 162.769377642183 250.680893637229
vertex 237.958297729492 165.610900878906 250.125198364258
endloop
endfacet
facet normal -0.814399838130 -0.377093734893 -0.441081873079
outer loop
vertex 237.958297729492 165.610900878906 250.125198364258
vertex 238.973049279734 162.769377642183 250.680893637229
vertex 238.821872502298 162.954062223434 250.802129507065
endloop
endfacet
facet normal -0.807388089603 -0.402132139574 -0.431757125116
outer loop
vertex 243.209701538086 158.732498168945 246.466293334961
vertex 240.383907468597 161.065990474318 249.577163182394
vertex 239.440527323306 162.187295220139 250.296922506900
endloop
endfacet
facet normal -0.807388089603 -0.402132139574 -0.431757125116
outer loop
vertex 243.209701538086 158.732498168945 246.466293334961
vertex 239.440527323306 162.187295220139 250.296922506900
vertex 240.393905639648 163.074905395508 247.687393188477
endloop
endfacet
facet normal -0.807514754960 -0.400149143691 -0.433359646628
outer loop
vertex 242.888182578786 158.076763153076 247.670888900757
vertex 243.209701538086 158.732498168945 246.466293334961
vertex 242.974735336392 157.973311259972 247.605131872772
endloop
endfacet
facet normal -0.807514754960 -0.400149143691 -0.433359646628
outer loop
vertex 242.888182578786 158.076763153076 247.670888900757
vertex 241.631106956000 159.578517079353 248.626634478569
vertex 243.209701538086 158.732498168945 246.466293334961
endloop
endfacet
facet normal -0.787130853086 -0.425784099126 -0.446243118773
outer loop
vertex 243.209701538086 158.732498168945 246.466293334961
vertex 245.324847670436 155.345815975991 245.966786802249
vertex 244.170287407929 156.635656952858 246.772617101669
endloop
endfacet
facet normal -0.787814709227 -0.426489068776 -0.444359154447
outer loop
vertex 245.324847670436 155.345815975991 245.966786802249
vertex 243.209701538086 158.732498168945 246.466293334961
vertex 247.556900024414 155.195602416992 242.153701782227
endloop
endfacet
facet normal -0.755745118524 -0.460991338536 -0.465119663766
outer loop
vertex 249.786639982516 150.649027708671 243.036950735414
vertex 251.542205810547 150.573501586914 240.259292602539
vertex 249.786641963189 150.649023669957 243.036951520003
endloop
endfacet
facet normal -0.765153314041 -0.462303742061 -0.448124598843
outer loop
vertex 247.760758699229 152.736887335777 244.342133402824
vertex 247.556900024414 155.195602416992 242.153701782227
vertex 249.126274737770 151.328623294830 243.463397026062
endloop
endfacet
facet normal -0.765153314041 -0.462303742061 -0.448124598843
outer loop
vertex 247.556900024414 155.195602416992 242.153701782227
vertex 249.786639982516 150.649027708671 243.036950735414
vertex 249.126274737770 151.328623294830 243.463397026062
endloop
endfacet
facet normal -0.755745119673 -0.460991335845 -0.465119664565
outer loop
vertex 247.556900024414 155.195602416992 242.153701782227
vertex 251.542205810547 150.573501586914 240.259292602539
vertex 249.786639982516 150.649027708671 243.036950735414
endloop
endfacet
facet normal -0.755745119673 -0.460991335845 -0.465119664565
outer loop
vertex 249.786641963189 150.649023669957 243.036951520003
vertex 251.542205810547 150.573501586914 240.259292602539
vertex 250.006113375874 150.428739322634 242.898674688457
endloop
endfacet
facet normal -0.720120845797 -0.495481436386 -0.485720200986
outer loop
vertex 251.542205810547 150.573501586914 240.259292602539
vertex 254.778396606445 148.293594360352 237.787094116211
vertex 253.486629108586 147.157944190599 240.860720202674
endloop
endfacet
facet normal -0.736507460188 -0.499583889907 -0.456040237296
outer loop
vertex 253.486629108586 147.157944190599 240.860720202674
vertex 252.845069675990 147.758901119232 241.238504648209
vertex 251.542205810547 150.573501586914 240.259292602539
endloop
endfacet
facet normal -0.700932111812 -0.518528700304 -0.489716409355
outer loop
vertex 257.230898339715 143.985939996295 238.837916979812
vertex 255.989380001955 145.026832818985 239.512771368027
vertex 254.778396606445 148.293594360352 237.787094116211
endloop
endfacet
facet normal -0.672821422276 -0.513077113404 -0.532975805668
outer loop
vertex 258.848510742188 146.514404296875 234.361801147461
vertex 257.230898339715 143.985939996295 238.837916979812
vertex 254.778396606445 148.293594360352 237.787094116211
endloop
endfacet
facet normal -0.672821422276 -0.513077113404 -0.532975805668
outer loop
vertex 258.848510742188 146.514404296875 234.361801147461
vertex 257.692743138239 143.622915472558 238.604361350915
vertex 257.230898339715 143.985939996295 238.837916979812
endloop
endfacet
facet normal -0.646072335287 -0.537256380943 -0.542167980162
outer loop
vertex 257.692743138239 143.622915472558 238.604361350915
vertex 261.102203369141 141.248703002930 236.894195556641
vertex 260.046864313756 141.911864280701 237.494632601738
endloop
endfacet
facet normal -0.646072335287 -0.537256380943 -0.542167980162
outer loop
vertex 261.102203369141 141.248703002930 236.894195556641
vertex 260.292251303794 141.735152463380 237.377329115391
vertex 260.046864313756 141.911864280701 237.494632601738
endloop
endfacet
facet normal -0.630567340877 -0.523503122014 -0.573000270385
outer loop
vertex 261.049078788130 141.185562215265 237.010343887963
vertex 261.102203369141 141.248703002930 236.894195556641
vertex 261.114192260022 141.140193980783 236.980137939851
endloop
endfacet
facet normal -0.645352464110 -0.507408825464 -0.571013555801
outer loop
vertex 261.049077280360 141.185560423217 237.010347184459
vertex 260.292251303794 141.735152463380 237.377329115391
vertex 261.049078788130 141.185562215265 237.010343887963
endloop
endfacet
facet normal -0.645352463637 -0.507408822984 -0.571013558539
outer loop
vertex 261.049078788130 141.185562215265 237.010343887963
vertex 260.292251303794 141.735152463380 237.377329115391
vertex 261.102203369141 141.248703002930 236.894195556641
endloop
endfacet
facet normal -0.567092266008 -0.545591257655 -0.617038525057
outer loop
vertex 261.214340701825 141.079054646027 236.941139864237
vertex 264.182312011719 140.407501220703 234.807205200195
vertex 261.214343287527 141.079050734215 236.941140946696
endloop
endfacet
facet normal -0.572000564056 -0.547183766949 -0.611068964935
outer loop
vertex 261.114192260022 141.140193980783 236.980137939851
vertex 261.214340701825 141.079054646027 236.941139864237
vertex 261.214343287527 141.079050734215 236.941140946696
endloop
endfacet
facet normal -0.572000564068 -0.547183767015 -0.611068964865
outer loop
vertex 261.114192260022 141.140193980783 236.980137939851
vertex 261.102203369141 141.248703002930 236.894195556641
vertex 261.214340701825 141.079054646027 236.941139864237
endloop
endfacet
facet normal -0.350720727810 -0.628645921102 -0.694117624734
outer loop
vertex 269.118896484375 138.943298339844 232.827896118164
vertex 270.852996826172 136.971405029297 233.737594604492
vertex 268.686939577498 137.300927267158 234.533610069740
endloop
endfacet
facet normal -0.460066887241 -0.597330098745 -0.656913397944
outer loop
vertex 265.987191584486 138.490653975690 235.286149956446
vertex 264.878740320204 139.000222817920 235.599099755632
vertex 266.539215087891 138.888702392578 234.537597656250
endloop
endfacet
facet normal -0.567092265993 -0.545591257715 -0.617038525018
outer loop
vertex 263.958911262057 139.438931842893 235.868940887370
vertex 263.882249593735 139.484137296677 235.899426080848
vertex 264.182312011719 140.407501220703 234.807205200195
endloop
endfacet
facet normal -0.474706814179 -0.598208919324 -0.645600131207
outer loop
vertex 263.958911262057 139.438931842893 235.868940887370
vertex 264.182312011719 140.407501220703 234.807205200195
vertex 264.878740320204 139.000222817920 235.599099755632
endloop
endfacet
facet normal -0.437368956901 -0.589908095631 -0.678761249813
outer loop
vertex 269.118896484375 138.943298339844 232.827896118164
vertex 267.219611574475 137.930190306170 234.932213197414
vertex 266.539215087891 138.888702392578 234.537597656250
endloop
endfacet
facet normal -0.460236794413 -0.597160545758 -0.656948533493
outer loop
vertex 267.219624515349 137.930172075646 234.932220702846
vertex 265.987191584486 138.490653975690 235.286149956446
vertex 267.219611574475 137.930190306170 234.932213197414
endloop
endfacet
facet normal -0.460236794199 -0.597160544433 -0.656948534847
outer loop
vertex 267.219611574475 137.930190306170 234.932213197414
vertex 265.987191584486 138.490653975690 235.286149956446
vertex 266.539215087891 138.888702392578 234.537597656250
endloop
endfacet
facet normal -0.437368956901 -0.589908095631 -0.678761249813
outer loop
vertex 269.118896484375 138.943298339844 232.827896118164
vertex 268.686939577498 137.300927267158 234.533610069740
vertex 267.219624515349 137.930172075646 234.932220702846
endloop
endfacet
facet normal -0.328568464873 -0.591460515324 -0.736354006375
outer loop
vertex 270.968525513264 136.503040469791 234.062248314921
vertex 270.852996826172 136.971405029297 233.737594604492
vertex 273.401489257813 136.171295166016 233.243103027344
endloop
endfacet
facet normal -0.269758698773 -0.645926331370 -0.714149437359
outer loop
vertex 276.614196777344 136.514099121094 231.719497680664
vertex 274.275117980416 135.530248728325 233.492910444368
vertex 273.401489257813 136.171295166016 233.243103027344
endloop
endfacet
facet normal -0.328568465194 -0.591460517425 -0.736354004544
outer loop
vertex 272.859874428513 135.900112578858 233.702598518417
vertex 270.968525513264 136.503040469791 234.062248314921
vertex 272.859881794773 135.900116267090 233.702592269025
endloop
endfacet
facet normal -0.328568464873 -0.591460515324 -0.736354006375
outer loop
vertex 272.859881794773 135.900116267090 233.702592269025
vertex 270.968525513264 136.503040469791 234.062248314921
vertex 273.401489257813 136.171295166016 233.243103027344
endloop
endfacet
facet normal -0.323795978869 -0.596997232341 -0.733996232037
outer loop
vertex 272.859881794773 135.900116267090 233.702592269025
vertex 273.391767247599 135.738116185543 233.599718756566
vertex 273.391767093679 135.738109327416 233.599724402538
endloop
endfacet
facet normal -0.323795979100 -0.596997234045 -0.733996230550
outer loop
vertex 272.859881794773 135.900116267090 233.702592269025
vertex 273.401489257813 136.171295166016 233.243103027344
vertex 273.391767247599 135.738116185543 233.599718756566
endloop
endfacet
facet normal -0.235641171217 -0.614524407976 -0.752883118704
outer loop
vertex 273.401489257813 136.171295166016 233.243103027344
vertex 274.275117980416 135.530248728325 233.492910444368
vertex 273.391767247599 135.738116185543 233.599718756566
endloop
endfacet
facet normal -0.205011878691 -0.674924984053 -0.708834533228
outer loop
vertex 276.614196777344 136.514099121094 231.719497680664
vertex 277.854705810547 134.751602172852 233.038894653320
vertex 275.869037067100 135.131179794062 233.251778270775
endloop
endfacet
facet normal -0.156309937950 -0.653961792126 -0.740203470498
outer loop
vertex 277.854667873284 134.751268726307 233.039197261021
vertex 277.855516690369 134.751136808234 233.039134563172
vertex 277.855521426717 134.751134090039 233.039135964485
endloop
endfacet
facet normal -0.205011878692 -0.674924984066 -0.708834533216
outer loop
vertex 275.869037067100 135.131179794062 233.251778270775
vertex 277.854705810547 134.751602172852 233.038894653320
vertex 277.853400056739 134.751503459428 233.039366299638
endloop
endfacet
facet normal -0.205011878613 -0.674924983154 -0.708834534106
outer loop
vertex 275.869037067100 135.131179794062 233.251778270775
vertex 277.853400056739 134.751503459428 233.039366299638
vertex 277.853394674328 134.751503052524 233.039368243798
endloop
endfacet
facet normal -0.216938464116 -0.642379496833 -0.735041689182
outer loop
vertex 277.854667873284 134.751268726307 233.039197261021
vertex 277.854666790040 134.751259205218 233.039205901551
vertex 277.853400056739 134.751503459428 233.039366299638
endloop
endfacet
facet normal -0.216938464198 -0.642379498086 -0.735041688062
outer loop
vertex 277.854705810547 134.751602172852 233.038894653320
vertex 277.854667873284 134.751268726307 233.039197261021
vertex 277.853400056739 134.751503459428 233.039366299638
endloop
endfacet
facet normal -0.108078139215 -0.683230838917 -0.722159772195
outer loop
vertex 280.100265646116 134.404349216212 232.825680039222
vertex 280.326599121094 135.855804443359 231.418594360352
vertex 281.747102737427 134.243562817574 232.731334071731
endloop
endfacet
facet normal -0.172281120565 -0.671659256801 -0.720550524426
outer loop
vertex 277.854705810547 134.751602172852 233.038894653320
vertex 280.326599121094 135.855804443359 231.418594360352
vertex 277.855516690369 134.751136808234 233.039134563172
endloop
endfacet
facet normal -0.172281120264 -0.671659257130 -0.720550524191
outer loop
vertex 277.855516690369 134.751136808234 233.039134563172
vertex 280.326599121094 135.855804443359 231.418594360352
vertex 277.855521426717 134.751134090039 233.039135964485
endloop
endfacet
facet normal -0.172281120571 -0.671659256795 -0.720550524430
outer loop
vertex 277.855521426717 134.751134090039 233.039135964485
vertex 280.326599121094 135.855804443359 231.418594360352
vertex 280.100265646116 134.404349216212 232.825680039222
endloop
endfacet
facet normal -0.107193073287 -0.682619882057 -0.722869104098
outer loop
vertex 282.486323073858 134.186003312807 232.675159342448
vertex 280.326599121094 135.855804443359 231.418594360352
vertex 284.444610595703 135.908905029297 230.757797241211
endloop
endfacet
facet normal -0.108078139215 -0.683230838917 -0.722159772195
outer loop
vertex 280.326599121094 135.855804443359 231.418594360352
vertex 282.486323073858 134.186003312807 232.675159342448
vertex 281.747102737427 134.243562817574 232.731334071731
endloop
endfacet
facet normal -0.060850403676 -0.704143469319 -0.707445547719
outer loop
vertex 286.330943725696 134.030005950968 232.465674811411
vertex 285.397171974182 134.054690599442 232.521423065298
vertex 284.444610595703 135.908905029297 230.757797241211
endloop
endfacet
facet normal -0.060850403676 -0.704143469319 -0.707445547719
outer loop
vertex 284.444610595703 135.908905029297 230.757797241211
vertex 285.397171974182 134.054690599442 232.521423065298
vertex 283.000281586322 134.145713701581 232.636991570893
endloop
endfacet
facet normal -0.060850403351 -0.704143467968 -0.707445549092
outer loop
vertex 283.000278129767 134.145709481927 232.636996068164
vertex 283.000281586322 134.145713701581 232.636991570893
vertex 283.000328780387 134.145707558537 232.636993625901
endloop
endfacet
facet normal -0.026658201329 -0.686911020028 -0.726252429164
outer loop
vertex 284.444610595703 135.908905029297 230.757797241211
vertex 288.233398437500 135.938003540039 230.591201782227
vertex 286.330943725696 134.030005950968 232.465674811411
endloop
endfacet
facet normal 0.027855377098 -0.705838642201 -0.707824758781
outer loop
vertex 288.233398437500 135.938003540039 230.591201782227
vertex 289.765014648438 134.376495361328 232.208602905273
vertex 286.943646305677 134.028151646873 232.444938485844
endloop
endfacet
facet normal 0.027855377098 -0.705838642201 -0.707824758781
outer loop
vertex 286.943646305677 134.028151646873 232.444938485844
vertex 289.765014648438 134.376495361328 232.208602905273
vertex 288.631856194624 134.113399646290 232.426366644554
endloop
endfacet
facet normal 0.017420512489 -0.680982096187 -0.732092829099
outer loop
vertex 289.757086522120 134.167728639393 232.402606020297
vertex 289.757086401713 134.167725468789 232.402608966682
vertex 288.631856194624 134.113399646290 232.426366644554
endloop
endfacet
facet normal 0.017420512740 -0.680982099883 -0.732092825655
outer loop
vertex 289.765014648438 134.376495361328 232.208602905273
vertex 289.757086522120 134.167728639393 232.402606020297
vertex 288.631856194624 134.113399646290 232.426366644554
endloop
endfacet
facet normal 0.090340383557 -0.679785750736 -0.727825492955
outer loop
vertex 289.765014648438 134.376495361328 232.208602905273
vertex 290.348199615530 134.233742821528 232.414320206328
vertex 289.757086522120 134.167728639393 232.402606020297
endloop
endfacet
facet normal 0.141511055231 -0.682443293733 -0.717109316691
outer loop
vertex 294.796112060547 135.370407104492 232.042694091797
vertex 292.241970628020 134.430922354443 232.432740367029
vertex 291.729614257813 135.817901611328 231.011703491211
endloop
endfacet
facet normal 0.141511055231 -0.682443293733 -0.717109316691
outer loop
vertex 294.796112060547 135.370407104492 232.042694091797
vertex 293.863584495805 134.690772907780 232.505453161154
vertex 292.241973395876 134.430914861693 232.432748043765
endloop
endfacet
facet normal 0.142764377946 -0.683383534552 -0.715964578099
outer loop
vertex 294.927775712213 134.867907559533 232.548580563771
vertex 293.863584495805 134.690772907780 232.505453161154
vertex 294.796112060547 135.370407104492 232.042694091797
endloop
endfacet
facet normal 0.185869457723 -0.668768772310 -0.719861704683
outer loop
vertex 295.733331980667 135.030030855755 232.600903483542
vertex 294.796112060547 135.370407104492 232.042694091797
vertex 297.542602539063 136.235992431641 231.947692871094
endloop
endfacet
facet normal 0.193399261642 -0.670070521796 -0.716660464527
outer loop
vertex 297.963638209036 135.501252609759 232.748288846358
vertex 297.066042476836 135.304627051507 232.689905046057
vertex 297.542602539063 136.235992431641 231.947692871094
endloop
endfacet
facet normal 0.185869457723 -0.668768772310 -0.719861704683
outer loop
vertex 297.066042476836 135.304627051507 232.689905046057
vertex 295.733331980667 135.030030855755 232.600903483542
vertex 297.542602539063 136.235992431641 231.947692871094
endloop
endfacet
facet normal 0.324172698578 -0.641688151008 -0.695088755738
outer loop
vertex 301.748901367188 138.044296264648 231.964492797852
vertex 300.884235843458 136.342261949162 233.132508090804
vertex 300.395661361748 136.183217928078 233.051474058949
endloop
endfacet
facet normal 0.252663070504 -0.682603252538 -0.685721643546
outer loop
vertex 299.631567029049 135.979486363369 232.972738624466
vertex 297.542602539063 136.235992431641 231.947692871094
vertex 299.445404052734 137.470504760742 231.419906616211
endloop
endfacet
facet normal 0.324172698578 -0.641688151008 -0.695088755738
outer loop
vertex 301.748901367188 138.044296264648 231.964492797852
vertex 300.395661361748 136.183217928078 233.051474058949
vertex 299.445404052734 137.470504760742 231.419906616211
endloop
endfacet
facet normal 0.359432902947 -0.645233577758 -0.674152518658
outer loop
vertex 301.748901367188 138.044296264648 231.964492797852
vertex 302.857333614312 137.044194908003 233.512667680963
vertex 300.884283137187 136.342270954013 233.132524687479
endloop
endfacet
facet normal 0.359432902637 -0.645233577730 -0.674152518850
outer loop
vertex 301.748901367188 138.044296264648 231.964492797852
vertex 300.884283137187 136.342270954013 233.132524687479
vertex 300.884235843458 136.342261949162 233.132508090804
endloop
endfacet
facet normal 0.359432902585 -0.645233578146 -0.674152518480
outer loop
vertex 300.884235843458 136.342261949162 233.132508090804
vertex 300.884283137187 136.342270954013 233.132524687479
vertex 300.884230994271 136.342252403873 233.132514641226
endloop
endfacet
facet normal 0.370911253372 -0.636188264850 -0.676527408010
outer loop
vertex 304.907501220703 138.858993530273 232.930099487305
vertex 302.857333614312 137.044194908003 233.512667680963
vertex 301.748901367188 138.044296264648 231.964492797852
endloop
endfacet
facet normal 0.478423809495 -0.617663007447 -0.624181918787
outer loop
vertex 307.559509277344 140.397796630859 233.112396240234
vertex 310.060791015625 140.523895263672 234.904800415039
vertex 307.678667395945 138.953878861852 234.632566312749
endloop
endfacet
facet normal 0.416981961874 -0.642470523527 -0.642928977314
outer loop
vertex 307.568757966372 138.909059847884 234.606069835192
vertex 307.559509277344 140.397796630859 233.112396240234
vertex 307.568759583107 138.909059878300 234.606070853357
endloop
endfacet
facet normal 0.436936521844 -0.593293604748 -0.676083703726
outer loop
vertex 304.907501220703 138.858993530273 232.930099487305
vertex 307.568757966372 138.909059847884 234.606069835192
vertex 305.714190006256 138.112291693687 234.106707076108
endloop
endfacet
facet normal 0.416981954473 -0.642470525955 -0.642928979689
outer loop
vertex 304.907501220703 138.858993530273 232.930099487305
vertex 307.559509277344 140.397796630859 233.112396240234
vertex 307.568757966372 138.909059847884 234.606069835192
endloop
endfacet
facet normal 0.416981954473 -0.642470525955 -0.642928979689
outer loop
vertex 307.568759583107 138.909059878300 234.606070853357
vertex 307.559509277344 140.397796630859 233.112396240234
vertex 307.678667395945 138.953878861852 234.632566312749
endloop
endfacet
facet normal 0.603883315868 -0.534301821907 -0.591478236221
outer loop
vertex 311.362091064453 143.633407592773 233.151397705078
vertex 315.120086669922 146.543304443359 234.359603881836
vertex 312.798568410520 141.618595037165 236.438049018904
endloop
endfacet
facet normal 0.483571341444 -0.595280725042 -0.641716149187
outer loop
vertex 310.060791015625 140.523895263672 234.904800415039
vertex 310.187980584880 140.112012741710 235.382723492581
vertex 309.767780153070 139.911709497184 235.251886476927
endloop
endfacet
facet normal 0.646215786871 -0.530486768945 -0.548624593664
outer loop
vertex 315.120086669922 146.543304443359 234.359603881836
vertex 314.906398686182 143.069937825203 237.466439604759
vertex 313.236221226264 141.896007608587 236.634284795864
endloop
endfacet
facet normal 0.569385511437 -0.541686544253 -0.618365447887
outer loop
vertex 310.060791015625 140.523895263672 234.904800415039
vertex 311.642780457703 140.955723219508 235.983202315947
vertex 310.187980584880 140.112012741710 235.382723492581
endloop
endfacet
facet normal 0.562863172088 -0.571998953629 -0.596659238221
outer loop
vertex 311.642794292856 140.955726996022 235.983211747018
vertex 311.362091064453 143.633407592773 233.151397705078
vertex 312.798568410520 141.618595037165 236.438049018904
endloop
endfacet
facet normal 0.603883315868 -0.534301821907 -0.591478236221
outer loop
vertex 312.798568410520 141.618595037165 236.438049018904
vertex 315.120086669922 146.543304443359 234.359603881836
vertex 313.236221226264 141.896007608587 236.634284795864
endloop
endfacet
facet normal 0.674145956681 -0.506203710978 -0.537852240009
outer loop
vertex 319.179504394531 148.302505493164 237.792007446289
vertex 316.031912389226 143.872385450728 238.016245207020
vertex 315.120086669922 146.543304443359 234.359603881836
endloop
endfacet
facet normal 0.764944090406 -0.459069724637 -0.451791463482
outer loop
vertex 324.817374645164 151.887272465010 242.817273872058
vertex 326.459899902344 155.236404418945 242.195205688477
vertex 326.606353762073 153.874471783638 243.827044963837
endloop
endfacet
facet normal 0.700328478737 -0.512380164399 -0.496997574441
outer loop
vertex 320.016684990819 147.163312735338 240.146146070163
vertex 318.539604328790 145.904645323753 239.362388849258
vertex 319.179504394531 148.302505493164 237.792007446289
endloop
endfacet
facet normal 0.718710733357 -0.490409628277 -0.492902909558
outer loop
vertex 322.459991455078 150.604598999023 240.284896850586
vertex 320.016684990819 147.163312735338 240.146146070163
vertex 319.179504394531 148.302505493164 237.792007446289
endloop
endfacet
facet normal 0.735665683527 -0.495310954285 -0.462020627944
outer loop
vertex 322.459991455078 150.604598999023 240.284896850586
vertex 322.966693538109 149.957954883575 241.784945130348
vertex 320.990903118802 148.048661418245 240.685801043939
endloop
endfacet
facet normal 0.718710733357 -0.490409628277 -0.492902909558
outer loop
vertex 322.459991455078 150.604598999023 240.284896850586
vertex 320.990903118802 148.048661418245 240.685801043939
vertex 320.016684990819 147.163312735338 240.146146070163
endloop
endfacet
facet normal 0.754480492480 -0.457440091631 -0.470646097441
outer loop
vertex 322.459991455078 150.604598999023 240.284896850586
vertex 326.459899902344 155.236404418945 242.195205688477
vertex 323.505324734196 150.491882030519 242.070197593975
endloop
endfacet
facet normal 0.735665683527 -0.495310954285 -0.462020627944
outer loop
vertex 323.505324734196 150.491882030519 242.070197593975
vertex 322.966693538109 149.957954883575 241.784945130348
vertex 322.459991455078 150.604598999023 240.284896850586
endloop
endfacet
facet normal 0.754480492480 -0.457440091631 -0.470646097441
outer loop
vertex 323.505324734196 150.491882030519 242.070197593975
vertex 326.459899902344 155.236404418945 242.195205688477
vertex 324.817374645164 151.887272465010 242.817273872058
endloop
endfacet
facet normal 0.786641492524 -0.424965708053 -0.447883142369
outer loop
vertex 330.245743500270 158.298881757642 245.938712976627
vertex 328.931145158302 156.662210822105 245.182737708092
vertex 326.459899902344 155.236404418945 242.195205688477
endloop
endfacet
facet normal 0.764944090406 -0.459069724637 -0.451791463482
outer loop
vertex 326.459899902344 155.236404418945 242.195205688477
vertex 327.199921474374 154.541030970963 244.154738121338
vertex 326.606353762073 153.874471783638 243.827044963837
endloop
endfacet
facet normal 0.786647521812 -0.424837842499 -0.447993843717
outer loop
vertex 326.459899902344 155.236404418945 242.195205688477
vertex 331.151702880859 162.117996215820 243.907806396484
vertex 330.245743500270 158.298881757642 245.938712976627
endloop
endfacet
facet normal 0.809707096104 -0.407564764996 -0.422214851529
outer loop
vertex 330.827770616837 159.032599330807 246.264921026442
vertex 333.607696533203 163.077499389648 247.691604614258
vertex 332.108534914702 160.766303426764 247.047572884326
endloop
endfacet
facet normal 0.786647521812 -0.424837842499 -0.447993843717
outer loop
vertex 330.245743500270 158.298881757642 245.938712976627
vertex 331.151702880859 162.117996215820 243.907806396484
vertex 330.827770616837 159.032599330807 246.264921026442
endloop
endfacet
facet normal 0.821059772439 -0.376974605941 -0.428661867394
outer loop
vertex 334.255293781687 163.751536634100 248.339250570134
vertex 333.720484456407 162.972090171736 248.000337989002
vertex 333.607696533203 163.077499389648 247.691604614258
endloop
endfacet
facet normal 0.819647288312 -0.357040150424 -0.447996265329
outer loop
vertex 335.845765464105 166.137814521790 249.347358942032
vertex 334.255293781687 163.751536634100 248.339250570134
vertex 335.682098388672 167.448303222656 248.003494262695
endloop
endfacet
facet normal 0.819647288312 -0.357040150423 -0.447996265329
outer loop
vertex 335.845765464105 166.137814521790 249.347358942032
vertex 335.682098388672 167.448303222656 248.003494262695
vertex 335.917611556628 166.246956540535 249.391824429054
endloop
endfacet
facet normal 0.828858007845 -0.345775342657 -0.439811113141
outer loop
vertex 335.682098388672 167.448303222656 248.003494262695
vertex 337.255809471739 168.354029173399 250.257201144233
vertex 335.917611556628 166.246956540535 249.391824429054
endloop
endfacet
facet normal 0.836984090212 -0.270256681509 -0.475835012196
outer loop
vertex 339.372431926979 172.151759238923 251.823326746564
vertex 338.616265037913 170.781001448631 251.271784305573
vertex 339.372443881272 172.151792583256 251.823328835574
endloop
endfacet
facet normal 0.836984088935 -0.270256679426 -0.475835015625
outer loop
vertex 339.372443881272 172.151792583256 251.823328835574
vertex 338.616265037913 170.781001448631 251.271784305573
vertex 339.792907714844 173.324600219727 251.896804809570
endloop
endfacet
facet normal 0.814856447672 -0.259666452245 -0.518249267501
outer loop
vertex 339.945451986936 173.165262752678 252.216489345189
vertex 339.945453618511 173.165261048445 252.216492764453
vertex 339.372443881272 172.151792583256 251.823328835574
endloop
endfacet
facet normal 0.814856445860 -0.259666449601 -0.518249271676
outer loop
vertex 339.792907714844 173.324600219727 251.896804809570
vertex 339.945451986936 173.165262752678 252.216489345189
vertex 339.372443881272 172.151792583256 251.823328835574
endloop
endfacet
facet normal 0.840983440909 -0.178563068815 -0.510746593304
outer loop
vertex 340.245622143375 173.801493551550 252.475506273079
vertex 339.792907714844 173.324600219727 251.896804809570
vertex 342.483306884766 179.474700927734 254.176605224609
endloop
endfacet
facet normal 0.840983440909 -0.178563068815 -0.510746593304
outer loop
vertex 340.245622143375 173.801493551550 252.475506273079
vertex 342.483306884766 179.474700927734 254.176605224609
vertex 340.896212538541 175.217762589455 253.051608800888
endloop
endfacet
facet normal 0.840983440909 -0.178563068815 -0.510746593304
outer loop
vertex 340.896212538541 175.217762589455 253.051608800888
vertex 342.483306884766 179.474700927734 254.176605224609
vertex 341.572690319442 176.719963550568 253.640294075012
endloop
endfacet
facet normal 0.840983440909 -0.178563068815 -0.510746593304
outer loop
vertex 341.572690319442 176.719963550568 253.640294075012
vertex 342.483306884766 179.474700927734 254.176605224609
vertex 342.227694087606 178.203970193863 254.199981689453
endloop
endfacet
facet normal 0.840983440909 -0.178563068815 -0.510746593304
outer loop
vertex 342.483306884766 179.474700927734 254.176605224609
vertex 342.640562014220 179.153512545558 254.547829126137
vertex 342.227694087606 178.203970193863 254.199981689453
endloop
endfacet
facet normal 0.868280517949 -0.139889393021 -0.475941067644
outer loop
vertex 343.046636611627 180.258766731423 254.973858841591
vertex 342.483306884766 179.474700927734 254.176605224609
vertex 344.265197753906 185.321792602539 255.708801269531
endloop
endfacet
facet normal 0.868280517949 -0.139889393021 -0.475941067644
outer loop
vertex 343.046636611627 180.258766731423 254.973858841591
vertex 344.265197753906 185.321792602539 255.708801269531
vertex 343.593014002678 181.759461760521 255.529552698135
endloop
endfacet
facet normal 0.868280517949 -0.139889393021 -0.475941067644
outer loop
vertex 343.593014002678 181.759461760521 255.529552698135
vertex 344.265197753906 185.321792602539 255.708801269531
vertex 344.163425246099 183.353260159492 256.101727485657
endloop
endfacet
facet normal 0.868280517949 -0.139889393021 -0.475941067644
outer loop
vertex 344.163425246099 183.353260159492 256.101727485657
vertex 344.265197753906 185.321792602539 255.708801269531
vertex 344.661152503804 184.761684787321 256.595787004368
endloop
endfacet
facet normal 0.888201158311 -0.085627608707 -0.451405156155
outer loop
vertex 344.265197753906 185.321792602539 255.708801269531
vertex 345.164373464180 186.531629510185 257.248556535031
vertex 344.765062426879 185.124322772026 256.729811429977
endloop
endfacet
facet normal 0.887083013231 -0.080902137777 -0.454465149094
outer loop
vertex 344.265197753906 185.321792602539 255.708801269531
vertex 346.191802978516 190.735794067383 258.505615234375
vertex 345.164373464180 186.531629510185 257.248556535031
endloop
endfacet
facet normal 0.887083013231 -0.080902137777 -0.454465149094
outer loop
vertex 346.191802978516 190.735794067383 258.505615234375
vertex 345.575991367781 188.001930713654 257.790267467499
vertex 345.164373464180 186.531629510185 257.248556535031
endloop
endfacet
facet normal 0.887083013231 -0.080902137777 -0.454465149094
outer loop
vertex 346.191802978516 190.735794067383 258.505615234375
vertex 346.044099746594 189.703211188316 258.401125669479
vertex 345.575991367781 188.001930713654 257.790267467499
endloop
endfacet
facet normal 0.904149531492 -0.054693161214 -0.423700699573
outer loop
vertex 346.191802978516 190.735794067383 258.505615234375
vertex 346.394130410418 191.055882655848 258.896050265891
vertex 346.258516120986 190.487647124437 258.680008614748
endloop
endfacet
facet normal 0.887083013403 -0.080902137955 -0.454465148725
outer loop
vertex 346.258517485600 190.487642048606 258.680012181954
vertex 346.044099746594 189.703211188316 258.401125669479
vertex 346.258516120986 190.487647124437 258.680008614748
endloop
endfacet
facet normal 0.887083013230 -0.080902137777 -0.454465149094
outer loop
vertex 346.258516120986 190.487647124437 258.680008614748
vertex 346.044099746594 189.703211188316 258.401125669479
vertex 346.191802978516 190.735794067383 258.505615234375
endloop
endfacet
facet normal 0.899783825258 -0.038609137745 -0.434624438208
outer loop
vertex 346.394130410418 191.055882655848 258.896050265891
vertex 346.191802978516 190.735794067383 258.505615234375
vertex 347.160400390625 195.833496093750 260.058013916016
endloop
endfacet
facet normal 0.913877729492 -0.004161422077 -0.405968198390
outer loop
vertex 347.362600007342 195.368152669897 260.517956881418
vertex 347.160400390625 195.833496093750 260.058013916016
vertex 347.578259695353 196.577553166231 260.991032754993
endloop
endfacet
facet normal 0.899783825258 -0.038609137745 -0.434624438208
outer loop
vertex 346.394130410418 191.055882655848 258.896050265891
vertex 347.160400390625 195.833496093750 260.058013916016
vertex 346.768835689302 192.718982696533 259.524047374725
endloop
endfacet
facet normal 0.899783825258 -0.038609137745 -0.434624438208
outer loop
vertex 346.768835689302 192.718982696533 259.524047374725
vertex 347.160400390625 195.833496093750 260.058013916016
vertex 347.177611649393 194.540381431580 260.208517313004
endloop
endfacet
facet normal 0.920768726643 0.051295148674 -0.386721811847
outer loop
vertex 348.243286132813 203.139892578125 262.783294677734
vertex 348.645424088464 203.769720877306 263.824309632859
vertex 348.483645944703 202.344344646143 263.250059269108
endloop
endfacet
facet normal 0.899783825258 -0.038609137745 -0.434624438208
outer loop
vertex 347.160400390625 195.833496093750 260.058013916016
vertex 347.362600007342 195.368152669897 260.517956881418
vertex 347.177611649393 194.540381431580 260.208517313004
endloop
endfacet
facet normal 0.905020758034 0.024269572557 -0.424674481662
outer loop
vertex 347.160400390625 195.833496093750 260.058013916016
vertex 348.243286132813 203.139892578125 262.783294677734
vertex 347.578259695353 196.577553166231 260.991032754993
endloop
endfacet
facet normal 0.905020758034 0.024269572557 -0.424674481662
outer loop
vertex 348.243286132813 203.139892578125 262.783294677734
vertex 347.752362116912 197.673454880714 261.424690485001
vertex 347.578259695353 196.577553166231 260.991032754993
endloop
endfacet
facet normal 0.905020758034 0.024269572557 -0.424674481662
outer loop
vertex 348.243286132813 203.139892578125 262.783294677734
vertex 348.046042084336 199.533939361572 262.156873941422
vertex 347.752362116912 197.673454880714 261.424690485001
endloop
endfacet
facet normal 0.905020758034 0.024269572557 -0.424674481662
outer loop
vertex 348.243286132813 203.139892578125 262.783294677734
vertex 348.337707469563 201.398625969887 262.885004281998
vertex 348.046042084336 199.533939361572 262.156873941422
endloop
endfacet
facet normal 0.905020758034 0.024269572557 -0.424674481662
outer loop
vertex 348.483645944703 202.344344646143 263.250059269108
vertex 348.337707469563 201.398625969887 262.885004281998
vertex 348.243286132813 203.139892578125 262.783294677734
endloop
endfacet
facet normal 0.945673013853 0.042427818244 -0.322339000292
outer loop
vertex 348.061401367188 208.266006469727 262.924407958984
vertex 349.132323008128 209.881398650616 266.278886506890
vertex 349.122474851283 209.766983985901 266.234934329987
endloop
endfacet
facet normal 0.945673013853 0.042427818244 -0.322339000292
outer loop
vertex 349.012819351548 208.530473372920 265.750473267805
vertex 348.061401367188 208.266006469727 262.924407958984
vertex 349.122474851283 209.766983985901 266.234934329987
endloop
endfacet
facet normal 0.907896398594 0.095115423419 -0.408261173329
outer loop
vertex 348.243286132813 203.139892578125 262.783294677734
vertex 348.873284088576 206.678166985512 265.008628368378
vertex 348.718700588277 204.688355326653 264.201283454895
endloop
endfacet
facet normal 0.945673013853 0.042427818244 -0.322339000292
outer loop
vertex 349.012816966210 208.530456663632 265.750464070384
vertex 348.243286132813 203.139892578125 262.783294677734
vertex 348.061401367188 208.266006469727 262.924407958984
endloop
endfacet
facet normal 0.907896398594 0.095115423419 -0.408261173329
outer loop
vertex 349.012816966210 208.530456663632 265.750464070384
vertex 348.873284088576 206.678166985512 265.008628368378
vertex 348.243286132813 203.139892578125 262.783294677734
endloop
endfacet
facet normal 0.938196389399 0.133495201304 -0.319322041436
outer loop
vertex 349.263430819145 215.751865320862 268.618437286554
vertex 348.134887695313 220.571792602539 267.317687988281
vertex 349.256721738507 216.842456612572 269.054656058584
endloop
endfacet
facet normal 0.937141565895 0.082698687268 -0.339008278063
outer loop
vertex 348.306091308594 213.576599121094 264.896301269531
vertex 349.132323008128 209.881398650616 266.278886506890
vertex 348.061401367188 208.266006469727 262.924407958984
endloop
endfacet
facet normal 0.937141565895 0.082698687268 -0.339008278063
outer loop
vertex 348.306091308594 213.576599121094 264.896301269531
vertex 349.155032428518 210.295878459089 266.442773000052
vertex 349.132326287295 209.881403596955 266.278896778320
endloop
endfacet
facet normal 0.947382906801 0.102149838758 -0.303366178640
outer loop
vertex 348.306091308594 213.576599121094 264.896301269531
vertex 349.217702676837 213.273271918297 267.641037702560
vertex 349.185725712358 211.698174476624 267.010807991028
endloop
endfacet
facet normal 0.947382906801 0.102149838758 -0.303366178640
outer loop
vertex 348.306091308594 213.576599121094 264.896301269531
vertex 349.246753703253 214.817002415657 268.251568078995
vertex 349.217702676837 213.273271918297 267.641037702560
endloop
endfacet
facet normal 0.938196389399 0.133495201304 -0.319322041436
outer loop
vertex 348.306091308594 213.576599121094 264.896301269531
vertex 348.134887695313 220.571792602539 267.317687988281
vertex 349.263430819145 215.751865320862 268.618437286554
endloop
endfacet
facet normal 0.947382906801 0.102149838758 -0.303366178640
outer loop
vertex 349.263430819145 215.751865320862 268.618437286554
vertex 349.246753703253 214.817002415657 268.251568078995
vertex 348.306091308594 213.576599121094 264.896301269531
endloop
endfacet
facet normal 0.916041159661 0.231420624062 -0.327586764942
outer loop
vertex 348.575127030313 225.706011056900 272.827535867691
vertex 348.701021314132 224.416506559534 272.268619545782
vertex 348.144104003906 227.282302856445 272.735809326172
endloop
endfacet
facet normal 0.948456421334 0.157125997329 -0.275212350367
outer loop
vertex 349.191596647222 218.248710036278 269.633084535599
vertex 348.134887695313 220.571792602539 267.317687988281
vertex 349.120296674790 219.793930649757 270.269572734833
endloop
endfacet
facet normal 0.948456421334 0.157125997329 -0.275212350367
outer loop
vertex 349.120296674790 219.793930649757 270.269572734833
vertex 348.134887695313 220.571792602539 267.317687988281
vertex 349.056826700110 221.173648631557 270.838555408276
endloop
endfacet
facet normal 0.931899659829 0.227083864181 -0.282835539915
outer loop
vertex 349.056826700110 221.173648631557 270.838555408276
vertex 348.134887695313 220.571792602539 267.317687988281
vertex 348.144104003906 227.282302856445 272.735809326172
endloop
endfacet
facet normal 0.931816638616 0.227217884433 -0.283001386907
outer loop
vertex 348.998157167526 221.707597374916 271.072030067444
vertex 348.144104003906 227.282302856445 272.735809326172
vertex 348.837579103914 223.161473870277 271.710604429245
endloop
endfacet
facet normal 0.916041159661 0.231420624062 -0.327586764942
outer loop
vertex 348.575127030313 225.706011056900 272.827535867691
vertex 348.144104003906 227.282302856445 272.735809326172
vertex 348.487705433515 226.593339109765 273.209920763047
endloop
endfacet
facet normal 0.931816638616 0.227217884433 -0.283001386907
outer loop
vertex 348.144104003906 227.282302856445 272.735809326172
vertex 348.701021314132 224.416506559534 272.268619545782
vertex 348.837579103914 223.161473870277 271.710604429245
endloop
endfacet
facet normal 0.897004286652 0.321113715076 -0.303758607643
outer loop
vertex 348.089922416948 228.895187377930 274.280846118927
vertex 348.382654109817 227.428944976322 273.595272257971
vertex 348.144104003906 227.282302856445 272.735809326172
endloop
endfacet
facet normal 0.920119908892 0.253388825173 -0.298619250112
outer loop
vertex 348.382654109817 227.428944976322 273.595272257971
vertex 348.487705433515 226.593339109765 273.209920763047
vertex 348.144104003906 227.282302856445 272.735809326172
endloop
endfacet
facet normal 0.897004286652 0.321113715077 -0.303758607643
outer loop
vertex 347.879046648435 229.940541973238 274.763206867489
vertex 348.089922416948 228.895187377930 274.280846118927
vertex 348.144104003906 227.282302856445 272.735809326172
endloop
endfacet
facet normal 0.929404946881 0.277896472922 -0.242857973003
outer loop
vertex 346.675201416016 232.859100341797 273.495788574219
vertex 347.879046648435 229.940541973238 274.763206867489
vertex 348.144104003906 227.282302856445 272.735809326172
endloop
endfacet
facet normal 0.929433360151 0.277890125477 -0.242756477155
outer loop
vertex 347.321181450855 232.850924134254 275.959670543671
vertex 346.675201416016 232.859100341797 273.495788574219
vertex 347.237965633461 233.256791495890 276.105672725319
endloop
endfacet
facet normal 0.929433360151 0.277890125477 -0.242756477155
outer loop
vertex 347.321181450855 232.850924134254 275.959670543671
vertex 347.636695518696 231.231123209000 275.313436985016
vertex 346.675201416016 232.859100341797 273.495788574219
endloop
endfacet
facet normal 0.910034175753 0.332938073910 -0.246961612204
outer loop
vertex 346.675201416016 232.859100341797 273.495788574219
vertex 345.402709960938 237.729400634766 275.372589111328
vertex 347.237965633461 233.256791495890 276.105672725319
endloop
endfacet
facet normal 0.911072641730 0.340557139217 -0.232309010631
outer loop
vertex 346.073709352579 237.316948880734 277.399483365857
vertex 346.494530846989 235.962420701981 277.064174413681
vertex 345.402709960938 237.729400634766 275.372589111328
endloop
endfacet
facet normal 0.900506929365 0.373885350904 -0.222029310104
outer loop
vertex 345.402709960938 237.729400634766 275.372589111328
vertex 345.476262730804 238.943342950029 277.715117794663
vertex 346.073709352579 237.316948880734 277.399483365857
endloop
endfacet
facet normal 0.891381543598 0.390388465061 -0.230295006633
outer loop
vertex 343.926834132912 242.285385727882 277.383208274841
vertex 344.703555476149 240.726950916594 277.747784551292
vertex 345.476262730804 238.943342950029 277.715117794663
endloop
endfacet
facet normal 0.891381543598 0.390388465061 -0.230295006634
outer loop
vertex 343.926834132912 242.285385727882 277.383208274841
vertex 345.476262730804 238.943342950029 277.715117794663
vertex 345.402709960938 237.729400634766 275.372589111328
endloop
endfacet
facet normal 0.891381543598 0.390388465061 -0.230295006634
outer loop
vertex 344.703555476149 240.726950916594 277.747784551292
vertex 344.744753020869 240.644291043282 277.767121791840
vertex 345.476262730804 238.943342950029 277.715117794663
endloop
endfacet
facet normal 0.916863926742 0.366669085502 -0.157842711511
outer loop
vertex 345.402709960938 237.729400634766 275.372589111328
vertex 343.140991210938 242.195297241211 272.609191894531
vertex 343.926834132912 242.285385727882 277.383208274841
endloop
endfacet
facet normal 0.891856650364 0.420673238108 -0.166209933339
outer loop
vertex 343.542993466797 243.063550854142 276.963801932927
vertex 343.140991210938 242.195297241211 272.609191894531
vertex 343.351067226604 243.398442864418 276.781558990479
endloop
endfacet
facet normal 0.916691254721 0.367109210513 -0.157822593673
outer loop
vertex 343.926834132912 242.285385727882 277.383208274841
vertex 343.140991210938 242.195297241211 272.609191894531
vertex 343.542993466797 243.063550854142 276.963801932927
endloop
endfacet
facet normal 0.891856650364 0.420673238108 -0.166209933339
outer loop
vertex 343.351067226604 243.398442864418 276.781558990479
vertex 343.140991210938 242.195297241211 272.609191894531
vertex 342.205272739845 245.088040828705 274.909734725952
endloop
endfacet
facet normal 0.891856650364 0.420673238108 -0.166209933339
outer loop
vertex 343.140991210938 242.195297241211 272.609191894531
vertex 342.049200563873 245.148423863120 274.225103674259
vertex 342.205272739845 245.088040828705 274.909734725952
endloop
endfacet
facet normal 0.911620142689 0.396437181284 -0.108564620112
outer loop
vertex 343.140991210938 242.195297241211 272.609191894531
vertex 341.122683377248 246.220200510865 270.358838437528
vertex 341.427564634151 245.919585227966 271.821200847626
endloop
endfacet
facet normal 0.909398026234 0.406313660387 -0.088906913477
outer loop
vertex 343.140991210938 242.195297241211 272.609191894531
vertex 342.505004882813 242.655395507813 268.206604003906
vertex 341.122683377248 246.220200510865 270.358838437528
endloop
endfacet
facet normal 0.919678323865 0.389593289002 -0.049080034420
outer loop
vertex 341.018877899447 246.343485524975 269.634808927514
vertex 341.072439511201 246.275153957749 270.096054188863
vertex 341.190002441406 245.545806884766 266.509490966797
endloop
endfacet
facet normal 0.909398026234 0.406313660387 -0.088906913477
outer loop
vertex 341.122683377248 246.220200510865 270.358838437528
vertex 342.505004882813 242.655395507813 268.206604003906
vertex 341.072439511201 246.275153957749 270.096054188863
endloop
endfacet
facet normal 0.898360537830 0.438965295951 0.016056556902
outer loop
vertex 340.585534220015 246.880486607552 263.840943574905
vertex 340.636693848134 246.678621120618 266.497313333603
vertex 340.975006103516 246.125000000000 262.704101562500
endloop
endfacet
facet normal 0.897050406314 0.437480460253 -0.062541309785
outer loop
vertex 340.694824089299 246.641784906387 267.073422670364
vertex 341.190002441406 245.545806884766 266.509490966797
vertex 340.636693848134 246.678621120618 266.497313333603
endloop
endfacet
facet normal 0.898360537830 0.438965295951 0.016056556902
outer loop
vertex 340.975006103516 246.125000000000 262.704101562500
vertex 340.636693848134 246.678621120618 266.497313333603
vertex 341.190002441406 245.545806884766 266.509490966797
endloop
endfacet
facet normal 0.879999102073 0.461426732971 0.112636363801
outer loop
vertex 340.724872688194 247.021272465706 260.986655364011
vertex 340.569670414089 246.934530764070 262.554557557328
vertex 340.975006103516 246.125000000000 262.704101562500
endloop
endfacet
facet normal 0.898360537830 0.438965295951 0.016056556902
outer loop
vertex 340.585534220015 246.880486607552 263.840943574905
vertex 340.975006103516 246.125000000000 262.704101562500
vertex 340.584078914757 246.895049437131 263.524238816027
endloop
endfacet
facet normal 0.893795552221 0.448447021167 0.004977954975
outer loop
vertex 340.569670414089 246.934530764070 262.554557557328
vertex 340.584078914757 246.895049437131 263.524238816027
vertex 340.975006103516 246.125000000000 262.704101562500
endloop
endfacet
facet normal 0.901584451038 0.423231070178 0.089559694521
outer loop
vertex 342.148284912109 244.404205322266 259.024810791016
vertex 340.724872688194 247.021272465706 260.986655364011
vertex 340.975006103516 246.125000000000 262.704101562500
endloop
endfacet
facet normal 0.901584451038 0.423231070178 0.089559694521
outer loop
vertex 342.148284912109 244.404205322266 259.024810791016
vertex 340.941191676699 247.073695786895 258.561267291936
vertex 340.724872688194 247.021272465706 260.986655364011
endloop
endfacet
facet normal 0.880417920817 0.432046872129 0.195447652806
outer loop
vertex 340.941191676699 247.073695786895 258.561267291936
vertex 342.052307128906 245.723907470703 256.539886474609
vertex 341.159551339952 247.121553860442 257.471846730283
endloop
endfacet
facet normal 0.881747757143 0.419933441220 0.214887872435
outer loop
vertex 341.159551339952 247.121553860442 257.471846730283
vertex 342.052307128906 245.723907470703 256.539886474609
vertex 341.696429243549 247.187296897641 255.140404841418
endloop
endfacet
facet normal 0.873465492963 0.430293745457 0.227827402267
outer loop
vertex 341.696429243549 247.187296897641 255.140404841418
vertex 343.212890625000 244.595199584961 254.222106933594
vertex 341.876986695674 247.202962552291 254.418579742651
endloop
endfacet
facet normal 0.827006307447 0.417597575573 0.376394516855
outer loop
vertex 343.494603514486 247.293812825006 250.152623739000
vertex 343.237487792969 246.639495849609 251.443496704102
vertex 345.011505126953 245.023193359375 249.338897705078
endloop
endfacet
facet normal 0.791419530770 0.467042159809 0.394368796022
outer loop
vertex 343.494603514486 247.293812825006 250.152623739000
vertex 342.897573554580 247.257072087271 251.394255047480
vertex 343.237487792969 246.639495849609 251.443496704102
endloop
endfacet
facet normal 0.784437152034 0.431965991458 0.445043522291
outer loop
vertex 346.225402832031 245.259201049805 246.970199584961
vertex 344.749014826435 247.283264592699 247.607905726298
vertex 344.291493909364 247.276637500585 248.420767986906
endloop
endfacet
facet normal 0.784437152034 0.431965991458 0.445043522291
outer loop
vertex 346.225402832031 245.259201049805 246.970199584961
vertex 344.291493909364 247.276637500585 248.420767986906
vertex 345.011505126953 245.023193359375 249.338897705078
endloop
endfacet
facet normal 0.745484681958 0.422102251089 0.515831637835
outer loop
vertex 347.525787353516 245.506393432617 244.888595581055
vertex 346.449291327836 247.238799759327 245.026738885575
vertex 346.125622082045 247.255330753492 245.480981467305
endloop
endfacet
facet normal 0.745484681958 0.422102251089 0.515831637835
outer loop
vertex 347.525787353516 245.506393432617 244.888595581055
vertex 346.125622082045 247.255330753492 245.480981467305
vertex 346.225402832031 245.259201049805 246.970199584961
endloop
endfacet
facet normal 0.710364597758 0.452011028107 0.539507338895
outer loop
vertex 347.986317679217 247.132475430126 243.148184354634
vertex 347.889997803497 247.145509856543 243.264087366100
vertex 348.001892089844 247.104400634766 243.151199340820
endloop
endfacet
facet normal 0.719329374244 0.401794992790 0.566679834756
outer loop
vertex 348.001892089844 247.104400634766 243.151199340820
vertex 346.449291327836 247.238799759327 245.026738885575
vertex 347.525787353516 245.506393432617 244.888595581055
endloop
endfacet
facet normal 0.663001921605 0.413985180801 0.623734496421
outer loop
vertex 349.574937536296 246.933981661929 241.390136023144
vertex 352.472991943359 244.584106445313 239.869293212891
vertex 350.976807924367 246.740968734099 240.028116968270
endloop
endfacet
facet normal 0.670470965435 0.436380201649 0.600034169125
outer loop
vertex 347.986317679217 247.132475430126 243.148184354634
vertex 348.001892089844 247.104400634766 243.151199340820
vertex 348.017471489759 247.129986531550 243.115183535035
endloop
endfacet
facet normal 0.702213891569 0.400760882341 0.588461014573
outer loop
vertex 348.017471489759 247.129986531550 243.115183535035
vertex 349.755889892578 245.571502685547 242.102096557617
vertex 349.574937536296 246.933981661929 241.390136023144
endloop
endfacet
facet normal 0.598995252391 0.364817104743 0.712820571883
outer loop
vertex 357.000701904297 244.010192871094 236.358306884766
vertex 353.133310914456 246.498537058388 238.334622349852
vertex 352.472991943359 244.584106445313 239.869293212891
endloop
endfacet
facet normal 0.600230103730 0.363924194540 0.712238024262
outer loop
vertex 353.133310914456 246.498537058388 238.334622349852
vertex 352.874010801315 246.530324220657 238.536902502658
vertex 352.472991943359 244.584106445313 239.869293212891
endloop
endfacet
facet normal 0.546081704431 0.324859201874 0.772179558810
outer loop
vertex 357.000701904297 244.010192871094 236.358306884766
vertex 357.618689537048 246.047079563141 235.064342141077
vertex 355.491546796415 246.215731137572 236.497694921373
endloop
endfacet
facet normal 0.598995252391 0.364817104743 0.712820571883
outer loop
vertex 355.092793703079 246.262222528458 236.808979926209
vertex 357.000701904297 244.010192871094 236.358306884766
vertex 355.491546796415 246.215731137572 236.497694921373
endloop
endfacet
facet normal 0.552464302081 0.319989953251 0.769668516145
outer loop
vertex 362.432586669922 242.970703125000 232.891494750977
vertex 357.941564856354 246.023371207821 234.845980459037
vertex 357.000701904297 244.010192871094 236.358306884766
endloop
endfacet
facet normal 0.546081704431 0.324859201875 0.772179558810
outer loop
vertex 357.941564856354 246.023371207821 234.845980459037
vertex 357.618689537048 246.047079563141 235.064342141077
vertex 357.000701904297 244.010192871094 236.358306884766
endloop
endfacet
facet normal 0.484507659350 0.281463122772 0.828269786091
outer loop
vertex 362.432586669922 242.970703125000 232.891494750977
vertex 363.254278898239 245.798483490944 231.449896746787
vertex 360.788338460432 245.847151121461 232.875843830924
endloop
endfacet
facet normal 0.552464302081 0.319989953251 0.769668516145
outer loop
vertex 359.926313161850 245.895251631737 233.474603576523
vertex 362.432586669922 242.970703125000 232.891494750977
vertex 360.788338460432 245.847151121461 232.875843830924
endloop
endfacet
facet normal 0.493409090512 0.272597206282 0.825977138017
outer loop
vertex 364.645659007908 245.773717906508 230.644405911949
vertex 362.432586669922 242.970703125000 232.891494750977
vertex 368.522613525391 241.758499145508 229.653594970703
endloop
endfacet
facet normal 0.484507659350 0.281463122772 0.828269786091
outer loop
vertex 364.645659007908 245.773717906508 230.644405911949
vertex 363.254278898239 245.798483490944 231.449896746787
vertex 362.432586669922 242.970703125000 232.891494750977
endloop
endfacet
facet normal 0.493409090512 0.272597206282 0.825977138017
outer loop
vertex 366.458099149117 245.771391174732 229.562487127557
vertex 364.645659007908 245.773717906508 230.644405911949
vertex 368.522613525391 241.758499145508 229.653594970703
endloop
endfacet
facet normal 0.442234440921 0.384048059886 0.810515753679
outer loop
vertex 371.383961805278 245.827546994956 227.085334879698
vertex 372.224212646484 245.628692626953 226.721099853516
vertex 372.136436352158 245.827419281321 226.674829456623
endloop
endfacet
facet normal 0.442234439349 0.384048067779 0.810515750796
outer loop
vertex 371.383961805278 245.827546994956 227.085334879698
vertex 372.136436352158 245.827419281321 226.674829456623
vertex 372.136435442337 245.827421341166 226.674828977021
endloop
endfacet
facet normal 0.360294089319 0.359554268989 0.860760650154
outer loop
vertex 372.136436352158 245.827419281321 226.674829456623
vertex 372.224212646484 245.628692626953 226.721099853516
vertex 372.532996754773 245.840714144346 226.503285144218
endloop
endfacet
facet normal 0.358691730535 0.317127079469 0.877935452020
outer loop
vertex 378.460693359375 244.095001220703 224.539306640625
vertex 380.748720964452 245.868724090490 222.963801139078
vertex 377.440426632805 245.878535594795 224.311902895889
endloop
endfacet
facet normal 0.365468566104 0.322826942079 0.873049536199
outer loop
vertex 390.080596923828 244.021697998047 219.764999389648
vertex 382.782461822767 245.830206338576 222.151351672003
vertex 384.323394775391 242.543304443359 222.721694946289
endloop
endfacet
facet normal 0.382909773702 0.329099175479 0.863176597170
outer loop
vertex 377.440426632805 245.878535594795 224.311902895889
vertex 376.098871231079 245.874643325806 224.908508062764
vertex 378.460693359375 244.095001220703 224.539306640625
endloop
endfacet
facet normal 0.356739072188 0.319566816879 0.877846389709
outer loop
vertex 384.323394775391 242.543304443359 222.721694946289
vertex 380.748720964452 245.868724090490 222.963801139078
vertex 378.460693359375 244.095001220703 224.539306640625
endloop
endfacet
facet normal 0.356739072188 0.319566816879 0.877846389709
outer loop
vertex 384.323394775391 242.543304443359 222.721694946289
vertex 382.782461822767 245.830206338576 222.151351672003
vertex 380.748720964452 245.868724090490 222.963801139078
endloop
endfacet
facet normal 0.365468566104 0.322826942079 0.873049536199
outer loop
vertex 390.080596923828 244.021697998047 219.764999389648
vertex 385.654446999106 245.708582554133 220.994078426947
vertex 382.782461822767 245.830206338576 222.151351672003
endloop
endfacet
facet normal 0.358407594810 0.395724428300 0.845544896992
outer loop
vertex 389.211058705723 245.386824070834 219.494683012389
vertex 390.080596923828 244.021697998047 219.764999389648
vertex 391.384352504958 245.119958704757 218.698368279286
endloop
endfacet
facet normal 0.362263094809 0.410685770103 0.836721368423
outer loop
vertex 398.545898437500 242.312698364258 217.054199218750
vertex 399.191472862016 242.880861344525 216.495824283340
vertex 397.335506328988 243.733412687387 216.880919594014
endloop
endfacet
facet normal 0.354045228746 0.419287373617 0.835972532041
outer loop
vertex 399.191472862016 242.880861344525 216.495824283340
vertex 398.545898437500 242.312698364258 217.054199218750
vertex 400.678217845973 241.707861806271 216.454493891538
endloop
endfacet
facet normal 0.351891810752 0.402849423962 0.844916856938
outer loop
vertex 397.335506328988 243.733412687387 216.880919594014
vertex 395.217925310135 244.385823607445 217.451787664458
vertex 398.545898437500 242.312698364258 217.054199218750
endloop
endfacet
facet normal 0.342144508747 0.336221120920 0.877435178792
outer loop
vertex 401.566593635483 240.278549766912 216.655775994424
vertex 398.545898437500 242.312698364258 217.054199218750
vertex 402.423118837698 238.449184596580 217.022772692738
endloop
endfacet
facet normal 0.307669887496 0.301420407688 0.902488214969
outer loop
vertex 402.423118837698 238.449184596580 217.022772692738
vertex 395.659790039063 238.009002685547 219.475494384766
vertex 401.797828432644 237.768318313768 217.463343566159
endloop
endfacet
facet normal 0.342144508747 0.336221120920 0.877435178792
outer loop
vertex 400.678217845973 241.707861806271 216.454493891538
vertex 398.545898437500 242.312698364258 217.054199218750
vertex 401.566593635483 240.278549766912 216.655775994424
endloop
endfacet
facet normal 0.342144508747 0.336221120920 0.877435178792
outer loop
vertex 400.678217845973 241.707861806271 216.454493891538
vertex 401.566593635483 240.278549766912 216.655775994424
vertex 401.157230138779 241.152867674828 216.480375374207
endloop
endfacet
facet normal 0.307669887496 0.301420407688 0.902488214969
outer loop
vertex 398.545898437500 242.312698364258 217.054199218750
vertex 395.659790039063 238.009002685547 219.475494384766
vertex 402.423118837698 238.449184596580 217.022772692738
endloop
endfacet
facet normal 0.241699010219 -0.178527289769 0.953786975832
outer loop
vertex 398.664983536331 229.606617488784 218.898490950538
vertex 396.683197021484 230.148895263672 219.502197265625
vertex 397.870055141048 228.218498210153 218.840109186301
endloop
endfacet
facet normal 0.264026047361 0.079030550662 0.961272291485
outer loop
vertex 395.659790039063 238.009002685547 219.475494384766
vertex 399.048187255859 232.995605468750 218.957000732422
vertex 401.257501031579 235.317022154263 218.159329532131
endloop
endfacet
facet normal 0.264026047361 0.079030550662 0.961272291485
outer loop
vertex 401.257511446525 235.317017145638 218.159327083311
vertex 399.048187255859 232.995605468750 218.957000732422
vertex 400.859238388045 234.257520691860 218.355824008522
endloop
endfacet
facet normal 0.279775772200 0.055098352273 0.958483014386
outer loop
vertex 400.859238388045 234.257520691860 218.355824008522
vertex 399.048187255859 232.995605468750 218.957000732422
vertex 400.229664793404 232.713772513701 218.628335274364
endloop
endfacet
facet normal 0.251955362393 -0.069415062923 0.965246105613
outer loop
vertex 399.048187255859 232.995605468750 218.957000732422
vertex 399.833191424378 231.917652500547 218.674573089057
vertex 400.229664793404 232.713772513701 218.628335274364
endloop
endfacet
facet normal 0.279000370273 -0.048105762785 0.959085308497
outer loop
vertex 396.683197021484 230.148895263672 219.502197265625
vertex 398.664983536331 229.606617488784 218.898490950538
vertex 399.833191424378 231.917652500547 218.674573089057
endloop
endfacet
facet normal 0.248482343206 -0.174042994551 0.952872269070
outer loop
vertex 396.683197021484 230.148895263672 219.502197265625
vertex 394.432495117188 227.308395385742 219.570297241211
vertex 397.870055141048 228.218498210153 218.840109186301
endloop
endfacet
facet normal 0.248482343206 -0.174042994551 0.952872269070
outer loop
vertex 397.870055141048 228.218498210153 218.840109186301
vertex 394.432495117188 227.308395385742 219.570297241211
vertex 397.261618233251 227.201047519308 218.812934152101
endloop
endfacet
facet normal 0.196200611695 -0.369121777477 0.908435156388
outer loop
vertex 392.609534895747 220.365248194899 217.588599044856
vertex 393.287632941010 221.301191530160 217.822444922314
vertex 391.842803955078 221.055099487305 218.034500122070
endloop
endfacet
facet normal 0.217253168435 -0.279409093420 0.935270880184
outer loop
vertex 394.432495117188 227.308395385742 219.570297241211
vertex 393.169891357422 224.047805786133 218.889495849609
vertex 396.170799509199 225.476786321786 218.619321022692
endloop
endfacet
facet normal 0.212911302867 -0.333233077575 0.918490333711
outer loop
vertex 393.169891357422 224.047805786133 218.889495849609
vertex 394.277695413969 222.688177620841 218.139420364225
vertex 395.210144984282 224.032411982213 218.410968459174
endloop
endfacet
facet normal 0.193895676477 -0.348023393471 0.917215451375
outer loop
vertex 393.287632941010 221.301191530160 217.822444922314
vertex 394.277695413969 222.688177620841 218.139420364225
vertex 391.842803955078 221.055099487305 218.034500122070
endloop
endfacet
facet normal 0.170499797061 -0.394214949493 0.903063891870
outer loop
vertex 392.609534895747 220.365248194899 217.588599044856
vertex 391.842803955078 221.055099487305 218.034500122070
vertex 390.593902587891 217.789596557617 216.844802856445
endloop
endfacet
facet normal 0.171320178649 -0.398697948170 0.900938034780
outer loop
vertex 390.651645122042 217.721990767526 216.803904648536
vertex 390.722303914517 217.818588217644 216.833216240666
vertex 390.593902587891 217.789596557617 216.844802856445
endloop
endfacet
facet normal 0.170499797060 -0.394214949493 0.903063891870
outer loop
vertex 390.722303914517 217.818588217644 216.833216240666
vertex 392.609534895747 220.365248194899 217.588599044856
vertex 390.593902587891 217.789596557617 216.844802856445
endloop
endfacet
facet normal 0.144506065605 -0.418893096954 0.896463368090
outer loop
vertex 390.651645122042 217.721990767526 216.803904648536
vertex 390.593902587891 217.789596557617 216.844802856445
vertex 387.953308105469 214.295593261719 215.637802124023
endloop
endfacet
facet normal 0.144506065605 -0.418893096954 0.896463368090
outer loop
vertex 390.651645122042 217.721990767526 216.803904648536
vertex 387.953308105469 214.295593261719 215.637802124023
vertex 388.744294643402 215.131968259811 215.901113898966
endloop
endfacet
facet normal 0.145663834766 -0.450082289611 0.881026662377
outer loop
vertex 382.575103759766 210.037094116211 214.351501464844
vertex 388.027491940262 214.131761189589 215.541841559378
vertex 387.953308105469 214.295593261719 215.637802124023
endloop
endfacet
facet normal 0.078928363331 -0.514549644709 0.853820224984
outer loop
vertex 383.026702880859 203.468093872070 210.298202514648
vertex 380.296112060547 199.026794433594 207.874099731445
vertex 383.086771815298 203.344478762492 210.218153750990
endloop
endfacet
facet normal 0.144506064583 -0.418893096373 0.896463368526
outer loop
vertex 388.148485978709 214.303349946428 215.609964773649
vertex 388.148488374721 214.303350041649 215.609964431917
vertex 388.744294643402 215.131968259811 215.901113898966
endloop
endfacet
facet normal 0.144506065605 -0.418893096954 0.896463368090
outer loop
vertex 387.953308105469 214.295593261719 215.637802124023
vertex 388.148485978709 214.303349946428 215.609964773649
vertex 388.744294643402 215.131968259811 215.901113898966
endloop
endfacet
facet normal 0.143563625778 -0.450969462514 0.880917719900
outer loop
vertex 388.027491940262 214.131761189589 215.541841559378
vertex 388.148485978709 214.303349946428 215.609964773649
vertex 387.953308105469 214.295593261719 215.637802124023
endloop
endfacet
facet normal 0.145663834766 -0.450082289611 0.881026662377
outer loop
vertex 382.575103759766 210.037094116211 214.351501464844
vertex 385.580244671745 210.251820158306 213.964344100430
vertex 388.027491940262 214.131761189589 215.541841559378
endloop
endfacet
facet normal 0.145740244186 -0.488049070701 0.860562540326
outer loop
vertex 382.575103759766 210.037094116211 214.351501464844
vertex 384.763569231975 208.595918094831 213.163543515994
vertex 385.580244671745 210.251820158306 213.964344100430
endloop
endfacet
facet normal 0.121296259109 -0.515185434697 0.848452229299
outer loop
vertex 383.026702880859 203.468093872070 210.298202514648
vertex 383.212941065982 204.017932767999 210.605443142290
vertex 383.878856897354 206.425338983536 211.972034540578
endloop
endfacet
facet normal 0.121296251167 -0.515185434038 0.848452230834
outer loop
vertex 383.212941065982 204.017932767999 210.605443142290
vertex 383.120237020077 203.542697441661 210.330130453910
vertex 383.120239733263 203.542699605720 210.330131380058
endloop
endfacet
facet normal 0.121296259108 -0.515185434697 0.848452229299
outer loop
vertex 383.212941065982 204.017932767999 210.605443142290
vertex 383.026702880859 203.468093872070 210.298202514648
vertex 383.120237020077 203.542697441661 210.330130453910
endloop
endfacet
facet normal 0.087681499593 -0.482825826613 0.871315772717
outer loop
vertex 383.120237020077 203.542697441661 210.330130453910
vertex 383.106798114624 203.461551996568 210.286517363903
vertex 383.106799770996 203.461551861282 210.286517122254
endloop
endfacet
facet normal 0.087681493489 -0.482825826089 0.871315773621
outer loop
vertex 383.120237020077 203.542697441661 210.330130453910
vertex 383.026702880859 203.468093872070 210.298202514648
vertex 383.106798114624 203.461551996568 210.286517363903
endloop
endfacet
facet normal 0.082739667552 -0.513048712238 0.854362432627
outer loop
vertex 383.026702880859 203.468093872070 210.298202514648
vertex 383.086771815298 203.344478762492 210.218153750990
vertex 383.106798114624 203.461551996568 210.286517363903
endloop
endfacet
facet normal 0.078812832202 -0.512804531825 0.854880137575
outer loop
vertex 380.296112060547 199.026794433594 207.874099731445
vertex 381.235809326172 195.233093261719 205.511795043945
vertex 382.690698391621 199.241265848312 207.781990658104
endloop
endfacet
facet normal 0.078928363331 -0.514549644709 0.853820224984
outer loop
vertex 382.690698391621 199.241265848312 207.781990658104
vertex 382.799208164215 201.244294643402 208.979073165862
vertex 380.296112060547 199.026794433594 207.874099731445
endloop
endfacet
facet normal 0.078812832202 -0.512804531825 0.854880137575
outer loop
vertex 382.690698391621 199.241265848312 207.781990658104
vertex 381.235809326172 195.233093261719 205.511795043945
vertex 382.683933072521 196.862223626336 206.355532859783
endloop
endfacet
facet normal 0.053208971826 -0.496125114112 0.866619106912
outer loop
vertex 381.235809326172 195.233093261719 205.511795043945
vertex 382.738351119429 195.391525928852 205.510241559983
vertex 382.683933072521 196.862223626336 206.355532859783
endloop
endfacet
facet normal 0.055730769240 -0.520182346989 0.852234948381
outer loop
vertex 382.892757654190 192.155137658119 203.524735984778
vertex 382.783353328705 194.430589675903 204.920767866068
vertex 382.962493896484 190.223403930664 202.341094970703
endloop
endfacet
facet normal 0.055730769239 -0.520182346989 0.852234948381
outer loop
vertex 382.972806692123 190.268203616142 202.367765157775
vertex 382.892757654190 192.155137658119 203.524735984778
vertex 382.962493896484 190.223403930664 202.341094970703
endloop
endfacet
facet normal 0.104049917855 -0.541275812221 0.834382472071
outer loop
vertex 382.962493896484 190.223403930664 202.341094970703
vertex 375.685791015625 185.210693359375 199.996704101563
vertex 382.976530157954 190.169369662728 202.304291807710
endloop
endfacet
facet normal 0.055730769237 -0.520182346988 0.852234948381
outer loop
vertex 382.972806692123 190.268203616142 202.367765157775
vertex 382.962493896484 190.223403930664 202.341094970703
vertex 382.974201913549 190.232892266439 202.346120777241
endloop
endfacet
facet normal 0.055730772446 -0.520182346802 0.852234948285
outer loop
vertex 382.972806692123 190.268203616142 202.367765157775
vertex 382.974201913549 190.232892266439 202.346120777241
vertex 382.974205017047 190.232894781556 202.346122109455
endloop
endfacet
facet normal 0.063338221836 -0.527046944027 0.847472588611
outer loop
vertex 382.974654863235 190.221411577336 202.338947033551
vertex 382.974201913549 190.232892266439 202.346120777241
vertex 382.974653786508 190.221411753738 202.338947223728
endloop
endfacet
facet normal 0.063338231386 -0.527046943435 0.847472588265
outer loop
vertex 382.974653786508 190.221411753738 202.338947223728
vertex 382.974201913549 190.232892266439 202.346120777241
vertex 382.962493896484 190.223403930664 202.341094970703
endloop
endfacet
facet normal 0.056513727618 -0.551966606900 0.831948954839
outer loop
vertex 382.974653786508 190.221411753738 202.338947223728
vertex 382.962493896484 190.223403930664 202.341094970703
vertex 382.976530157954 190.169369662728 202.304291807710
endloop
endfacet
facet normal 0.104049917855 -0.541275812221 0.834382472071
outer loop
vertex 375.685791015625 185.210693359375 199.996704101563
vertex 383.007675409317 188.199177384377 201.022316068350
vertex 382.976530157954 190.169369662728 202.304291807710
endloop
endfacet
facet normal 0.104049917855 -0.541275812221 0.834382472071
outer loop
vertex 375.685791015625 185.210693359375 199.996704101563
vertex 382.930576801300 185.800984501839 199.476188555238
vertex 383.007675409317 188.199177384377 201.022316068350
endloop
endfacet
facet normal 0.105801641671 -0.528837734264 0.842102525491
outer loop
vertex 382.860392199240 184.886219168818 198.891519458184
vertex 375.685791015625 185.210693359375 199.996704101563
vertex 378.221313476563 183.330993652344 198.497695922852
endloop
endfacet
facet normal 0.104049917855 -0.541275812221 0.834382472071
outer loop
vertex 382.860392199240 184.886219168818 198.891519458184
vertex 382.930576801300 185.800984501839 199.476188555238
vertex 375.685791015625 185.210693359375 199.996704101563
endloop
endfacet
facet normal 0.105801641671 -0.528837734264 0.842102525491
outer loop
vertex 382.827252883994 184.445589863054 198.618969260546
vertex 382.860392199240 184.886219168818 198.891519458184
vertex 378.221313476563 183.330993652344 198.497695922852
endloop
endfacet
facet normal 0.120517253265 -0.585266915911 0.801834290116
outer loop
vertex 379.379211425781 181.206405639648 196.772903442383
vertex 382.733552744109 183.635499891770 198.041759753145
vertex 382.827252883994 184.445589863054 198.618969260546
endloop
endfacet
facet normal 0.139418980392 -0.602869435392 0.785563995978
outer loop
vertex 382.733552744109 183.635499891770 198.041759753145
vertex 379.379211425781 181.206405639648 196.772903442383
vertex 382.434130223369 181.639167032770 196.562844111694
endloop
endfacet
facet normal 0.129445294019 -0.650290969951 0.748575694406
outer loop
vertex 379.379211425781 181.206405639648 196.772903442383
vertex 380.522796630859 178.627105712891 194.334503173828
vertex 382.111013898890 180.057615178187 195.302555091492
endloop
endfacet
facet normal 0.127916716601 -0.678306907536 0.723558603572
outer loop
vertex 380.522796630859 178.627105712891 194.334503173828
vertex 381.416527618304 177.479535240117 193.100701091182
vertex 381.773473487243 178.697433251842 194.179327323549
endloop
endfacet
facet normal 0.129445294019 -0.650290969951 0.748575694406
outer loop
vertex 382.111013898890 180.057615178187 195.302555091492
vertex 380.522796630859 178.627105712891 194.334503173828
vertex 381.773473487243 178.697433251842 194.179327323549
endloop
endfacet
facet normal 0.163338813339 -0.660603142321 0.732750926586
outer loop
vertex 381.416527618304 177.479535240117 193.100701091182
vertex 380.522796630859 178.627105712891 194.334503173828
vertex 378.996093750000 176.328903198242 192.602905273438
endloop
endfacet
facet normal 0.154445642180 -0.678240118749 0.718426673315
outer loop
vertex 379.878083831386 173.137027785999 189.399965337299
vertex 380.939900242691 175.966230943301 191.842644921779
vertex 378.996093750000 176.328903198242 192.602905273438
endloop
endfacet
facet normal 0.163338813339 -0.660603142321 0.732750926586
outer loop
vertex 380.939900242691 175.966230943301 191.842644921779
vertex 381.416527618304 177.479535240117 193.100701091182
vertex 378.996093750000 176.328903198242 192.602905273438
endloop
endfacet
facet normal 0.219128960667 -0.660279974323 0.718340346983
outer loop
vertex 374.667602539063 174.986602783203 192.689498901367
vertex 379.878083831386 173.137027785999 189.399965337299
vertex 378.996093750000 176.328903198242 192.602905273438
endloop
endfacet
facet normal 0.219128960667 -0.660279974323 0.718340346983
outer loop
vertex 374.667602539063 174.986602783203 192.689498901367
vertex 379.340350386933 171.805907295236 188.340468629563
vertex 379.878083831386 173.137027785999 189.399965337299
endloop
endfacet
facet normal 0.231242543915 -0.657253028231 0.717318160069
outer loop
vertex 376.248606302394 165.362359188657 183.354861903267
vertex 377.150090344611 167.099142145016 184.655601862417
vertex 372.945892333984 167.065399169922 185.979995727539
endloop
endfacet
facet normal 0.231242543915 -0.657253028231 0.717318160069
outer loop
vertex 377.150090344611 167.099142145016 184.655601862417
vertex 375.524688720703 169.834503173828 187.685897827148
vertex 372.945892333984 167.065399169922 185.979995727539
endloop
endfacet
facet normal 0.241483441257 -0.663165763706 0.708446834594
outer loop
vertex 374.860646136787 162.941050973417 181.466590200334
vertex 375.312579169578 163.723691788288 182.045160432722
vertex 368.247100830078 163.212600708008 183.975097656250
endloop
endfacet
facet normal 0.241483441311 -0.663165763388 0.708446834874
outer loop
vertex 375.312579169578 163.723691788288 182.045160432722
vertex 375.312572803840 163.723700776563 182.045171016348
vertex 368.247100830078 163.212600708008 183.975097656250
endloop
endfacet
facet normal 0.207767728683 -0.680382242728 0.702789139570
outer loop
vertex 376.248606302394 165.362359188657 183.354861903267
vertex 372.945892333984 167.065399169922 185.979995727539
vertex 375.312572803840 163.723700776563 182.045171016348
endloop
endfacet
facet normal 0.232006212128 -0.671414456324 0.703829343927
outer loop
vertex 372.207522392273 158.666819334030 178.252891525057
vertex 374.475980989842 162.292138505806 180.963484981534
vertex 365.394714355469 158.417098999023 180.260406494141
endloop
endfacet
facet normal 0.235858216063 -0.678897683213 0.695319234340
outer loop
vertex 374.860646136787 162.941050973417 181.466590200334
vertex 368.247100830078 163.212600708008 183.975097656250
vertex 365.394714355469 158.417098999023 180.260406494141
endloop
endfacet
facet normal 0.235858216063 -0.678897683213 0.695319234340
outer loop
vertex 374.475980989842 162.292138505806 180.963484981534
vertex 374.860646136787 162.941050973417 181.466590200334
vertex 365.394714355469 158.417098999023 180.260406494141
endloop
endfacet
facet normal 0.232006212128 -0.671414456324 0.703829343927
outer loop
vertex 369.817942380905 155.157804489136 175.693171753714
vertex 372.207522392273 158.666819334030 178.252891525057
vertex 365.394714355469 158.417098999023 180.260406494141
endloop
endfacet
facet normal 0.207223300147 -0.684910487080 0.698538566268
outer loop
vertex 360.307586669922 152.769393920898 176.231994628906
vertex 368.968152219136 153.977287926216 174.847143814022
vertex 365.394714355469 158.417098999023 180.260406494141
endloop
endfacet
facet normal 0.232006212128 -0.671414456324 0.703829343927
outer loop
vertex 369.817942380905 155.157804489136 175.693171753714
vertex 365.394714355469 158.417098999023 180.260406494141
vertex 368.968152219136 153.977287926216 174.847143814022
endloop
endfacet
facet normal 0.207223300147 -0.684910487080 0.698538566268
outer loop
vertex 360.307586669922 152.769393920898 176.231994628906
vertex 368.683726310211 153.594526360554 174.556225395638
vertex 368.968152219136 153.977287926216 174.847143814022
endloop
endfacet
facet normal 0.175444756644 -0.680293610586 0.711631745190
outer loop
vertex 360.849648722272 144.107579966061 167.590534218409
vertex 363.033653804202 146.550148441130 169.387097532990
vertex 354.235412597656 146.120101928711 171.145095825195
endloop
endfacet
facet normal 0.182432070242 -0.667697831215 0.721732738580
outer loop
vertex 362.961090087891 148.485595703125 171.255203247070
vertex 364.446796486843 148.203662219202 170.618836285530
vertex 365.217030048370 149.149745702744 171.299396499380
endloop
endfacet
facet normal 0.175710078601 -0.680255574036 0.711602643524
outer loop
vertex 363.033653804202 146.550148441130 169.387097532990
vertex 364.332437515259 148.066282272339 170.515745815875
vertex 362.961090087891 148.485595703125 171.255203247070
endloop
endfacet
facet normal 0.175444756644 -0.680293610586 0.711631745190
outer loop
vertex 363.033653804202 146.550148441130 169.387097532990
vertex 362.961090087891 148.485595703125 171.255203247070
vertex 354.235412597656 146.120101928711 171.145095825195
endloop
endfacet
facet normal 0.144757808550 -0.716427032879 0.682478925260
outer loop
vertex 356.167375738820 139.510553480668 163.796992098912
vertex 356.422534424730 139.751878920535 163.996200970578
vertex 351.615814208984 140.675506591797 165.985305786133
endloop
endfacet
facet normal 0.144757808550 -0.716427032879 0.682478925260
outer loop
vertex 356.422534424730 139.751878920535 163.996200970578
vertex 354.235412597656 146.120101928711 171.145095825195
vertex 351.615814208984 140.675506591797 165.985305786133
endloop
endfacet
facet normal 0.124521295418 -0.728164932245 0.673995755503
outer loop
vertex 351.658999582918 135.578195804866 160.374283420689
vertex 355.757504537495 139.147042188856 163.472756403824
vertex 349.869110107422 137.120193481445 162.370895385742
endloop
endfacet
facet normal 0.129854947950 -0.737527522757 0.662714754377
outer loop
vertex 349.869110107422 137.120193481445 162.370895385742
vertex 356.167375738820 139.510553480668 163.796992098912
vertex 351.615814208984 140.675506591797 165.985305786133
endloop
endfacet
facet normal 0.014790715457 -0.739573849494 0.672912888776
outer loop
vertex 342.268798828125 129.244003295898 154.312500000000
vertex 336.867706298828 126.931198120117 151.889297485352
vertex 342.589156925495 128.937895900543 153.969027086850
endloop
endfacet
facet normal 0.094237172683 -0.745276397919 0.660062456128
outer loop
vertex 351.658999582918 135.578195804866 160.374283420689
vertex 349.869110107422 137.120193481445 162.370895385742
vertex 345.562805175781 133.244705200195 158.609893798828
endloop
endfacet
facet normal 0.094237172683 -0.745276397919 0.660062456128
outer loop
vertex 349.865588494075 134.167310242537 159.037298244354
vertex 351.658999582918 135.578195804866 160.374283420689
vertex 345.562805175781 133.244705200195 158.609893798828
endloop
endfacet
facet normal 0.092265413269 -0.739304085417 0.667020661449
outer loop
vertex 349.865588494075 134.167310242537 159.037298244354
vertex 345.562805175781 133.244705200195 158.609893798828
vertex 346.501951399125 131.605331988169 156.662958564811
endloop
endfacet
facet normal 0.038469474000 -0.727904635799 0.684598379163
outer loop
vertex 343.741482179127 129.718376710090 154.734127135256
vertex 342.268798828125 129.244003295898 154.312500000000
vertex 342.589156925495 128.937895900543 153.969027086850
endloop
endfacet
facet normal 0.014790715457 -0.739573849494 0.672912888776
outer loop
vertex 342.589156925495 128.937895900543 153.969027086850
vertex 336.867706298828 126.931198120117 151.889297485352
vertex 339.170400128404 126.811518191039 151.707148150545
endloop
endfacet
facet normal 0.013554835430 -0.748411653638 0.663095968269
outer loop
vertex 336.867706298828 126.931198120117 151.889297485352
vertex 337.810487057413 126.011566460611 150.832071499061
vertex 339.170400128404 126.811518191039 151.707148150545
endloop
endfacet
facet normal -0.013202649806 -0.760200544457 0.649554325861
outer loop
vertex 335.864602707077 124.968920558137 149.572373347499
vertex 336.867706298828 126.931198120117 151.889297485352
vertex 329.988311767578 123.774200439453 148.054702758789
endloop
endfacet
facet normal -0.032009208228 -0.769150163803 0.638265960326
outer loop
vertex 324.663787841797 120.775703430176 144.174301147461
vertex 329.906487909822 122.042291548995 145.963541383042
vertex 329.988311767578 123.774200439453 148.054702758789
endloop
endfacet
facet normal -0.032009208228 -0.769150163803 0.638265960326
outer loop
vertex 324.663787841797 120.775703430176 144.174301147461
vertex 325.518844013349 120.190440682525 143.511904445364
vertex 329.906487909822 122.042291548995 145.963541383042
endloop
endfacet
facet normal -0.030681832375 -0.769207767430 0.638261729769
outer loop
vertex 329.906487909822 122.042291548995 145.963541383042
vertex 331.346245104002 122.692132443799 146.815914363271
vertex 329.988311767578 123.774200439453 148.054702758789
endloop
endfacet
facet normal -0.033954192820 -0.797923439345 0.601801709647
outer loop
vertex 313.902313232422 116.699798583984 138.322799682617
vertex 314.172503544228 116.557504239741 138.149377279623
vertex 319.527740799311 118.085253158013 140.477153035696
endloop
endfacet
facet normal -0.053620533712 -0.811312913525 0.582147914805
outer loop
vertex 313.902313232422 116.699798583984 138.322799682617
vertex 313.642373699004 116.439243580993 137.935733561800
vertex 314.172503544228 116.557504239741 138.149377279623
endloop
endfacet
facet normal -0.063083234045 -0.782625674153 0.619287945740
outer loop
vertex 323.590086628876 119.505878317950 142.460186918816
vertex 324.766665480810 119.917068783019 143.099680415730
vertex 324.663787841797 120.775703430176 144.174301147461
endloop
endfacet
facet normal -0.013722817028 -0.799326026199 0.600740866042
outer loop
vertex 320.091888427734 122.136199951172 145.880096435547
vertex 319.527740799311 118.085253158013 140.477153035696
vertex 323.590086628876 119.505878317950 142.460186918816
endloop
endfacet
facet normal -0.018388296795 -0.823653898968 0.566794605881
outer loop
vertex 309.554412841797 116.936698913574 138.526000976563
vertex 313.642373699004 116.439243580993 137.935733561800
vertex 313.902313232422 116.699798583984 138.322799682617
endloop
endfacet
facet normal -0.020114743725 -0.823891500176 0.566390495173
outer loop
vertex 310.166465649160 115.645911855996 136.670113194425
vertex 309.554412841797 116.936698913574 138.526000976563
vertex 308.643788099289 115.340796338654 136.172205209732
endloop
endfacet
endsolid WRAP
